date,season,home,away,fthg,ftag,ftr,hs,as_,hst,ast,odds_h,odds_d,odds_a,max_h,max_d,max_a
2005-08-13,2005,Aston Villa,Bolton,2.0,2.0,D,3.0,13.0,2.0,6.0,2.2,3.16,3.05,2.4,3.3,3.4
2005-08-13,2005,Everton,Man United,0.0,2.0,A,10.0,12.0,5.0,5.0,4.69,3.36,1.69,5.65,3.7,1.8
2005-08-13,2005,Fulham,Birmingham,0.0,0.0,D,15.0,7.0,7.0,4.0,2.31,3.16,2.87,2.6,3.3,3.05
2005-08-13,2005,Man City,West Brom,0.0,0.0,D,15.0,13.0,8.0,3.0,1.69,3.38,4.79,1.8,3.63,5.6
2005-08-13,2005,Middlesbrough,Liverpool,0.0,0.0,D,4.0,16.0,2.0,7.0,2.81,3.17,2.35,3.3,3.35,2.5
2005-08-13,2005,Portsmouth,Tottenham,0.0,2.0,A,11.0,11.0,7.0,6.0,2.79,3.18,2.35,3.25,3.3,2.5
2005-08-13,2005,Sunderland,Charlton,1.0,3.0,A,12.0,14.0,8.0,4.0,2.33,3.17,2.82,2.6,3.35,3.05
2005-08-13,2005,West Ham,Blackburn,3.0,1.0,H,13.0,11.0,5.0,5.0,2.4,3.16,2.74,2.6,3.35,2.9
2005-08-14,2005,Arsenal,Newcastle,2.0,0.0,H,15.0,2.0,12.0,1.0,1.42,3.91,7.36,1.5,4.45,8.73
2005-08-14,2005,Wigan,Chelsea,0.0,1.0,A,12.0,20.0,5.0,9.0,9.05,4.32,1.32,12.5,5.0,1.4
2005-08-20,2005,Birmingham,Man City,1.0,2.0,A,9.0,9.0,2.0,6.0,2.11,3.14,3.21,2.25,3.3,3.8
2005-08-20,2005,Blackburn,Fulham,2.0,1.0,H,16.0,8.0,9.0,4.0,1.96,3.18,3.59,2.1,3.3,4.4
2005-08-20,2005,Charlton,Wigan,1.0,0.0,H,21.0,4.0,10.0,0.0,1.74,3.3,4.5,1.83,3.5,5.3
2005-08-20,2005,Liverpool,Sunderland,1.0,0.0,H,15.0,2.0,6.0,0.0,1.27,4.57,10.23,1.33,5.25,16.0
2005-08-20,2005,Man United,Aston Villa,1.0,0.0,H,18.0,3.0,12.0,3.0,1.25,4.79,10.46,1.3,5.6,16.0
2005-08-20,2005,Newcastle,West Ham,0.0,0.0,D,14.0,6.0,6.0,1.0,1.6,3.41,5.35,1.7,3.8,6.5
2005-08-20,2005,Tottenham,Middlesbrough,2.0,0.0,H,18.0,12.0,8.0,3.0,1.86,3.2,3.91,2.0,3.5,4.5
2005-08-20,2005,West Brom,Portsmouth,2.0,1.0,H,6.0,10.0,2.0,2.0,2.11,3.17,3.24,2.2,3.3,3.6
2005-08-21,2005,Bolton,Everton,0.0,1.0,A,16.0,3.0,6.0,1.0,2.09,3.15,3.25,2.2,3.27,3.7
2005-08-21,2005,Chelsea,Arsenal,1.0,0.0,H,9.0,9.0,6.0,3.0,1.91,3.18,3.79,2.15,3.35,4.4
2005-08-23,2005,Birmingham,Middlesbrough,0.0,3.0,A,14.0,8.0,8.0,3.0,2.32,3.14,2.82,2.5,3.3,3.15
2005-08-23,2005,Portsmouth,Aston Villa,1.0,1.0,D,20.0,7.0,11.0,3.0,2.41,3.16,2.68,2.6,3.3,2.9
2005-08-23,2005,Sunderland,Man City,1.0,2.0,A,15.0,12.0,10.0,7.0,2.65,3.17,2.45,3.1,3.4,2.7
2005-08-24,2005,Arsenal,Fulham,4.0,1.0,H,20.0,8.0,14.0,3.0,1.22,5.18,11.3,1.26,6.0,17.0
2005-08-24,2005,Blackburn,Tottenham,0.0,0.0,D,11.0,1.0,7.0,1.0,2.63,3.15,2.46,2.93,3.3,2.75
2005-08-24,2005,Bolton,Newcastle,2.0,0.0,H,14.0,7.0,6.0,4.0,2.16,3.19,3.09,2.35,3.3,3.55
2005-08-24,2005,Chelsea,West Brom,4.0,0.0,H,11.0,0.0,8.0,0.0,1.16,5.9,14.99,1.2,7.0,25.0
2005-08-27,2005,Aston Villa,Blackburn,1.0,0.0,H,10.0,9.0,3.0,2.0,1.95,3.21,3.61,2.1,3.32,4.5
2005-08-27,2005,Fulham,Everton,1.0,0.0,H,9.0,6.0,4.0,2.0,2.44,3.15,2.69,2.7,3.38,3.0
2005-08-27,2005,Man City,Portsmouth,2.0,1.0,H,16.0,7.0,9.0,2.0,1.62,3.39,5.16,1.7,3.65,6.3
2005-08-27,2005,Tottenham,Chelsea,0.0,2.0,A,11.0,13.0,6.0,7.0,4.31,3.24,1.76,5.2,3.5,1.85
2005-08-27,2005,West Brom,Birmingham,2.0,3.0,A,15.0,8.0,8.0,7.0,2.34,3.15,2.84,2.5,3.3,3.2
2005-08-27,2005,West Ham,Bolton,1.0,2.0,A,13.0,10.0,6.0,6.0,2.47,3.17,2.64,2.85,3.3,2.85
2005-08-27,2005,Wigan,Sunderland,1.0,0.0,H,11.0,9.0,5.0,7.0,2.08,3.18,3.28,2.3,3.3,3.75
2005-08-28,2005,Middlesbrough,Charlton,0.0,3.0,A,10.0,12.0,6.0,8.0,1.86,3.23,3.96,2.0,3.4,4.5
2005-08-28,2005,Newcastle,Man United,0.0,2.0,A,9.0,11.0,4.0,5.0,5.1,3.41,1.63,6.71,3.7,1.8
2005-09-10,2005,Birmingham,Charlton,0.0,1.0,A,18.0,8.0,5.0,4.0,2.3,3.16,2.87,2.6,3.3,3.2
2005-09-10,2005,Chelsea,Sunderland,2.0,0.0,H,9.0,2.0,6.0,2.0,1.12,6.73,18.3,1.17,8.0,28.0
2005-09-10,2005,Everton,Portsmouth,0.0,1.0,A,11.0,12.0,6.0,8.0,1.65,3.33,5.12,1.72,3.56,6.0
2005-09-10,2005,Man United,Man City,1.0,1.0,D,7.0,5.0,2.0,3.0,1.38,4.01,7.97,1.45,4.5,9.8
2005-09-10,2005,Middlesbrough,Arsenal,2.0,1.0,H,6.0,13.0,5.0,8.0,4.76,3.31,1.7,5.55,3.65,1.83
2005-09-10,2005,Newcastle,Fulham,1.0,1.0,D,15.0,13.0,10.0,8.0,1.61,3.45,5.37,1.7,4.0,6.7
2005-09-10,2005,Tottenham,Liverpool,0.0,0.0,D,10.0,11.0,7.0,6.0,2.46,3.12,2.65,2.7,3.3,2.9
2005-09-10,2005,West Brom,Wigan,1.0,2.0,A,10.0,9.0,5.0,4.0,2.01,3.22,3.54,2.2,3.3,3.9
2005-09-11,2005,Bolton,Blackburn,0.0,0.0,D,12.0,7.0,6.0,3.0,1.89,3.19,3.89,2.0,3.3,4.55
2005-09-12,2005,West Ham,Aston Villa,4.0,0.0,H,14.0,14.0,9.0,8.0,2.47,3.16,2.67,2.65,3.3,2.85
2005-09-17,2005,Aston Villa,Tottenham,1.0,1.0,D,13.0,13.0,6.0,7.0,2.53,3.16,2.57,2.9,3.3,2.85
2005-09-17,2005,Charlton,Chelsea,0.0,2.0,A,11.0,16.0,4.0,11.0,6.18,3.49,1.53,7.5,3.75,1.61
2005-09-17,2005,Fulham,West Ham,1.0,2.0,A,9.0,10.0,6.0,3.0,2.08,3.19,3.28,2.25,3.4,3.75
2005-09-17,2005,Portsmouth,Birmingham,1.0,1.0,D,14.0,3.0,9.0,2.0,2.27,3.16,2.93,2.45,3.3,3.25
2005-09-17,2005,Sunderland,West Brom,1.0,1.0,D,11.0,13.0,6.0,6.0,2.31,3.16,2.87,2.45,3.3,3.3
2005-09-18,2005,Blackburn,Newcastle,0.0,3.0,A,17.0,4.0,10.0,3.0,2.33,3.17,2.82,2.5,3.3,3.1
2005-09-18,2005,Liverpool,Man United,0.0,0.0,D,9.0,4.0,3.0,1.0,2.67,3.14,2.46,2.9,3.3,2.75
2005-09-18,2005,Man City,Bolton,0.0,1.0,A,17.0,5.0,8.0,1.0,2.03,3.2,3.41,2.2,3.4,3.85
2005-09-18,2005,Wigan,Middlesbrough,1.0,1.0,D,11.0,10.0,4.0,3.0,2.7,3.18,2.45,2.9,3.3,2.63
2005-09-19,2005,Arsenal,Everton,2.0,0.0,H,11.0,4.0,4.0,2.0,1.35,4.13,8.58,1.4,4.6,12.0
2005-09-24,2005,Birmingham,Liverpool,2.0,2.0,D,4.0,14.0,4.0,6.0,3.39,3.13,2.06,4.02,3.3,2.2
2005-09-24,2005,Bolton,Portsmouth,1.0,0.0,H,11.0,6.0,2.0,4.0,1.69,3.3,4.84,1.8,3.5,5.75
2005-09-24,2005,Chelsea,Aston Villa,2.0,1.0,H,18.0,3.0,6.0,2.0,1.2,5.31,12.75,1.27,6.16,19.0
2005-09-24,2005,Everton,Wigan,0.0,1.0,A,14.0,11.0,7.0,3.0,1.82,3.21,4.15,1.93,3.4,4.6
2005-09-24,2005,Man United,Blackburn,1.0,2.0,A,27.0,10.0,8.0,10.0,1.26,4.7,10.65,1.33,5.33,14.0
2005-09-24,2005,Newcastle,Man City,1.0,0.0,H,8.0,8.0,6.0,4.0,2.03,3.19,3.42,2.15,3.35,4.0
2005-09-24,2005,West Brom,Charlton,1.0,2.0,A,18.0,8.0,10.0,4.0,2.72,3.17,2.4,3.1,3.5,2.6
2005-09-24,2005,West Ham,Arsenal,0.0,0.0,D,6.0,8.0,0.0,2.0,4.74,3.34,1.69,5.5,3.55,1.8
2005-09-25,2005,Middlesbrough,Sunderland,0.0,2.0,A,20.0,4.0,11.0,2.0,1.53,3.49,6.18,1.62,3.8,7.5
2005-09-26,2005,Tottenham,Fulham,1.0,0.0,H,9.0,8.0,4.0,5.0,1.59,3.44,5.56,1.65,3.6,6.85
2005-10-01,2005,Blackburn,West Brom,2.0,0.0,H,20.0,6.0,11.0,3.0,1.78,3.27,4.36,1.87,3.4,5.0
2005-10-01,2005,Charlton,Tottenham,2.0,3.0,A,9.0,13.0,4.0,7.0,2.39,3.13,2.76,2.6,3.3,3.0
2005-10-01,2005,Fulham,Man United,2.0,3.0,A,11.0,11.0,6.0,7.0,5.12,3.4,1.63,6.1,3.7,1.71
2005-10-01,2005,Portsmouth,Newcastle,0.0,0.0,D,10.0,6.0,6.0,3.0,2.79,3.17,2.34,3.25,3.5,2.5
2005-10-01,2005,Sunderland,West Ham,1.0,1.0,D,16.0,6.0,8.0,3.0,2.44,3.16,2.68,2.68,3.35,2.88
2005-10-02,2005,Arsenal,Birmingham,1.0,0.0,H,16.0,2.0,13.0,2.0,1.31,4.34,8.87,1.36,4.85,11.0
2005-10-02,2005,Aston Villa,Middlesbrough,2.0,3.0,A,13.0,13.0,6.0,10.0,2.11,3.15,3.2,2.25,3.3,3.65
2005-10-02,2005,Liverpool,Chelsea,1.0,4.0,A,11.0,7.0,5.0,5.0,3.26,2.98,2.17,3.7,3.2,2.33
2005-10-02,2005,Man City,Everton,2.0,0.0,H,14.0,5.0,5.0,4.0,1.8,3.25,4.26,1.91,3.4,5.0
2005-10-02,2005,Wigan,Bolton,2.0,1.0,H,16.0,13.0,9.0,4.0,2.62,3.12,2.51,2.9,3.3,2.75
2005-10-15,2005,Chelsea,Bolton,5.0,1.0,H,17.0,4.0,8.0,2.0,1.25,4.85,10.97,1.31,5.5,13.5
2005-10-15,2005,Liverpool,Blackburn,1.0,0.0,H,19.0,4.0,5.0,1.0,1.61,3.38,5.55,1.72,3.6,6.6
2005-10-15,2005,Middlesbrough,Portsmouth,1.0,1.0,D,14.0,9.0,7.0,4.0,1.68,3.34,4.97,1.75,3.65,5.7
2005-10-15,2005,Sunderland,Man United,1.0,3.0,A,11.0,15.0,6.0,9.0,7.07,3.68,1.46,9.0,4.1,1.55
2005-10-15,2005,Tottenham,Everton,2.0,0.0,H,7.0,8.0,5.0,4.0,1.59,3.42,5.53,1.65,3.69,6.5
2005-10-15,2005,West Brom,Arsenal,2.0,1.0,H,5.0,14.0,4.0,10.0,5.85,3.52,1.56,6.5,3.75,1.66
2005-10-15,2005,Wigan,Newcastle,1.0,0.0,H,12.0,11.0,6.0,7.0,2.65,3.14,2.48,2.9,3.3,2.75
2005-10-16,2005,Birmingham,Aston Villa,0.0,1.0,A,8.0,4.0,5.0,1.0,2.33,3.06,2.93,2.5,3.3,3.25
2005-10-16,2005,Man City,West Ham,2.0,1.0,H,22.0,6.0,17.0,3.0,1.88,3.19,3.95,2.03,3.4,4.4
2005-10-17,2005,Charlton,Fulham,1.0,1.0,D,14.0,13.0,3.0,1.0,1.74,3.28,4.51,1.91,3.53,5.4
2005-10-22,2005,Arsenal,Man City,1.0,0.0,H,4.0,7.0,2.0,4.0,1.46,3.64,7.09,1.55,4.0,8.5
2005-10-22,2005,Aston Villa,Wigan,0.0,2.0,A,16.0,6.0,5.0,6.0,1.94,3.18,3.72,2.1,3.3,4.25
2005-10-22,2005,Blackburn,Birmingham,2.0,0.0,H,11.0,3.0,5.0,2.0,2.02,3.15,3.5,2.2,3.3,3.9
2005-10-22,2005,Fulham,Liverpool,2.0,0.0,H,6.0,14.0,3.0,6.0,3.39,3.14,2.05,4.0,3.3,2.2
2005-10-22,2005,Man United,Tottenham,1.0,1.0,D,13.0,9.0,9.0,7.0,1.54,3.48,6.06,1.66,3.74,7.2
2005-10-22,2005,Portsmouth,Charlton,1.0,2.0,A,15.0,11.0,6.0,7.0,2.62,3.15,2.51,2.92,3.3,2.7
2005-10-23,2005,Bolton,West Brom,2.0,0.0,H,19.0,2.0,12.0,1.0,1.74,3.27,4.66,1.9,3.45,5.5
2005-10-23,2005,Everton,Chelsea,1.0,1.0,D,4.0,24.0,4.0,12.0,8.53,4.16,1.34,10.5,4.65,1.41
2005-10-23,2005,Newcastle,Sunderland,3.0,2.0,H,12.0,10.0,9.0,5.0,1.61,3.36,5.57,1.72,3.6,6.6
2005-10-23,2005,West Ham,Middlesbrough,2.0,1.0,H,15.0,19.0,8.0,9.0,2.31,3.17,2.85,2.49,3.3,3.05
2005-10-29,2005,Birmingham,Everton,0.0,1.0,A,18.0,11.0,8.0,6.0,2.24,3.14,3.03,2.41,3.3,3.35
2005-10-29,2005,Charlton,Bolton,0.0,1.0,A,7.0,11.0,4.0,7.0,2.11,3.17,3.28,2.28,3.3,3.6
2005-10-29,2005,Chelsea,Blackburn,4.0,2.0,H,19.0,6.0,10.0,4.0,1.2,5.37,12.68,1.27,6.0,15.0
2005-10-29,2005,Liverpool,West Ham,2.0,0.0,H,17.0,4.0,9.0,2.0,1.57,3.41,5.95,1.67,3.75,7.0
2005-10-29,2005,Middlesbrough,Man United,4.0,1.0,H,7.0,13.0,4.0,8.0,4.34,3.24,1.78,5.0,3.45,1.87
2005-10-29,2005,Sunderland,Portsmouth,1.0,4.0,A,5.0,5.0,2.0,5.0,2.25,3.16,3.0,2.4,3.3,3.4
2005-10-29,2005,Tottenham,Arsenal,1.0,1.0,D,11.0,10.0,3.0,7.0,2.67,3.08,2.51,2.95,3.25,2.8
2005-10-29,2005,Wigan,Fulham,1.0,0.0,H,12.0,7.0,6.0,1.0,2.08,3.14,3.35,2.32,3.25,3.75
2005-10-30,2005,West Brom,Newcastle,0.0,3.0,A,8.0,11.0,4.0,8.0,2.83,3.14,2.37,3.11,3.25,2.5
2005-10-31,2005,Man City,Aston Villa,3.0,1.0,H,13.0,11.0,5.0,5.0,1.81,3.24,4.23,1.91,3.4,4.75
2005-11-05,2005,Arsenal,Sunderland,3.0,1.0,H,12.0,1.0,9.0,1.0,1.2,5.52,12.1,1.25,7.0,17.0
2005-11-05,2005,Aston Villa,Liverpool,0.0,2.0,A,6.0,10.0,2.0,6.0,3.07,3.13,2.2,3.6,3.25,2.3
2005-11-05,2005,Blackburn,Charlton,4.0,1.0,H,9.0,10.0,3.0,9.0,2.31,3.15,2.87,2.45,3.3,3.45
2005-11-05,2005,Fulham,Man City,2.0,1.0,H,9.0,4.0,5.0,2.0,2.43,3.14,2.7,2.65,3.3,2.9
2005-11-05,2005,Newcastle,Birmingham,1.0,0.0,H,10.0,9.0,5.0,3.0,1.57,3.46,5.76,1.62,3.84,7.0
2005-11-05,2005,Portsmouth,Wigan,0.0,2.0,A,7.0,7.0,4.0,5.0,2.31,3.14,2.89,2.49,3.3,3.27
2005-11-05,2005,West Ham,West Brom,1.0,0.0,H,10.0,10.0,6.0,6.0,1.81,3.24,4.15,1.9,3.3,4.5
2005-11-06,2005,Everton,Middlesbrough,1.0,0.0,H,12.0,17.0,8.0,9.0,2.41,3.14,2.75,2.55,3.3,3.1
2005-11-06,2005,Man United,Chelsea,1.0,0.0,H,10.0,21.0,5.0,11.0,3.04,3.09,2.25,3.5,3.25,2.35
2005-11-07,2005,Bolton,Tottenham,1.0,0.0,H,9.0,9.0,8.0,7.0,2.43,3.11,2.76,2.55,3.25,2.95
2005-11-19,2005,Charlton,Man United,1.0,3.0,A,18.0,13.0,11.0,7.0,4.07,3.23,1.85,4.6,3.4,2.0
2005-11-19,2005,Chelsea,Newcastle,3.0,0.0,H,12.0,3.0,4.0,2.0,1.33,4.3,8.88,1.39,4.85,11.0
2005-11-19,2005,Liverpool,Portsmouth,3.0,0.0,H,15.0,7.0,11.0,5.0,1.4,3.87,7.77,1.45,4.37,9.5
2005-11-19,2005,Man City,Blackburn,0.0,0.0,D,12.0,5.0,4.0,4.0,1.95,3.18,3.69,2.1,3.3,4.15
2005-11-19,2005,Sunderland,Aston Villa,1.0,3.0,A,8.0,16.0,6.0,11.0,2.55,3.15,2.58,2.8,3.35,2.8
2005-11-19,2005,West Brom,Everton,4.0,0.0,H,11.0,11.0,8.0,6.0,2.49,3.11,2.67,2.75,3.28,2.87
2005-11-19,2005,Wigan,Arsenal,2.0,3.0,A,11.0,13.0,5.0,8.0,4.3,3.24,1.79,5.2,3.52,1.9
2005-11-20,2005,Middlesbrough,Fulham,3.0,2.0,H,20.0,9.0,11.0,6.0,1.82,3.22,4.17,1.9,3.46,4.8
2005-11-20,2005,Tottenham,West Ham,1.0,1.0,D,15.0,8.0,8.0,4.0,1.67,3.32,5.02,1.77,3.52,6.0
2005-11-26,2005,Arsenal,Blackburn,3.0,0.0,H,13.0,15.0,10.0,9.0,1.32,4.34,9.03,1.38,4.78,12.0
2005-11-26,2005,Aston Villa,Charlton,1.0,0.0,H,16.0,5.0,10.0,3.0,2.22,3.17,3.01,2.35,3.3,3.5
2005-11-26,2005,Man City,Liverpool,0.0,1.0,A,3.0,8.0,1.0,6.0,2.69,3.12,2.45,2.97,3.7,2.55
2005-11-26,2005,Portsmouth,Chelsea,0.0,2.0,A,6.0,12.0,2.0,6.0,9.16,4.36,1.32,12.0,5.0,1.38
2005-11-26,2005,Sunderland,Birmingham,0.0,1.0,A,4.0,10.0,3.0,7.0,2.51,3.15,2.64,2.7,3.3,2.9
2005-11-26,2005,Wigan,Tottenham,1.0,2.0,A,11.0,7.0,3.0,5.0,2.57,3.13,2.57,2.8,3.25,2.85
2005-11-27,2005,Everton,Newcastle,1.0,0.0,H,14.0,16.0,9.0,10.0,2.51,3.15,2.62,2.65,3.3,2.9
2005-11-27,2005,Fulham,Bolton,2.0,1.0,H,10.0,5.0,7.0,3.0,2.43,3.16,2.74,2.6,3.3,2.93
2005-11-27,2005,Middlesbrough,West Brom,2.0,2.0,D,13.0,9.0,8.0,6.0,1.69,3.35,4.88,1.77,3.52,5.5
2005-11-27,2005,West Ham,Man United,1.0,2.0,A,10.0,16.0,3.0,10.0,4.67,3.34,1.71,5.2,3.5,1.8
2005-11-30,2005,Sunderland,Liverpool,0.0,2.0,A,8.0,15.0,4.0,11.0,6.54,3.63,1.48,8.2,4.1,1.57
2005-12-03,2005,Blackburn,Everton,0.0,2.0,A,15.0,8.0,7.0,5.0,1.95,3.19,3.66,2.1,3.3,4.1
2005-12-03,2005,Bolton,Arsenal,2.0,0.0,H,10.0,8.0,9.0,3.0,4.21,3.23,1.81,5.0,3.45,1.92
2005-12-03,2005,Chelsea,Middlesbrough,1.0,0.0,H,17.0,10.0,9.0,5.0,1.25,4.91,10.87,1.29,6.04,15.0
2005-12-03,2005,Liverpool,Wigan,3.0,0.0,H,16.0,10.0,12.0,6.0,1.49,3.58,6.66,1.57,4.1,8.2
2005-12-03,2005,Man United,Portsmouth,3.0,0.0,H,19.0,8.0,12.0,4.0,1.21,5.29,12.02,1.27,6.2,17.6
2005-12-03,2005,Newcastle,Aston Villa,1.0,1.0,D,8.0,9.0,2.0,6.0,1.8,3.24,4.29,1.95,3.45,5.0
2005-12-03,2005,Tottenham,Sunderland,3.0,2.0,H,14.0,5.0,8.0,2.0,1.32,4.31,9.33,1.38,4.9,12.38
2005-12-03,2005,West Brom,Fulham,0.0,0.0,D,5.0,8.0,4.0,1.0,2.34,3.16,2.83,2.5,3.3,3.1
2005-12-04,2005,Charlton,Man City,2.0,5.0,A,10.0,17.0,4.0,9.0,2.31,3.16,2.88,2.5,3.3,3.1
2005-12-05,2005,Birmingham,West Ham,1.0,2.0,A,14.0,10.0,6.0,4.0,2.25,3.16,2.96,2.4,3.25,3.45
2005-12-10,2005,Birmingham,Fulham,1.0,0.0,H,11.0,7.0,7.0,3.0,2.26,3.15,2.95,2.35,3.25,3.25
2005-12-10,2005,Blackburn,West Ham,3.0,2.0,H,14.0,6.0,5.0,3.0,1.99,3.18,3.55,2.15,3.3,4.1
2005-12-10,2005,Bolton,Aston Villa,1.0,1.0,D,13.0,6.0,7.0,3.0,1.8,3.22,4.27,1.9,3.4,5.0
2005-12-10,2005,Charlton,Sunderland,2.0,0.0,H,14.0,14.0,8.0,6.0,1.62,3.4,5.37,1.7,3.8,6.35
2005-12-10,2005,Chelsea,Wigan,1.0,0.0,H,11.0,4.0,8.0,1.0,1.18,5.54,13.72,1.22,6.7,18.5
2005-12-10,2005,Liverpool,Middlesbrough,2.0,0.0,H,23.0,6.0,13.0,3.0,1.53,3.49,6.23,1.6,3.8,7.5
2005-12-10,2005,Newcastle,Arsenal,1.0,0.0,H,8.0,6.0,4.0,3.0,3.81,3.22,1.89,4.5,3.45,2.0
2005-12-10,2005,West Brom,Man City,2.0,0.0,H,11.0,8.0,4.0,2.0,2.79,3.16,2.34,3.28,3.45,2.5
2005-12-11,2005,Man United,Everton,1.0,1.0,D,21.0,7.0,12.0,5.0,1.29,4.41,9.95,1.35,5.05,12.0
2005-12-12,2005,Tottenham,Portsmouth,3.0,1.0,H,16.0,8.0,9.0,5.0,1.4,3.89,7.78,1.47,4.35,9.4
2005-12-14,2005,Everton,West Ham,1.0,2.0,A,12.0,7.0,3.0,2.0,2.0,3.17,3.49,2.14,3.4,3.9
2005-12-14,2005,Man United,Wigan,4.0,0.0,H,12.0,15.0,9.0,7.0,1.29,4.52,9.38,1.39,5.5,11.0
2005-12-17,2005,Aston Villa,Man United,0.0,2.0,A,11.0,17.0,7.0,10.0,5.04,3.36,1.65,7.1,3.95,1.75
2005-12-17,2005,Everton,Bolton,0.0,4.0,A,13.0,7.0,10.0,5.0,2.31,3.16,2.86,2.55,3.25,3.1
2005-12-17,2005,Fulham,Blackburn,2.0,1.0,H,8.0,10.0,5.0,4.0,2.2,3.16,3.05,2.3,3.3,3.42
2005-12-17,2005,Man City,Birmingham,4.0,1.0,H,17.0,6.0,9.0,2.0,1.78,3.24,4.37,1.92,3.45,5.0
2005-12-17,2005,Portsmouth,West Brom,1.0,0.0,H,5.0,4.0,4.0,2.0,2.14,3.16,3.19,2.25,3.3,3.8
2005-12-17,2005,West Ham,Newcastle,2.0,4.0,A,11.0,10.0,7.0,7.0,2.43,3.15,2.69,2.62,3.3,3.06
2005-12-17,2005,Wigan,Charlton,3.0,0.0,H,18.0,5.0,12.0,2.0,2.21,3.17,3.03,2.35,3.33,3.3
2005-12-18,2005,Arsenal,Chelsea,0.0,2.0,A,7.0,11.0,5.0,8.0,2.86,3.06,2.39,3.2,3.25,2.66
2005-12-18,2005,Middlesbrough,Tottenham,3.0,3.0,D,11.0,8.0,8.0,5.0,2.45,3.14,2.7,2.85,3.25,2.9
2005-12-26,2005,Aston Villa,Everton,4.0,0.0,H,12.0,10.0,7.0,5.0,2.13,3.17,3.3,2.25,3.26,3.6
2005-12-26,2005,Charlton,Arsenal,0.0,1.0,A,8.0,18.0,0.0,11.0,5.01,3.41,1.68,5.75,3.7,1.75
2005-12-26,2005,Chelsea,Fulham,3.0,2.0,H,15.0,9.0,11.0,4.0,1.18,5.84,15.03,1.21,7.29,19.72
2005-12-26,2005,Liverpool,Newcastle,2.0,0.0,H,21.0,2.0,11.0,2.0,1.6,3.48,5.62,1.67,3.7,6.3
2005-12-26,2005,Man United,West Brom,3.0,0.0,H,17.0,5.0,9.0,3.0,1.2,5.63,13.74,1.24,7.31,19.0
2005-12-26,2005,Middlesbrough,Blackburn,0.0,2.0,A,8.0,7.0,5.0,4.0,1.99,3.21,3.65,2.15,3.31,4.06
2005-12-26,2005,Portsmouth,West Ham,1.0,1.0,D,11.0,14.0,9.0,4.0,2.34,3.2,2.87,2.45,3.31,3.05
2005-12-26,2005,Sunderland,Bolton,0.0,0.0,D,11.0,8.0,7.0,1.0,4.08,3.29,1.85,4.75,3.51,1.93
2005-12-26,2005,Tottenham,Birmingham,2.0,0.0,H,9.0,7.0,4.0,4.0,1.44,3.8,7.63,1.5,4.15,9.0
2005-12-26,2005,Wigan,Man City,4.0,3.0,H,10.0,21.0,5.0,14.0,2.38,3.19,2.81,2.5,3.31,2.99
2005-12-28,2005,Arsenal,Portsmouth,4.0,0.0,H,6.0,6.0,4.0,4.0,1.23,5.29,11.98,1.27,6.26,16.68
2005-12-28,2005,Birmingham,Man United,2.0,2.0,D,11.0,11.0,5.0,5.0,7.53,3.98,1.42,9.19,4.35,1.5
2005-12-28,2005,Everton,Liverpool,1.0,3.0,A,10.0,12.0,6.0,5.0,4.74,3.31,1.75,5.5,3.45,2.0
2005-12-28,2005,Fulham,Aston Villa,3.0,3.0,D,6.0,9.0,3.0,4.0,2.09,3.21,3.37,2.2,3.5,3.6
2005-12-28,2005,Man City,Chelsea,0.0,1.0,A,5.0,11.0,2.0,4.0,6.01,3.62,1.55,7.3,4.0,1.6
2005-12-28,2005,West Brom,Tottenham,2.0,0.0,H,6.0,7.0,5.0,7.0,3.37,3.24,2.07,3.82,3.4,2.18
2005-12-28,2005,West Ham,Wigan,0.0,2.0,A,4.0,8.0,1.0,4.0,2.19,3.21,3.15,2.35,3.5,3.4
2005-12-31,2005,Aston Villa,Arsenal,0.0,0.0,D,11.0,10.0,5.0,3.0,5.28,3.46,1.63,6.12,3.67,1.71
2005-12-31,2005,Charlton,West Ham,2.0,0.0,H,14.0,8.0,7.0,3.0,2.2,3.19,3.12,2.3,3.31,3.51
2005-12-31,2005,Chelsea,Birmingham,2.0,0.0,H,12.0,9.0,8.0,3.0,1.15,6.52,16.19,1.2,8.0,26.33
2005-12-31,2005,Liverpool,West Brom,1.0,0.0,H,27.0,4.0,13.0,0.0,1.22,5.34,12.62,1.25,6.46,18.33
2005-12-31,2005,Man United,Bolton,4.0,1.0,H,18.0,4.0,9.0,2.0,1.39,4.06,7.85,1.45,4.5,9.0
2005-12-31,2005,Middlesbrough,Man City,0.0,0.0,D,12.0,8.0,4.0,3.0,2.23,3.21,3.03,2.3,3.3,3.45
2005-12-31,2005,Portsmouth,Fulham,1.0,0.0,H,17.0,9.0,7.0,4.0,2.3,3.19,2.92,2.42,3.31,3.2
2005-12-31,2005,Sunderland,Everton,0.0,1.0,A,13.0,9.0,6.0,5.0,2.57,3.18,2.59,2.75,3.25,2.9
2005-12-31,2005,Tottenham,Newcastle,2.0,0.0,H,13.0,9.0,3.0,4.0,1.9,3.23,3.92,2.05,3.4,4.35
2005-12-31,2005,Wigan,Blackburn,0.0,3.0,A,9.0,13.0,4.0,7.0,2.16,3.19,3.21,2.35,3.31,3.51
2006-01-02,2005,Birmingham,Wigan,2.0,0.0,H,8.0,6.0,4.0,2.0,2.42,3.18,2.77,2.55,3.3,3.1
2006-01-02,2005,Blackburn,Portsmouth,2.0,1.0,H,12.0,8.0,7.0,4.0,1.66,3.41,5.17,1.71,3.6,6.03
2006-01-02,2005,Bolton,Liverpool,2.0,2.0,D,12.0,15.0,7.0,7.0,3.59,3.21,2.0,4.17,3.35,2.1
2006-01-02,2005,Everton,Charlton,3.0,1.0,H,13.0,11.0,6.0,4.0,2.28,3.2,2.96,2.4,3.3,3.21
2006-01-02,2005,Fulham,Sunderland,2.0,1.0,H,12.0,10.0,9.0,7.0,1.56,3.54,6.05,1.62,3.85,6.98
2006-01-02,2005,Newcastle,Middlesbrough,2.0,2.0,D,10.0,8.0,5.0,3.0,2.06,3.17,3.5,2.21,3.26,3.9
2006-01-02,2005,West Brom,Aston Villa,1.0,2.0,A,9.0,13.0,5.0,7.0,2.45,3.15,2.75,2.61,3.3,3.02
2006-01-02,2005,West Ham,Chelsea,1.0,3.0,A,6.0,17.0,3.0,10.0,8.51,4.16,1.37,10.88,4.55,1.42
2006-01-03,2005,Arsenal,Man United,0.0,0.0,D,8.0,16.0,5.0,6.0,2.51,3.14,2.7,2.7,3.25,2.85
2006-01-04,2005,Man City,Tottenham,0.0,2.0,A,13.0,8.0,3.0,2.0,2.41,3.17,2.77,2.5,3.3,3.12
2006-01-14,2005,Arsenal,Middlesbrough,7.0,0.0,H,24.0,5.0,17.0,2.0,1.32,4.48,8.89,1.39,5.2,10.5
2006-01-14,2005,Aston Villa,West Ham,1.0,2.0,A,14.0,10.0,8.0,7.0,1.92,3.26,3.84,2.02,3.49,4.21
2006-01-14,2005,Blackburn,Bolton,0.0,0.0,D,18.0,3.0,3.0,1.0,2.12,3.2,3.27,2.25,3.26,3.85
2006-01-14,2005,Charlton,Birmingham,2.0,0.0,H,11.0,14.0,4.0,5.0,2.03,3.22,3.55,2.26,3.31,4.0
2006-01-14,2005,Fulham,Newcastle,1.0,0.0,H,12.0,6.0,5.0,4.0,2.24,3.23,3.01,2.35,3.36,3.33
2006-01-14,2005,Liverpool,Tottenham,1.0,0.0,H,16.0,6.0,12.0,2.0,1.64,3.4,5.45,1.7,3.64,6.46
2006-01-14,2005,Man City,Man United,3.0,1.0,H,12.0,13.0,7.0,4.0,4.56,3.3,1.78,5.5,3.55,1.86
2006-01-14,2005,Portsmouth,Everton,0.0,1.0,A,14.0,9.0,8.0,3.0,2.24,3.2,3.05,2.35,3.3,3.25
2006-01-15,2005,Sunderland,Chelsea,1.0,2.0,A,10.0,21.0,7.0,13.0,14.22,5.5,1.2,19.0,6.4,1.24
2006-01-15,2005,Wigan,West Brom,0.0,1.0,A,27.0,7.0,12.0,6.0,1.85,3.25,4.21,2.08,3.32,4.6
2006-01-21,2005,Birmingham,Portsmouth,5.0,0.0,H,9.0,10.0,6.0,4.0,2.04,3.21,3.47,2.15,3.31,3.8
2006-01-21,2005,Bolton,Man City,2.0,0.0,H,11.0,9.0,6.0,2.0,2.24,3.17,3.07,2.45,3.31,3.35
2006-01-21,2005,Everton,Arsenal,1.0,0.0,H,9.0,14.0,3.0,5.0,4.98,3.39,1.68,6.0,3.6,1.75
2006-01-21,2005,Middlesbrough,Wigan,2.0,3.0,A,7.0,16.0,4.0,10.0,2.1,3.19,3.3,2.2,3.31,3.8
2006-01-21,2005,Newcastle,Blackburn,0.0,1.0,A,12.0,6.0,3.0,2.0,2.23,3.19,3.06,2.4,3.31,3.41
2006-01-21,2005,Tottenham,Aston Villa,0.0,0.0,D,21.0,4.0,13.0,1.0,1.63,3.43,5.41,1.7,3.7,6.0
2006-01-21,2005,West Brom,Sunderland,0.0,1.0,A,10.0,7.0,5.0,2.0,1.74,3.31,4.71,1.91,3.5,5.2
2006-01-22,2005,Chelsea,Charlton,1.0,1.0,D,12.0,9.0,7.0,5.0,1.17,6.03,15.2,1.2,7.0,20.0
2006-01-22,2005,Man United,Liverpool,1.0,0.0,H,7.0,11.0,4.0,7.0,2.23,3.11,3.13,2.4,3.26,3.35
2006-01-23,2005,West Ham,Fulham,2.0,1.0,H,9.0,12.0,5.0,6.0,2.13,3.19,3.28,2.25,3.4,3.5
2006-01-31,2005,Charlton,West Brom,0.0,0.0,D,12.0,12.0,9.0,6.0,1.82,3.28,4.22,1.91,3.5,4.8
2006-01-31,2005,Fulham,Tottenham,1.0,0.0,H,12.0,7.0,8.0,3.0,2.75,3.16,2.44,2.9,3.26,2.64
2006-01-31,2005,Sunderland,Middlesbrough,0.0,3.0,A,14.0,7.0,7.0,4.0,2.69,3.18,2.48,2.85,3.3,2.65
2006-01-31,2005,Wigan,Everton,1.0,1.0,D,14.0,8.0,6.0,6.0,2.2,3.16,3.16,2.4,3.31,3.35
2006-02-01,2005,Arsenal,West Ham,2.0,3.0,A,16.0,4.0,10.0,4.0,1.36,4.23,8.08,1.42,4.75,8.75
2006-02-01,2005,Aston Villa,Chelsea,1.0,1.0,D,6.0,11.0,2.0,5.0,7.24,3.78,1.45,8.5,4.0,1.5
2006-02-01,2005,Blackburn,Man United,4.0,3.0,H,7.0,12.0,4.0,6.0,4.05,3.24,1.86,4.4,3.46,1.93
2006-02-01,2005,Liverpool,Birmingham,1.0,1.0,D,24.0,3.0,10.0,2.0,1.3,4.54,9.74,1.33,5.25,13.0
2006-02-01,2005,Man City,Newcastle,3.0,0.0,H,14.0,4.0,8.0,1.0,2.0,3.23,3.53,2.1,3.4,3.89
2006-02-01,2005,Portsmouth,Bolton,1.0,1.0,D,13.0,8.0,5.0,2.0,2.73,3.19,2.42,2.85,3.4,2.62
2006-02-04,2005,Birmingham,Arsenal,0.0,2.0,A,13.0,9.0,5.0,6.0,3.57,3.23,1.99,3.91,3.36,2.15
2006-02-04,2005,Bolton,Wigan,1.0,1.0,D,12.0,7.0,9.0,4.0,1.87,3.23,4.03,1.95,3.35,4.7
2006-02-04,2005,Everton,Man City,1.0,0.0,H,10.0,7.0,5.0,3.0,2.2,3.17,3.12,2.4,3.26,3.3
2006-02-04,2005,Man United,Fulham,4.0,2.0,H,21.0,10.0,14.0,7.0,1.28,4.79,10.38,1.32,5.2,13.0
2006-02-04,2005,Middlesbrough,Aston Villa,0.0,4.0,A,9.0,10.0,4.0,5.0,2.24,3.19,3.03,2.35,3.26,3.3
2006-02-04,2005,Newcastle,Portsmouth,2.0,0.0,H,14.0,3.0,10.0,1.0,1.77,3.33,4.41,1.9,3.5,4.88
2006-02-04,2005,West Brom,Blackburn,2.0,0.0,H,9.0,10.0,5.0,4.0,2.71,3.18,2.45,2.94,3.3,2.6
2006-02-04,2005,West Ham,Sunderland,2.0,0.0,H,11.0,7.0,7.0,3.0,1.5,3.67,6.46,1.55,4.2,7.5
2006-02-05,2005,Chelsea,Liverpool,2.0,0.0,H,10.0,12.0,6.0,2.0,1.83,3.08,4.59,2.0,3.21,5.0
2006-02-05,2005,Tottenham,Charlton,3.0,1.0,H,14.0,7.0,10.0,5.0,1.71,3.3,4.88,1.8,3.46,5.5
2006-02-08,2005,Charlton,Liverpool,2.0,0.0,H,6.0,13.0,2.0,5.0,4.51,3.26,1.77,5.0,3.46,1.87
2006-02-11,2005,Arsenal,Bolton,1.0,1.0,D,16.0,5.0,10.0,3.0,1.54,3.64,6.1,1.62,3.8,7.0
2006-02-11,2005,Aston Villa,Newcastle,1.0,2.0,A,13.0,9.0,7.0,6.0,2.12,3.21,3.25,2.29,3.3,3.6
2006-02-11,2005,Everton,Blackburn,1.0,0.0,H,5.0,18.0,2.0,5.0,2.24,3.16,3.07,2.48,3.26,3.31
2006-02-11,2005,Fulham,West Brom,6.0,1.0,H,11.0,11.0,7.0,6.0,1.82,3.27,4.2,1.91,3.4,5.0
2006-02-11,2005,Middlesbrough,Chelsea,3.0,0.0,H,7.0,17.0,6.0,10.0,7.65,4.11,1.39,9.26,4.5,1.44
2006-02-11,2005,Portsmouth,Man United,1.0,3.0,A,15.0,6.0,6.0,4.0,6.2,3.68,1.52,7.0,4.12,1.6
2006-02-11,2005,Wigan,Liverpool,0.0,1.0,A,5.0,7.0,1.0,6.0,3.92,3.23,1.9,4.5,3.31,2.05
2006-02-12,2005,Man City,Charlton,3.0,2.0,H,16.0,12.0,10.0,7.0,1.83,3.29,4.16,1.95,3.47,4.75
2006-02-12,2005,Sunderland,Tottenham,1.0,1.0,D,9.0,10.0,5.0,7.0,5.68,3.53,1.59,6.3,3.8,1.69
2006-02-13,2005,West Ham,Birmingham,3.0,0.0,H,13.0,17.0,8.0,7.0,1.84,3.25,4.15,1.95,3.45,4.5
2006-02-14,2005,Liverpool,Arsenal,1.0,0.0,H,22.0,6.0,9.0,2.0,2.05,3.16,3.53,2.22,3.3,4.05
2006-02-15,2005,Blackburn,Sunderland,2.0,0.0,H,12.0,5.0,6.0,1.0,1.46,3.79,7.26,1.52,4.35,8.5
2006-02-19,2005,Tottenham,Wigan,2.0,2.0,D,10.0,8.0,4.0,5.0,1.67,3.42,5.0,1.75,3.6,6.1
2006-02-22,2005,Newcastle,Charlton,0.0,0.0,D,13.0,7.0,8.0,4.0,1.83,3.26,4.16,1.91,3.5,4.5
2006-02-25,2005,Birmingham,Sunderland,1.0,0.0,H,14.0,8.0,7.0,4.0,1.66,3.44,5.15,1.72,3.76,6.0
2006-02-25,2005,Blackburn,Arsenal,1.0,0.0,H,6.0,10.0,2.0,3.0,3.01,3.22,2.24,3.3,3.35,2.45
2006-02-25,2005,Charlton,Aston Villa,0.0,0.0,D,13.0,11.0,6.0,7.0,2.16,3.19,3.18,2.27,3.3,3.4
2006-02-25,2005,Chelsea,Portsmouth,2.0,0.0,H,17.0,5.0,8.0,1.0,1.15,6.47,15.45,1.2,7.16,18.5
2006-02-25,2005,Newcastle,Everton,2.0,0.0,H,18.0,12.0,10.0,6.0,2.1,3.2,3.34,2.24,3.3,3.8
2006-02-26,2005,Bolton,Fulham,2.0,1.0,H,13.0,10.0,5.0,6.0,1.81,3.26,4.31,1.92,3.41,4.78
2006-02-26,2005,Liverpool,Man City,1.0,0.0,H,20.0,6.0,12.0,3.0,1.55,3.57,6.15,1.61,3.8,7.0
2006-02-26,2005,West Brom,Middlesbrough,0.0,2.0,A,17.0,5.0,9.0,4.0,2.4,3.18,2.77,2.55,3.3,2.95
2006-03-04,2005,Aston Villa,Portsmouth,1.0,0.0,H,17.0,11.0,8.0,6.0,1.7,3.37,4.82,1.77,3.6,5.35
2006-03-04,2005,Fulham,Arsenal,0.0,4.0,A,7.0,18.0,4.0,11.0,3.12,3.2,2.18,3.35,3.3,2.3
2006-03-04,2005,Liverpool,Charlton,0.0,0.0,D,21.0,3.0,10.0,1.0,1.47,3.71,7.21,1.55,4.0,9.0
2006-03-04,2005,Middlesbrough,Birmingham,1.0,0.0,H,12.0,14.0,6.0,5.0,1.86,3.24,4.07,1.95,3.3,4.5
2006-03-04,2005,Newcastle,Bolton,3.0,1.0,H,9.0,11.0,5.0,3.0,2.25,3.19,3.0,2.4,3.25,3.2
2006-03-04,2005,West Brom,Chelsea,1.0,2.0,A,6.0,7.0,2.0,5.0,7.71,3.97,1.41,8.5,4.25,1.48
2006-03-04,2005,West Ham,Everton,2.0,2.0,D,7.0,13.0,3.0,5.0,2.05,3.19,3.44,2.15,3.3,3.8
2006-03-05,2005,Man City,Sunderland,2.0,1.0,H,15.0,6.0,7.0,3.0,1.41,3.96,7.75,1.45,4.5,9.0
2006-03-05,2005,Tottenham,Blackburn,3.0,2.0,H,10.0,6.0,5.0,4.0,1.91,3.22,3.88,2.0,3.3,4.33
2006-03-06,2005,Wigan,Man United,1.0,2.0,A,18.0,9.0,7.0,2.0,4.77,3.41,1.69,5.25,3.6,1.77
2006-03-11,2005,Birmingham,West Brom,1.0,1.0,D,6.0,10.0,1.0,4.0,1.98,3.18,3.7,2.05,3.3,4.2
2006-03-11,2005,Blackburn,Aston Villa,2.0,0.0,H,12.0,12.0,5.0,5.0,1.85,3.24,4.2,2.0,3.4,4.5
2006-03-11,2005,Bolton,West Ham,4.0,1.0,H,19.0,9.0,10.0,5.0,2.01,3.21,3.6,2.1,3.4,4.2
2006-03-11,2005,Chelsea,Tottenham,2.0,1.0,H,13.0,4.0,10.0,3.0,1.46,3.82,7.07,1.57,4.0,7.55
2006-03-11,2005,Everton,Fulham,3.0,1.0,H,15.0,8.0,7.0,3.0,1.84,3.25,4.18,1.91,3.4,4.7
2006-03-11,2005,Portsmouth,Man City,2.0,1.0,H,12.0,9.0,5.0,4.0,2.75,3.19,2.43,2.9,3.3,2.6
2006-03-11,2005,Sunderland,Wigan,0.0,1.0,A,13.0,5.0,9.0,2.0,3.02,3.22,2.24,3.35,3.36,2.38
2006-03-12,2005,Arsenal,Liverpool,2.0,1.0,H,11.0,8.0,4.0,3.0,2.25,3.13,3.07,2.4,3.25,3.35
2006-03-12,2005,Charlton,Middlesbrough,2.0,1.0,H,5.0,9.0,3.0,7.0,2.18,3.19,3.13,2.3,3.35,3.4
2006-03-12,2005,Man United,Newcastle,2.0,0.0,H,28.0,5.0,12.0,2.0,1.42,3.95,7.44,1.5,4.33,8.5
2006-03-15,2005,Liverpool,Fulham,5.0,1.0,H,19.0,8.0,10.0,4.0,1.37,4.11,8.46,1.42,4.5,9.5
2006-03-18,2005,Arsenal,Charlton,3.0,0.0,H,16.0,2.0,9.0,1.0,1.4,4.4,8.87,4.0,5.0,11.0
2006-03-18,2005,Birmingham,Tottenham,0.0,2.0,A,6.0,9.0,4.0,6.0,3.13,3.19,2.22,3.42,3.3,2.3
2006-03-18,2005,Blackburn,Middlesbrough,3.0,2.0,H,5.0,7.0,3.0,5.0,1.76,3.34,4.51,1.86,3.63,5.15
2006-03-18,2005,Bolton,Sunderland,2.0,0.0,H,16.0,6.0,7.0,3.0,1.35,4.34,8.69,1.4,5.0,10.04
2006-03-18,2005,Everton,Aston Villa,4.0,1.0,H,12.0,9.0,7.0,7.0,1.84,3.27,4.22,1.95,3.55,5.0
2006-03-18,2005,Man City,Wigan,0.0,1.0,A,7.0,10.0,1.0,4.0,2.04,3.22,3.49,2.2,3.35,3.91
2006-03-18,2005,West Brom,Man United,1.0,2.0,A,8.0,20.0,3.0,9.0,6.67,3.75,1.49,7.6,4.05,1.58
2006-03-18,2005,West Ham,Portsmouth,2.0,4.0,A,13.0,12.0,6.0,8.0,2.0,3.17,3.62,2.25,3.35,4.33
2006-03-19,2005,Fulham,Chelsea,1.0,0.0,H,7.0,10.0,4.0,4.0,7.23,3.86,1.45,8.26,4.2,1.52
2006-03-19,2005,Newcastle,Liverpool,1.0,3.0,A,8.0,12.0,4.0,6.0,2.89,3.18,2.34,3.12,3.25,2.5
2006-03-25,2005,Aston Villa,Fulham,0.0,0.0,D,10.0,9.0,6.0,3.0,1.98,3.23,3.62,2.05,3.3,4.25
2006-03-25,2005,Chelsea,Man City,2.0,0.0,H,19.0,5.0,10.0,4.0,1.27,4.92,10.36,1.31,5.5,14.0
2006-03-25,2005,Liverpool,Everton,3.0,1.0,H,17.0,8.0,10.0,5.0,1.6,3.45,5.69,1.66,3.75,6.41
2006-03-25,2005,Sunderland,Blackburn,0.0,1.0,A,10.0,7.0,6.0,4.0,4.86,3.4,1.69,5.83,3.71,1.78
2006-03-25,2005,Wigan,West Ham,1.0,2.0,A,12.0,5.0,8.0,3.0,2.04,3.22,3.42,2.15,3.35,3.75
2006-03-26,2005,Charlton,Newcastle,3.0,1.0,H,11.0,15.0,5.0,8.0,2.26,3.21,2.97,2.4,3.35,3.15
2006-03-26,2005,Man United,Birmingham,3.0,0.0,H,8.0,7.0,5.0,5.0,1.19,5.63,13.89,1.23,7.15,17.84
2006-03-26,2005,Middlesbrough,Bolton,4.0,3.0,H,15.0,11.0,10.0,6.0,2.44,3.2,2.72,2.6,3.35,2.95
2006-03-27,2005,Tottenham,West Brom,2.0,1.0,H,11.0,13.0,8.0,8.0,1.41,4.01,7.6,1.44,4.4,9.0
2006-03-29,2005,Man United,West Ham,1.0,0.0,H,23.0,9.0,13.0,3.0,1.3,4.74,8.73,1.36,5.5,11.0
2006-04-01,2005,Arsenal,Aston Villa,5.0,0.0,H,20.0,9.0,16.0,4.0,1.3,4.68,9.68,1.35,5.25,13.38
2006-04-01,2005,Birmingham,Chelsea,0.0,0.0,D,4.0,13.0,1.0,4.0,9.11,4.45,1.33,13.0,5.0,1.4
2006-04-01,2005,Bolton,Man United,1.0,2.0,A,7.0,14.0,2.0,10.0,3.92,3.26,1.89,4.33,3.45,2.0
2006-04-01,2005,Everton,Sunderland,2.0,2.0,D,16.0,16.0,8.0,8.0,1.34,4.36,8.64,1.37,5.0,10.19
2006-04-01,2005,Fulham,Portsmouth,1.0,3.0,A,10.0,10.0,4.0,7.0,1.86,3.29,4.02,1.95,3.4,4.4
2006-04-01,2005,Newcastle,Tottenham,3.0,1.0,H,14.0,10.0,11.0,5.0,2.58,3.19,2.57,2.85,3.3,2.75
2006-04-01,2005,West Brom,Liverpool,0.0,2.0,A,8.0,13.0,4.0,4.0,5.96,3.58,1.56,6.93,3.8,1.62
2006-04-02,2005,Man City,Middlesbrough,0.0,1.0,A,9.0,16.0,2.0,9.0,1.97,3.24,3.59,2.1,3.4,4.0
2006-04-02,2005,West Ham,Charlton,0.0,0.0,D,16.0,8.0,7.0,2.0,2.03,3.21,3.47,2.15,3.3,3.75
2006-04-03,2005,Blackburn,Wigan,1.0,1.0,D,11.0,12.0,5.0,4.0,1.76,3.29,4.49,1.85,3.5,5.5
2006-04-04,2005,Birmingham,Bolton,1.0,0.0,H,7.0,8.0,2.0,1.0,2.71,3.19,2.43,2.91,3.3,2.6
2006-04-08,2005,Charlton,Everton,0.0,0.0,D,9.0,7.0,4.0,3.0,2.29,3.19,2.91,2.5,3.3,3.1
2006-04-08,2005,Portsmouth,Blackburn,2.0,2.0,D,22.0,4.0,12.0,3.0,2.48,3.2,2.64,2.65,3.3,2.8
2006-04-08,2005,Tottenham,Man City,2.0,1.0,H,23.0,14.0,19.0,6.0,1.61,3.49,5.42,1.7,3.75,6.0
2006-04-08,2005,Wigan,Birmingham,1.0,1.0,D,13.0,11.0,6.0,5.0,1.89,3.33,3.82,2.0,3.5,4.25
2006-04-09,2005,Aston Villa,West Brom,0.0,0.0,D,6.0,7.0,3.0,4.0,1.93,3.22,3.78,2.08,3.35,4.2
2006-04-09,2005,Chelsea,West Ham,4.0,1.0,H,14.0,6.0,5.0,4.0,1.26,4.9,10.52,1.3,5.65,14.0
2006-04-09,2005,Liverpool,Bolton,1.0,0.0,H,17.0,7.0,7.0,4.0,1.49,3.67,6.59,1.55,4.2,7.5
2006-04-09,2005,Man United,Arsenal,2.0,0.0,H,14.0,10.0,8.0,3.0,1.99,3.22,3.59,2.1,3.3,3.8
2006-04-09,2005,Middlesbrough,Newcastle,1.0,2.0,A,13.0,14.0,8.0,5.0,2.36,3.17,2.82,2.55,3.3,3.02
2006-04-12,2005,Portsmouth,Arsenal,1.0,1.0,D,10.0,9.0,4.0,3.0,4.87,3.53,1.65,5.5,3.8,1.75
2006-04-14,2005,Man United,Sunderland,0.0,0.0,D,24.0,12.0,11.0,3.0,1.1,7.33,22.06,1.13,9.44,34.0
2006-04-15,2005,Arsenal,West Brom,3.0,1.0,H,16.0,8.0,10.0,1.0,1.24,5.2,11.38,1.31,5.5,15.0
2006-04-15,2005,Bolton,Chelsea,0.0,2.0,A,7.0,5.0,4.0,3.0,5.18,3.44,1.64,5.8,3.6,1.75
2006-04-15,2005,Everton,Tottenham,0.0,1.0,A,8.0,10.0,4.0,6.0,2.55,3.17,2.62,2.8,3.3,2.8
2006-04-15,2005,Fulham,Charlton,2.0,1.0,H,6.0,10.0,4.0,7.0,2.06,3.23,3.39,2.2,3.46,4.05
2006-04-15,2005,Newcastle,Wigan,3.0,1.0,H,11.0,13.0,8.0,5.0,1.87,3.28,3.97,1.95,3.45,4.33
2006-04-15,2005,Portsmouth,Middlesbrough,1.0,0.0,H,16.0,12.0,11.0,8.0,1.74,3.47,4.32,1.85,3.96,5.0
2006-04-15,2005,West Ham,Man City,1.0,0.0,H,8.0,6.0,6.0,2.0,2.05,3.22,3.4,2.25,3.35,3.75
2006-04-16,2005,Aston Villa,Birmingham,3.0,1.0,H,9.0,12.0,7.0,8.0,2.29,3.08,3.03,2.5,3.3,3.5
2006-04-16,2005,Blackburn,Liverpool,0.0,1.0,A,6.0,7.0,3.0,2.0,3.16,3.19,2.17,3.55,3.3,2.3
2006-04-17,2005,Charlton,Portsmouth,2.0,1.0,H,16.0,11.0,9.0,5.0,2.4,3.2,2.75,2.6,3.31,3.13
2006-04-17,2005,Chelsea,Everton,3.0,0.0,H,15.0,4.0,8.0,2.0,1.23,5.24,11.95,1.27,6.0,17.0
2006-04-17,2005,Middlesbrough,West Ham,2.0,0.0,H,12.0,14.0,8.0,6.0,2.42,3.23,2.71,2.65,3.4,2.88
2006-04-17,2005,Sunderland,Newcastle,1.0,4.0,A,12.0,9.0,6.0,4.0,3.85,3.25,1.89,4.15,3.55,2.1
2006-04-17,2005,Tottenham,Man United,1.0,2.0,A,15.0,11.0,8.0,5.0,3.24,3.2,2.12,3.5,3.3,2.3
2006-04-17,2005,West Brom,Bolton,0.0,0.0,D,9.0,8.0,1.0,3.0,2.38,3.22,2.77,2.5,3.4,3.15
2006-04-18,2005,Wigan,Aston Villa,3.0,2.0,H,18.0,9.0,11.0,4.0,2.0,3.23,3.47,2.15,3.4,3.75
2006-04-19,2005,Birmingham,Blackburn,2.0,1.0,H,12.0,12.0,6.0,6.0,2.49,3.18,2.67,2.75,3.3,2.85
2006-04-22,2005,Arsenal,Tottenham,1.0,1.0,D,9.0,9.0,6.0,6.0,1.67,3.37,5.05,1.75,3.6,6.0
2006-04-22,2005,Bolton,Charlton,4.0,1.0,H,13.0,5.0,11.0,3.0,1.81,3.29,4.15,1.9,3.45,4.84
2006-04-22,2005,Everton,Birmingham,0.0,0.0,D,17.0,6.0,9.0,2.0,2.13,3.24,3.17,2.3,3.45,3.56
2006-04-22,2005,Newcastle,West Brom,3.0,0.0,H,14.0,5.0,9.0,1.0,1.71,3.39,4.68,1.8,3.5,5.5
2006-04-22,2005,Portsmouth,Sunderland,2.0,1.0,H,23.0,7.0,15.0,6.0,1.37,4.19,8.03,1.42,5.0,9.5
2006-04-24,2005,Fulham,Wigan,1.0,0.0,H,12.0,21.0,6.0,10.0,2.07,3.21,3.32,2.25,3.4,3.65
2006-04-25,2005,Aston Villa,Man City,0.0,1.0,A,10.0,15.0,5.0,6.0,2.14,3.18,3.14,2.35,3.3,3.4
2006-04-26,2005,West Ham,Liverpool,1.0,2.0,A,11.0,13.0,7.0,7.0,4.17,3.28,1.83,4.85,3.5,1.91
2006-04-29,2005,Birmingham,Newcastle,0.0,0.0,D,15.0,4.0,5.0,0.0,2.37,3.23,2.78,2.6,3.41,3.1
2006-04-29,2005,Charlton,Blackburn,0.0,2.0,A,7.0,10.0,3.0,4.0,2.78,3.22,2.37,3.26,3.4,2.6
2006-04-29,2005,Chelsea,Man United,3.0,0.0,H,11.0,7.0,5.0,2.0,2.13,3.09,3.39,2.25,3.25,3.75
2006-04-29,2005,Liverpool,Aston Villa,3.0,1.0,H,15.0,7.0,9.0,3.0,1.35,4.23,8.85,1.4,4.65,11.0
2006-04-29,2005,Man City,Fulham,1.0,2.0,A,19.0,12.0,10.0,7.0,1.85,3.31,4.01,1.95,3.5,4.75
2006-04-29,2005,Middlesbrough,Everton,0.0,1.0,A,11.0,8.0,3.0,4.0,2.39,3.2,2.74,2.75,3.4,3.0
2006-04-29,2005,Wigan,Portsmouth,1.0,2.0,A,13.0,16.0,7.0,8.0,2.39,3.24,2.74,2.7,3.4,3.0
2006-04-30,2005,Tottenham,Bolton,1.0,0.0,H,9.0,14.0,4.0,6.0,1.64,3.45,5.19,1.76,3.65,5.9
2006-05-01,2005,Man United,Middlesbrough,0.0,0.0,D,17.0,10.0,6.0,6.0,1.25,5.21,10.12,1.28,6.0,12.0
2006-05-01,2005,Sunderland,Arsenal,0.0,3.0,A,7.0,7.0,2.0,4.0,9.7,4.91,1.27,12.0,5.55,1.33
2006-05-01,2005,West Brom,West Ham,0.0,1.0,A,16.0,10.0,4.0,5.0,2.3,3.25,2.87,2.4,3.4,3.05
2006-05-02,2005,Blackburn,Chelsea,1.0,0.0,H,6.0,7.0,1.0,2.0,3.0,3.23,2.22,3.2,3.4,2.48
2006-05-03,2005,Bolton,Middlesbrough,1.0,1.0,D,17.0,5.0,9.0,3.0,1.54,3.64,5.79,1.6,3.85,6.6
2006-05-04,2005,Man City,Arsenal,1.0,3.0,A,10.0,17.0,8.0,12.0,5.21,3.51,1.61,5.75,3.75,1.7
2006-05-04,2005,Sunderland,Fulham,2.0,1.0,H,3.0,10.0,3.0,2.0,3.1,3.3,2.13,3.6,3.5,2.25
2006-05-07,2005,Arsenal,Wigan,4.0,2.0,H,13.0,8.0,7.0,3.0,1.21,5.47,11.52,1.25,6.5,15.0
2006-05-07,2005,Aston Villa,Sunderland,2.0,1.0,H,16.0,14.0,9.0,7.0,1.53,3.61,5.98,1.6,4.06,6.75
2006-05-07,2005,Blackburn,Man City,2.0,0.0,H,6.0,11.0,2.0,4.0,1.68,3.4,4.85,1.78,3.6,5.5
2006-05-07,2005,Bolton,Birmingham,1.0,0.0,H,16.0,5.0,6.0,2.0,1.55,3.59,5.83,1.62,3.89,6.75
2006-05-07,2005,Everton,West Brom,2.0,2.0,D,22.0,6.0,18.0,5.0,1.61,3.47,5.32,1.67,3.7,6.21
2006-05-07,2005,Fulham,Middlesbrough,1.0,0.0,H,8.0,6.0,3.0,3.0,1.65,3.43,5.01,1.75,3.74,6.0
2006-05-07,2005,Man United,Charlton,4.0,0.0,H,20.0,8.0,11.0,3.0,1.2,5.56,12.26,1.24,6.72,16.0
2006-05-07,2005,Newcastle,Chelsea,1.0,0.0,H,16.0,10.0,8.0,5.0,2.82,3.18,2.33,3.1,3.35,2.6
2006-05-07,2005,Portsmouth,Liverpool,1.0,3.0,A,6.0,8.0,4.0,4.0,5.11,3.62,1.59,5.94,4.0,1.67
2006-05-07,2005,West Ham,Tottenham,2.0,1.0,H,12.0,14.0,7.0,6.0,4.23,3.47,1.73,4.8,3.8,1.83
2006-08-19,2006,Arsenal,Aston Villa,1.0,1.0,D,19.0,5.0,11.0,3.0,1.27,4.82,10.72,1.33,5.5,13.25
2006-08-19,2006,Bolton,Tottenham,2.0,0.0,H,8.0,9.0,6.0,6.0,2.66,3.15,2.53,2.9,3.32,2.7
2006-08-19,2006,Everton,Watford,2.0,1.0,H,6.0,12.0,2.0,8.0,1.63,3.46,5.35,1.73,3.7,6.0
2006-08-19,2006,Newcastle,Wigan,2.0,1.0,H,9.0,14.0,8.0,9.0,1.71,3.39,4.72,1.87,3.55,5.25
2006-08-19,2006,Portsmouth,Blackburn,3.0,0.0,H,21.0,9.0,16.0,7.0,2.37,3.2,2.83,2.51,3.33,3.2
2006-08-19,2006,Reading,Middlesbrough,3.0,2.0,H,14.0,7.0,9.0,5.0,2.37,3.19,2.82,2.55,3.3,3.2
2006-08-19,2006,Sheffield United,Liverpool,1.0,1.0,D,5.0,12.0,3.0,7.0,6.5,3.63,1.54,8.15,4.0,1.71
2006-08-19,2006,West Ham,Charlton,3.0,1.0,H,16.0,4.0,5.0,2.0,2.0,3.23,3.56,2.1,3.4,4.0
2006-08-20,2006,Chelsea,Man City,3.0,0.0,H,10.0,5.0,4.0,2.0,1.21,5.49,12.6,1.25,6.25,18.0
2006-08-20,2006,Man United,Fulham,5.0,1.0,H,15.0,12.0,7.0,8.0,1.26,4.98,11.07,1.3,5.5,13.95
2006-08-22,2006,Tottenham,Sheffield United,2.0,0.0,H,18.0,6.0,13.0,3.0,1.44,3.82,7.22,1.51,4.1,8.6
2006-08-22,2006,Watford,West Ham,1.0,1.0,D,11.0,8.0,4.0,4.0,2.66,3.21,2.46,2.88,3.3,2.7
2006-08-23,2006,Aston Villa,Reading,2.0,1.0,H,11.0,5.0,6.0,3.0,1.89,3.25,3.88,2.0,3.35,4.33
2006-08-23,2006,Blackburn,Everton,1.0,1.0,D,10.0,10.0,5.0,4.0,2.22,3.2,3.03,2.35,3.3,3.3
2006-08-23,2006,Charlton,Man United,0.0,3.0,A,8.0,21.0,2.0,11.0,6.37,3.57,1.56,7.5,3.9,1.91
2006-08-23,2006,Fulham,Bolton,1.0,1.0,D,11.0,4.0,4.0,1.0,2.4,3.2,2.74,2.55,3.3,3.0
2006-08-23,2006,Man City,Portsmouth,0.0,0.0,D,6.0,3.0,3.0,1.0,2.14,3.21,3.18,2.25,3.3,3.55
2006-08-23,2006,Middlesbrough,Chelsea,2.0,1.0,H,9.0,8.0,2.0,5.0,7.56,3.77,1.46,9.0,4.05,1.8
2006-08-26,2006,Charlton,Bolton,2.0,0.0,H,9.0,7.0,5.0,2.0,2.46,3.19,2.7,2.7,3.35,2.9
2006-08-26,2006,Fulham,Sheffield United,1.0,0.0,H,10.0,9.0,5.0,1.0,1.89,3.28,3.9,2.02,3.45,4.5
2006-08-26,2006,Liverpool,West Ham,2.0,1.0,H,19.0,8.0,8.0,3.0,1.41,4.1,7.65,1.46,4.75,10.0
2006-08-26,2006,Man City,Arsenal,1.0,0.0,H,10.0,17.0,3.0,6.0,5.14,3.49,1.67,5.8,3.7,1.8
2006-08-26,2006,Tottenham,Everton,0.0,2.0,A,15.0,6.0,6.0,2.0,1.7,3.39,4.79,1.8,3.55,5.5
2006-08-26,2006,Watford,Man United,1.0,2.0,A,8.0,19.0,7.0,10.0,8.01,4.16,1.4,10.0,4.6,2.05
2006-08-26,2006,Wigan,Reading,1.0,0.0,H,15.0,5.0,5.0,3.0,1.98,3.25,3.58,2.18,3.4,4.0
2006-08-27,2006,Aston Villa,Newcastle,2.0,0.0,H,9.0,8.0,7.0,5.0,2.33,3.21,2.87,2.45,3.3,3.1
2006-08-27,2006,Blackburn,Chelsea,0.0,2.0,A,12.0,14.0,3.0,8.0,6.62,3.65,1.52,7.02,4.0,1.77
2006-08-28,2006,Middlesbrough,Portsmouth,0.0,4.0,A,19.0,10.0,8.0,7.0,2.05,3.24,3.39,2.2,3.45,3.75
2006-09-09,2006,Arsenal,Middlesbrough,1.0,1.0,D,20.0,1.0,12.0,1.0,1.31,4.48,9.84,1.4,5.0,12.15
2006-09-09,2006,Bolton,Watford,1.0,0.0,H,7.0,15.0,2.0,6.0,1.64,3.44,5.24,1.72,3.65,6.0
2006-09-09,2006,Chelsea,Charlton,2.0,1.0,H,19.0,3.0,6.0,2.0,1.17,6.02,14.77,1.22,7.0,19.8
2006-09-09,2006,Everton,Liverpool,3.0,0.0,H,8.0,21.0,6.0,5.0,3.64,3.19,2.01,4.07,3.34,2.2
2006-09-09,2006,Man United,Tottenham,1.0,0.0,H,10.0,9.0,5.0,4.0,1.48,3.73,6.82,1.55,4.0,8.65
2006-09-09,2006,Newcastle,Fulham,1.0,2.0,A,15.0,8.0,7.0,5.0,1.7,3.4,4.75,1.8,3.55,5.5
2006-09-09,2006,Portsmouth,Wigan,1.0,0.0,H,9.0,11.0,7.0,5.0,1.82,3.28,4.22,1.9,3.45,5.0
2006-09-09,2006,Sheffield United,Blackburn,0.0,0.0,D,14.0,12.0,9.0,1.0,2.6,3.17,2.56,2.75,3.3,2.8
2006-09-10,2006,West Ham,Aston Villa,1.0,1.0,D,7.0,10.0,1.0,6.0,2.09,3.23,3.29,2.2,3.4,3.75
2006-09-11,2006,Reading,Man City,1.0,0.0,H,12.0,15.0,7.0,8.0,2.34,3.21,2.85,2.5,3.3,3.1
2006-09-16,2006,Bolton,Middlesbrough,0.0,0.0,D,13.0,14.0,3.0,7.0,2.0,3.24,3.53,2.1,3.4,4.0
2006-09-16,2006,Charlton,Portsmouth,0.0,1.0,A,18.0,12.0,5.0,5.0,2.43,3.2,2.75,2.5,3.3,3.0
2006-09-16,2006,Everton,Wigan,2.0,2.0,D,14.0,10.0,9.0,7.0,1.67,3.44,4.9,1.77,3.65,5.5
2006-09-16,2006,Sheffield United,Reading,1.0,2.0,A,14.0,8.0,7.0,2.0,2.37,3.2,2.81,2.55,3.32,3.05
2006-09-16,2006,Watford,Aston Villa,0.0,0.0,D,12.0,9.0,5.0,4.0,2.76,3.16,2.41,3.0,3.3,2.6
2006-09-17,2006,Blackburn,Man City,4.0,2.0,H,11.0,15.0,5.0,8.0,2.05,3.22,3.41,2.15,3.35,3.75
2006-09-17,2006,Chelsea,Liverpool,1.0,0.0,H,4.0,9.0,3.0,6.0,1.77,3.24,4.61,1.85,3.4,5.5
2006-09-17,2006,Man United,Arsenal,0.0,1.0,A,17.0,14.0,9.0,7.0,1.9,3.24,3.99,2.07,3.4,4.62
2006-09-17,2006,Tottenham,Fulham,0.0,0.0,D,18.0,8.0,8.0,3.0,1.6,3.46,5.64,1.65,3.7,7.5
2006-09-17,2006,West Ham,Newcastle,0.0,2.0,A,10.0,16.0,7.0,9.0,2.08,3.23,3.33,2.2,3.35,3.6
2006-09-20,2006,Liverpool,Newcastle,2.0,0.0,H,22.0,11.0,11.0,6.0,1.51,3.63,6.51,1.55,3.85,8.0
2006-09-23,2006,Arsenal,Sheffield United,3.0,0.0,H,14.0,5.0,11.0,4.0,1.19,5.67,14.19,1.25,6.6,20.7
2006-09-23,2006,Aston Villa,Charlton,2.0,0.0,H,12.0,8.0,5.0,3.0,1.72,3.38,4.74,1.8,3.5,5.5
2006-09-23,2006,Fulham,Chelsea,0.0,2.0,A,7.0,13.0,4.0,5.0,7.64,4.1,1.4,8.75,4.5,1.45
2006-09-23,2006,Liverpool,Tottenham,3.0,0.0,H,14.0,5.0,6.0,1.0,1.62,3.56,5.42,1.66,3.98,6.85
2006-09-23,2006,Man City,West Ham,2.0,0.0,H,17.0,4.0,8.0,0.0,2.23,3.22,3.06,2.38,3.3,3.3
2006-09-23,2006,Middlesbrough,Blackburn,0.0,1.0,A,13.0,13.0,7.0,7.0,2.1,3.2,3.35,2.25,3.32,3.5
2006-09-23,2006,Reading,Man United,1.0,1.0,D,3.0,18.0,1.0,8.0,6.6,3.71,1.5,7.0,4.0,1.55
2006-09-23,2006,Wigan,Watford,1.0,1.0,D,8.0,10.0,4.0,4.0,1.81,3.3,4.26,1.91,3.45,4.75
2006-09-24,2006,Newcastle,Everton,1.0,1.0,D,21.0,12.0,13.0,5.0,2.2,3.21,3.14,2.3,3.3,3.4
2006-09-25,2006,Portsmouth,Bolton,0.0,1.0,A,13.0,4.0,5.0,3.0,1.95,3.25,3.76,2.1,3.4,4.0
2006-09-30,2006,Bolton,Liverpool,2.0,0.0,H,4.0,13.0,3.0,6.0,3.61,3.2,2.01,4.1,3.41,2.16
2006-09-30,2006,Charlton,Arsenal,1.0,2.0,A,10.0,21.0,6.0,12.0,6.24,3.55,1.55,7.0,3.75,1.69
2006-09-30,2006,Chelsea,Aston Villa,1.0,1.0,D,18.0,9.0,10.0,5.0,1.27,4.9,10.25,1.3,5.5,12.0
2006-09-30,2006,Everton,Man City,1.0,1.0,D,14.0,11.0,10.0,5.0,1.82,3.29,4.19,1.9,3.5,5.0
2006-09-30,2006,Sheffield United,Middlesbrough,2.0,1.0,H,13.0,7.0,7.0,2.0,2.61,3.2,2.54,2.8,3.3,2.65
2006-10-01,2006,Blackburn,Wigan,2.0,1.0,H,12.0,11.0,8.0,6.0,1.86,3.28,4.02,2.0,3.45,4.5
2006-10-01,2006,Man United,Newcastle,2.0,0.0,H,24.0,3.0,11.0,3.0,1.33,4.42,9.12,1.38,4.85,13.0
2006-10-01,2006,Tottenham,Portsmouth,2.0,1.0,H,8.0,9.0,6.0,6.0,1.86,3.29,4.02,1.91,3.4,4.5
2006-10-01,2006,West Ham,Reading,0.0,1.0,A,13.0,2.0,8.0,1.0,1.95,3.26,3.69,2.05,3.4,4.2
2006-10-02,2006,Watford,Fulham,3.0,3.0,D,9.0,9.0,4.0,3.0,2.39,3.18,2.8,2.5,3.3,3.1
2006-10-14,2006,Arsenal,Watford,3.0,0.0,H,15.0,9.0,7.0,3.0,1.17,5.99,14.27,1.2,7.0,19.0
2006-10-14,2006,Aston Villa,Tottenham,1.0,1.0,D,12.0,10.0,6.0,5.0,2.23,3.16,3.11,2.4,3.26,3.62
2006-10-14,2006,Liverpool,Blackburn,1.0,1.0,D,18.0,5.0,9.0,3.0,1.46,3.81,7.0,1.5,4.0,8.0
2006-10-14,2006,Man City,Sheffield United,0.0,0.0,D,14.0,7.0,6.0,3.0,1.68,3.45,4.87,1.73,3.6,5.75
2006-10-14,2006,Middlesbrough,Everton,2.0,1.0,H,9.0,12.0,6.0,8.0,2.47,3.16,2.69,2.66,3.25,2.9
2006-10-14,2006,Portsmouth,West Ham,2.0,0.0,H,18.0,6.0,6.0,3.0,1.93,3.25,3.76,2.0,3.45,4.25
2006-10-14,2006,Reading,Chelsea,0.0,1.0,A,5.0,7.0,0.0,4.0,7.33,3.97,1.44,8.0,4.33,1.8
2006-10-14,2006,Wigan,Man United,1.0,3.0,A,6.0,12.0,2.0,5.0,6.4,3.7,1.52,7.0,4.0,1.83
2006-10-15,2006,Newcastle,Bolton,1.0,2.0,A,10.0,7.0,3.0,5.0,2.23,3.19,3.04,2.3,3.3,3.45
2006-10-16,2006,Fulham,Charlton,2.0,1.0,H,11.0,10.0,6.0,3.0,2.02,3.22,3.52,2.1,3.4,3.9
2006-10-21,2006,Aston Villa,Fulham,1.0,1.0,D,3.0,5.0,1.0,2.0,1.69,3.39,5.01,1.8,3.55,5.75
2006-10-21,2006,Charlton,Watford,0.0,0.0,D,16.0,8.0,8.0,3.0,1.93,3.25,3.84,2.05,3.4,4.3
2006-10-21,2006,Chelsea,Portsmouth,2.0,1.0,H,26.0,10.0,18.0,1.0,1.26,4.98,10.75,1.3,5.68,12.0
2006-10-21,2006,Everton,Sheffield United,2.0,0.0,H,13.0,10.0,5.0,4.0,1.56,3.57,6.05,1.6,3.8,6.75
2006-10-21,2006,Wigan,Man City,4.0,0.0,H,12.0,9.0,5.0,4.0,2.28,3.18,3.01,2.4,3.3,3.25
2006-10-22,2006,Blackburn,Bolton,0.0,1.0,A,24.0,8.0,11.0,7.0,2.35,3.13,2.93,2.45,3.25,3.15
2006-10-22,2006,Man United,Liverpool,2.0,0.0,H,10.0,13.0,8.0,5.0,1.89,3.21,4.12,2.04,3.35,4.75
2006-10-22,2006,Middlesbrough,Newcastle,1.0,0.0,H,19.0,13.0,8.0,4.0,2.32,3.13,2.98,2.5,3.25,3.25
2006-10-22,2006,Reading,Arsenal,0.0,4.0,A,3.0,16.0,1.0,9.0,5.82,3.58,1.57,6.5,3.75,1.67
2006-10-22,2006,Tottenham,West Ham,1.0,0.0,H,13.0,5.0,5.0,2.0,1.76,3.36,4.64,1.8,3.55,5.0
2006-10-28,2006,Arsenal,Everton,1.0,1.0,D,26.0,2.0,12.0,2.0,1.39,4.13,7.96,1.45,4.6,9.5
2006-10-28,2006,Bolton,Man United,0.0,4.0,A,8.0,15.0,3.0,10.0,4.13,3.24,1.86,4.83,3.5,2.0
2006-10-28,2006,Fulham,Wigan,0.0,1.0,A,4.0,15.0,1.0,7.0,2.02,3.22,3.54,2.15,3.3,3.85
2006-10-28,2006,Liverpool,Aston Villa,3.0,1.0,H,19.0,7.0,6.0,5.0,1.58,3.49,6.04,1.67,3.75,7.25
2006-10-28,2006,Newcastle,Charlton,0.0,0.0,D,20.0,8.0,10.0,4.0,1.76,3.31,4.59,1.85,3.45,5.1
2006-10-28,2006,Portsmouth,Reading,3.0,1.0,H,18.0,8.0,12.0,4.0,1.79,3.28,4.39,1.91,3.5,5.0
2006-10-28,2006,Sheffield United,Chelsea,0.0,2.0,A,6.0,10.0,2.0,7.0,10.34,4.66,1.29,14.4,5.15,1.34
2006-10-28,2006,Watford,Tottenham,0.0,0.0,D,9.0,11.0,2.0,8.0,3.41,3.21,2.06,3.75,3.4,2.2
2006-10-29,2006,West Ham,Blackburn,2.0,1.0,H,9.0,13.0,5.0,7.0,2.4,3.2,2.79,2.6,3.25,2.95
2006-10-30,2006,Man City,Middlesbrough,1.0,0.0,H,14.0,4.0,5.0,0.0,2.29,3.18,2.97,2.4,3.3,3.15
2006-11-04,2006,Bolton,Wigan,0.0,1.0,A,13.0,9.0,5.0,3.0,1.8,3.27,4.38,1.95,3.4,5.0
2006-11-04,2006,Charlton,Man City,1.0,0.0,H,18.0,15.0,11.0,9.0,2.32,3.19,2.9,2.45,3.3,3.1
2006-11-04,2006,Fulham,Everton,1.0,0.0,H,5.0,5.0,3.0,3.0,2.63,3.16,2.56,2.85,3.25,2.75
2006-11-04,2006,Liverpool,Reading,2.0,0.0,H,21.0,5.0,10.0,2.0,1.34,4.35,8.72,1.38,4.85,10.5
2006-11-04,2006,Man United,Portsmouth,3.0,0.0,H,18.0,8.0,11.0,5.0,1.29,4.73,9.69,1.34,5.25,13.0
2006-11-04,2006,Newcastle,Sheffield United,0.0,1.0,A,11.0,12.0,3.0,6.0,1.71,3.38,4.84,1.75,3.5,5.5
2006-11-04,2006,Watford,Middlesbrough,2.0,0.0,H,14.0,5.0,6.0,2.0,2.49,3.14,2.74,2.65,3.35,3.08
2006-11-05,2006,Aston Villa,Blackburn,2.0,0.0,H,8.0,5.0,5.0,3.0,1.93,3.21,3.84,2.1,3.3,4.4
2006-11-05,2006,Tottenham,Chelsea,2.0,1.0,H,8.0,17.0,3.0,10.0,4.97,3.36,1.69,5.5,3.55,1.75
2006-11-05,2006,West Ham,Arsenal,1.0,0.0,H,11.0,11.0,5.0,5.0,5.57,3.51,1.59,6.1,3.75,1.65
2006-11-11,2006,Blackburn,Man United,0.0,1.0,A,9.0,14.0,4.0,7.0,5.78,3.54,1.58,6.5,3.75,1.65
2006-11-11,2006,Chelsea,Watford,4.0,0.0,H,14.0,2.0,8.0,1.0,1.14,6.55,17.52,1.17,7.4,25.0
2006-11-11,2006,Everton,Aston Villa,0.0,1.0,A,10.0,17.0,4.0,9.0,2.09,3.17,3.43,2.2,3.25,3.9
2006-11-11,2006,Man City,Newcastle,0.0,0.0,D,15.0,8.0,8.0,3.0,2.05,3.22,3.46,2.2,3.3,3.8
2006-11-11,2006,Middlesbrough,West Ham,1.0,0.0,H,11.0,11.0,8.0,7.0,2.19,3.2,3.15,2.3,3.3,3.4
2006-11-11,2006,Portsmouth,Fulham,1.0,1.0,D,23.0,7.0,12.0,4.0,1.83,3.29,4.2,1.9,3.5,4.6
2006-11-11,2006,Sheffield United,Bolton,2.0,2.0,D,8.0,6.0,4.0,4.0,2.84,3.21,2.36,3.1,3.35,2.5
2006-11-11,2006,Wigan,Charlton,3.0,2.0,H,8.0,7.0,5.0,4.0,1.87,3.26,4.02,2.0,3.4,4.35
2006-11-12,2006,Arsenal,Liverpool,3.0,0.0,H,7.0,10.0,7.0,4.0,2.01,3.19,3.62,2.1,3.3,4.0
2006-11-12,2006,Reading,Tottenham,3.0,1.0,H,8.0,9.0,4.0,3.0,3.05,3.19,2.25,3.3,3.3,2.35
2006-11-18,2006,Arsenal,Newcastle,1.0,1.0,D,23.0,2.0,10.0,1.0,1.29,4.7,10.09,1.32,5.2,13.0
2006-11-18,2006,Chelsea,West Ham,1.0,0.0,H,19.0,7.0,9.0,1.0,1.21,5.47,12.54,1.24,6.5,17.0
2006-11-18,2006,Everton,Bolton,1.0,0.0,H,9.0,13.0,2.0,2.0,2.26,3.17,3.0,2.45,3.25,3.3
2006-11-18,2006,Man City,Fulham,3.0,1.0,H,15.0,7.0,7.0,2.0,2.11,3.19,3.32,2.2,3.3,3.85
2006-11-18,2006,Middlesbrough,Liverpool,0.0,0.0,D,1.0,17.0,1.0,10.0,3.4,3.21,2.07,3.9,3.3,2.25
2006-11-18,2006,Portsmouth,Watford,2.0,1.0,H,17.0,8.0,11.0,4.0,1.59,3.52,5.51,1.67,3.75,6.6
2006-11-18,2006,Reading,Charlton,2.0,0.0,H,11.0,4.0,4.0,2.0,1.9,3.26,3.85,2.0,3.45,4.3
2006-11-18,2006,Sheffield United,Man United,1.0,2.0,A,5.0,22.0,3.0,15.0,8.81,4.37,1.34,11.0,5.0,1.37
2006-11-19,2006,Blackburn,Tottenham,1.0,1.0,D,6.0,13.0,3.0,5.0,2.39,3.18,2.8,2.55,3.3,3.1
2006-11-19,2006,Wigan,Aston Villa,0.0,0.0,D,14.0,7.0,5.0,3.0,2.38,3.18,2.81,2.5,3.25,3.1
2006-11-25,2006,Aston Villa,Middlesbrough,1.0,1.0,D,11.0,9.0,4.0,4.0,1.77,3.31,4.49,1.85,3.43,5.25
2006-11-25,2006,Bolton,Arsenal,3.0,1.0,H,10.0,14.0,8.0,7.0,3.53,3.23,2.01,3.9,3.35,2.1
2006-11-25,2006,Charlton,Everton,1.0,1.0,D,16.0,9.0,8.0,6.0,2.64,3.17,2.54,2.8,3.27,2.85
2006-11-25,2006,Fulham,Reading,0.0,1.0,A,10.0,8.0,4.0,2.0,2.13,3.22,3.24,2.3,3.35,3.6
2006-11-25,2006,Liverpool,Man City,1.0,0.0,H,12.0,6.0,6.0,2.0,1.41,3.94,7.8,1.45,4.5,9.0
2006-11-25,2006,West Ham,Sheffield United,1.0,0.0,H,12.0,13.0,7.0,5.0,1.77,3.33,4.46,1.83,3.55,5.15
2006-11-26,2006,Man United,Chelsea,1.0,1.0,D,8.0,13.0,5.0,7.0,2.48,3.06,2.82,2.7,3.2,3.2
2006-11-26,2006,Newcastle,Portsmouth,1.0,0.0,H,13.0,7.0,10.0,2.0,2.22,3.19,3.09,2.3,3.33,3.5
2006-11-26,2006,Tottenham,Wigan,3.0,1.0,H,11.0,10.0,6.0,5.0,1.77,3.32,4.49,1.9,3.6,5.3
2006-11-28,2006,Watford,Sheffield United,0.0,1.0,A,9.0,17.0,6.0,7.0,2.18,3.16,3.22,2.3,3.25,3.45
2006-11-29,2006,Aston Villa,Man City,1.0,3.0,A,6.0,11.0,4.0,8.0,1.82,3.28,4.23,2.0,3.4,4.9
2006-11-29,2006,Bolton,Chelsea,0.0,1.0,A,9.0,16.0,3.0,10.0,5.03,3.44,1.66,5.74,3.6,1.73
2006-11-29,2006,Fulham,Arsenal,2.0,1.0,H,13.0,7.0,7.0,2.0,5.45,3.47,1.61,6.25,3.7,1.67
2006-11-29,2006,Liverpool,Portsmouth,0.0,0.0,D,15.0,3.0,4.0,1.0,1.45,3.84,7.13,1.5,4.35,8.25
2006-11-29,2006,Man United,Everton,3.0,0.0,H,18.0,7.0,6.0,4.0,1.31,4.58,9.28,1.35,5.0,11.0
2006-12-02,2006,Arsenal,Tottenham,3.0,0.0,H,6.0,7.0,5.0,4.0,1.63,3.48,5.35,1.8,3.75,6.0
2006-12-02,2006,Blackburn,Fulham,2.0,0.0,H,10.0,4.0,6.0,2.0,1.9,3.25,3.91,2.0,3.4,4.3
2006-12-02,2006,Middlesbrough,Man United,1.0,2.0,A,13.0,11.0,5.0,7.0,5.77,3.6,1.57,6.3,3.85,1.65
2006-12-02,2006,Portsmouth,Aston Villa,2.0,2.0,D,18.0,8.0,6.0,4.0,2.21,3.17,3.11,2.3,3.32,3.35
2006-12-02,2006,Reading,Bolton,1.0,0.0,H,10.0,12.0,3.0,7.0,2.41,3.18,2.79,2.54,3.32,3.0
2006-12-02,2006,Sheffield United,Charlton,2.0,1.0,H,26.0,8.0,10.0,4.0,2.19,3.17,3.15,2.35,3.3,3.4
2006-12-02,2006,Wigan,Liverpool,0.0,4.0,A,15.0,9.0,6.0,6.0,3.46,3.2,2.05,3.85,3.3,2.1
2006-12-03,2006,Everton,West Ham,2.0,0.0,H,8.0,16.0,5.0,11.0,1.9,3.23,3.94,2.05,3.3,4.43
2006-12-04,2006,Man City,Watford,0.0,0.0,D,14.0,6.0,12.0,4.0,1.6,3.47,5.64,1.67,3.7,6.53
2006-12-05,2006,Charlton,Blackburn,1.0,0.0,H,13.0,5.0,10.0,3.0,2.57,3.17,2.61,2.8,3.3,2.8
2006-12-05,2006,Tottenham,Middlesbrough,2.0,1.0,H,22.0,6.0,11.0,3.0,1.67,3.41,5.04,1.75,3.65,5.9
2006-12-06,2006,Newcastle,Reading,3.0,2.0,H,14.0,14.0,8.0,5.0,2.03,3.22,3.48,2.15,3.32,4.0
2006-12-06,2006,West Ham,Wigan,0.0,2.0,A,13.0,9.0,6.0,4.0,1.95,3.25,3.68,2.02,3.35,4.2
2006-12-09,2006,Blackburn,Newcastle,1.0,3.0,A,13.0,16.0,7.0,8.0,2.07,3.21,3.39,2.18,3.35,3.8
2006-12-09,2006,Bolton,West Ham,4.0,0.0,H,17.0,3.0,10.0,1.0,1.75,3.29,4.63,1.8,3.5,5.2
2006-12-09,2006,Liverpool,Fulham,4.0,0.0,H,32.0,5.0,19.0,3.0,1.31,4.5,9.67,1.35,5.25,12.0
2006-12-09,2006,Man United,Man City,3.0,1.0,H,20.0,15.0,11.0,7.0,1.33,4.4,9.27,1.4,5.0,11.0
2006-12-09,2006,Middlesbrough,Wigan,1.0,1.0,D,13.0,8.0,7.0,3.0,2.08,3.22,3.36,2.25,3.34,3.6
2006-12-09,2006,Portsmouth,Everton,2.0,0.0,H,13.0,12.0,8.0,5.0,2.11,3.19,3.29,2.2,3.34,3.65
2006-12-09,2006,Tottenham,Charlton,5.0,1.0,H,13.0,12.0,9.0,3.0,1.49,3.77,6.46,1.6,4.2,7.5
2006-12-09,2006,Watford,Reading,0.0,0.0,D,8.0,6.0,5.0,1.0,2.63,3.17,2.54,2.81,3.33,2.65
2006-12-10,2006,Chelsea,Arsenal,1.0,1.0,D,20.0,11.0,7.0,4.0,1.71,3.34,4.91,1.77,3.6,6.0
2006-12-11,2006,Sheffield United,Aston Villa,2.0,2.0,D,16.0,7.0,10.0,5.0,2.7,3.15,2.49,2.9,3.33,2.6
2006-12-13,2006,Chelsea,Newcastle,1.0,0.0,H,15.0,6.0,8.0,1.0,1.22,5.36,12.13,1.25,6.0,17.0
2006-12-13,2006,Wigan,Arsenal,0.0,1.0,A,15.0,9.0,7.0,3.0,4.51,3.35,1.75,4.8,3.6,1.8
2006-12-16,2006,Arsenal,Portsmouth,2.0,2.0,D,14.0,7.0,8.0,5.0,1.39,4.13,7.81,1.45,4.5,10.0
2006-12-16,2006,Aston Villa,Bolton,0.0,1.0,A,15.0,7.0,9.0,3.0,2.27,3.14,3.06,2.4,3.25,3.35
2006-12-16,2006,Charlton,Liverpool,0.0,3.0,A,7.0,22.0,2.0,10.0,5.66,3.57,1.58,6.5,3.8,1.65
2006-12-16,2006,Newcastle,Watford,2.0,1.0,H,11.0,11.0,6.0,8.0,1.66,3.4,5.25,1.75,3.51,6.0
2006-12-16,2006,Reading,Blackburn,1.0,2.0,A,10.0,10.0,5.0,7.0,2.02,3.23,3.51,2.15,3.32,3.8
2006-12-16,2006,Wigan,Sheffield United,0.0,1.0,A,14.0,11.0,6.0,7.0,1.82,3.27,4.23,1.93,3.43,5.0
2006-12-17,2006,Everton,Chelsea,2.0,3.0,A,3.0,18.0,1.0,9.0,6.18,3.58,1.54,7.5,3.8,1.57
2006-12-17,2006,Man City,Tottenham,1.0,2.0,A,10.0,11.0,4.0,7.0,2.4,3.18,2.79,2.6,3.33,3.0
2006-12-17,2006,West Ham,Man United,1.0,0.0,H,10.0,19.0,4.0,11.0,6.93,3.94,1.45,8.0,4.33,1.5
2006-12-18,2006,Fulham,Middlesbrough,2.0,1.0,H,11.0,16.0,6.0,10.0,2.1,3.2,3.32,2.2,3.32,3.8
2006-12-23,2006,Arsenal,Blackburn,6.0,2.0,H,18.0,11.0,12.0,7.0,1.33,4.45,8.7,1.36,5.0,10.0
2006-12-23,2006,Aston Villa,Man United,0.0,3.0,A,11.0,14.0,3.0,10.0,5.62,3.52,1.6,6.8,3.75,1.65
2006-12-23,2006,Fulham,West Ham,0.0,0.0,D,11.0,13.0,7.0,4.0,2.32,3.21,2.89,2.5,3.34,3.05
2006-12-23,2006,Liverpool,Watford,2.0,0.0,H,15.0,7.0,10.0,4.0,1.2,5.59,13.07,1.23,6.5,16.0
2006-12-23,2006,Man City,Bolton,0.0,2.0,A,5.0,9.0,3.0,3.0,2.43,3.18,2.77,2.62,3.3,3.0
2006-12-23,2006,Middlesbrough,Charlton,2.0,0.0,H,16.0,8.0,9.0,6.0,1.71,3.37,4.82,1.78,3.6,5.6
2006-12-23,2006,Newcastle,Tottenham,3.0,1.0,H,12.0,17.0,9.0,6.0,2.42,3.2,2.76,2.5,3.3,3.05
2006-12-23,2006,Portsmouth,Sheffield United,3.0,1.0,H,13.0,11.0,6.0,6.0,1.66,3.43,5.08,1.75,3.65,5.8
2006-12-23,2006,Reading,Everton,0.0,2.0,A,11.0,10.0,7.0,7.0,2.27,3.2,2.97,2.4,3.27,3.25
2006-12-23,2006,Wigan,Chelsea,2.0,3.0,A,14.0,8.0,6.0,5.0,7.86,4.12,1.39,9.5,4.5,1.43
2006-12-26,2006,Blackburn,Liverpool,1.0,0.0,H,8.0,18.0,4.0,12.0,4.35,3.34,1.78,4.8,3.6,1.85
2006-12-26,2006,Bolton,Newcastle,2.0,1.0,H,10.0,10.0,7.0,5.0,1.9,3.25,3.91,2.05,3.4,4.33
2006-12-26,2006,Chelsea,Reading,2.0,2.0,D,16.0,6.0,5.0,1.0,1.18,5.91,14.38,1.2,7.0,20.0
2006-12-26,2006,Everton,Middlesbrough,0.0,0.0,D,10.0,7.0,4.0,2.0,1.78,3.3,4.48,1.87,3.5,5.0
2006-12-26,2006,Man United,Wigan,3.0,1.0,H,17.0,6.0,8.0,3.0,1.19,5.75,13.59,1.22,6.75,18.0
2006-12-26,2006,Sheffield United,Man City,0.0,1.0,A,19.0,11.0,13.0,8.0,2.29,3.21,2.92,2.45,3.35,3.2
2006-12-26,2006,Tottenham,Aston Villa,2.0,1.0,H,12.0,9.0,10.0,7.0,1.78,3.29,4.49,1.87,3.5,5.0
2006-12-26,2006,Watford,Arsenal,1.0,2.0,A,6.0,16.0,3.0,8.0,7.37,3.96,1.42,8.2,4.35,1.5
2006-12-26,2006,West Ham,Portsmouth,1.0,2.0,A,14.0,12.0,7.0,6.0,2.25,3.21,3.01,2.38,3.35,3.4
2006-12-27,2006,Charlton,Fulham,2.0,2.0,D,12.0,15.0,7.0,9.0,2.45,3.19,2.73,2.6,3.4,3.0
2006-12-30,2006,Blackburn,Middlesbrough,2.0,1.0,H,14.0,8.0,7.0,5.0,1.95,3.23,3.75,2.07,3.35,4.05
2006-12-30,2006,Bolton,Portsmouth,3.0,2.0,H,12.0,14.0,7.0,7.0,1.94,3.23,3.8,2.07,3.45,4.3
2006-12-30,2006,Charlton,Aston Villa,2.0,1.0,H,14.0,6.0,8.0,2.0,2.62,3.17,2.56,2.77,3.28,2.85
2006-12-30,2006,Chelsea,Fulham,2.0,2.0,D,15.0,11.0,4.0,6.0,1.17,5.86,14.67,1.22,7.4,20.0
2006-12-30,2006,Everton,Newcastle,3.0,0.0,H,16.0,7.0,9.0,3.0,2.1,3.2,3.33,2.25,3.35,3.85
2006-12-30,2006,Man United,Reading,3.0,2.0,H,28.0,7.0,12.0,3.0,1.19,5.62,13.21,1.25,6.25,17.0
2006-12-30,2006,Sheffield United,Arsenal,1.0,0.0,H,11.0,9.0,5.0,4.0,6.39,3.75,1.5,7.25,4.25,1.57
2006-12-30,2006,Tottenham,Liverpool,0.0,1.0,A,9.0,10.0,3.0,5.0,2.62,3.17,2.56,2.8,3.35,2.7
2006-12-30,2006,West Ham,Man City,0.0,1.0,A,12.0,7.0,6.0,5.0,2.06,3.22,3.41,2.2,3.35,3.85
2007-01-01,2006,Fulham,Watford,0.0,0.0,D,16.0,13.0,4.0,5.0,1.67,3.4,5.12,1.77,3.6,6.0
2007-01-01,2006,Liverpool,Bolton,3.0,0.0,H,19.0,1.0,9.0,0.0,1.59,3.51,5.67,1.65,3.76,6.3
2007-01-01,2006,Man City,Everton,2.0,1.0,H,11.0,15.0,7.0,5.0,2.34,3.19,2.91,2.47,3.4,3.1
2007-01-01,2006,Middlesbrough,Sheffield United,3.0,1.0,H,13.0,6.0,7.0,3.0,1.81,3.31,4.31,1.91,3.5,5.2
2007-01-01,2006,Newcastle,Man United,2.0,2.0,D,8.0,20.0,8.0,8.0,6.0,3.61,1.55,6.95,3.97,1.6
2007-01-01,2006,Portsmouth,Tottenham,1.0,1.0,D,15.0,9.0,9.0,7.0,2.32,3.2,2.93,2.4,3.4,3.15
2007-01-01,2006,Reading,West Ham,6.0,0.0,H,18.0,9.0,9.0,3.0,2.02,3.26,3.49,2.15,3.4,3.75
2007-01-01,2006,Wigan,Blackburn,0.0,3.0,A,14.0,8.0,5.0,5.0,2.29,3.21,2.95,2.47,3.4,3.25
2007-01-02,2006,Arsenal,Charlton,4.0,0.0,H,16.0,4.0,10.0,2.0,1.21,5.47,12.75,1.27,6.2,17.0
2007-01-02,2006,Aston Villa,Chelsea,0.0,0.0,D,4.0,22.0,2.0,12.0,6.14,3.62,1.54,7.0,3.9,1.62
2007-01-13,2006,Blackburn,Arsenal,0.0,2.0,A,13.0,6.0,7.0,4.0,4.12,3.35,1.82,4.5,3.55,1.9
2007-01-13,2006,Bolton,Man City,0.0,0.0,D,8.0,7.0,4.0,0.0,1.77,3.28,4.49,1.84,3.42,5.1
2007-01-13,2006,Charlton,Middlesbrough,1.0,3.0,A,16.0,12.0,9.0,9.0,2.45,3.19,2.72,2.62,3.36,2.95
2007-01-13,2006,Chelsea,Wigan,4.0,0.0,H,12.0,2.0,6.0,1.0,1.2,5.63,13.11,1.23,6.2,16.0
2007-01-13,2006,Man United,Aston Villa,3.0,1.0,H,27.0,7.0,17.0,5.0,1.25,5.11,10.89,1.31,5.75,15.0
2007-01-13,2006,Sheffield United,Portsmouth,1.0,1.0,D,6.0,13.0,3.0,6.0,2.57,3.17,2.59,2.8,3.31,2.75
2007-01-13,2006,Watford,Liverpool,0.0,3.0,A,8.0,22.0,4.0,13.0,6.92,3.75,1.48,8.0,4.0,1.56
2007-01-13,2006,West Ham,Fulham,3.0,3.0,D,10.0,9.0,7.0,6.0,2.11,3.22,3.3,2.3,3.3,3.75
2007-01-14,2006,Everton,Reading,1.0,1.0,D,14.0,7.0,7.0,3.0,1.98,3.24,3.62,2.1,3.35,3.85
2007-01-14,2006,Tottenham,Newcastle,2.0,3.0,A,25.0,12.0,17.0,7.0,1.78,3.32,4.48,1.85,3.45,5.0
2007-01-20,2006,Aston Villa,Watford,2.0,0.0,H,17.0,11.0,6.0,6.0,1.6,3.46,5.56,1.67,3.65,6.5
2007-01-20,2006,Fulham,Tottenham,1.0,1.0,D,9.0,9.0,3.0,4.0,2.66,3.16,2.5,2.9,3.25,2.7
2007-01-20,2006,Liverpool,Chelsea,2.0,0.0,H,17.0,11.0,8.0,3.0,2.71,3.08,2.53,3.0,3.22,2.75
2007-01-20,2006,Man City,Blackburn,0.0,3.0,A,13.0,12.0,9.0,5.0,2.21,3.2,3.08,2.35,3.3,3.25
2007-01-20,2006,Middlesbrough,Bolton,5.0,1.0,H,10.0,11.0,5.0,5.0,2.42,3.18,2.74,2.55,3.3,2.95
2007-01-20,2006,Newcastle,West Ham,2.0,2.0,D,14.0,12.0,7.0,7.0,1.82,3.28,4.16,1.95,3.45,4.55
2007-01-20,2006,Portsmouth,Charlton,0.0,1.0,A,9.0,8.0,3.0,5.0,1.55,3.59,5.97,1.6,3.8,7.0
2007-01-20,2006,Reading,Sheffield United,3.0,1.0,H,17.0,4.0,10.0,1.0,1.81,3.28,4.27,1.87,3.5,4.75
2007-01-21,2006,Arsenal,Man United,2.0,1.0,H,18.0,10.0,11.0,6.0,2.51,3.1,2.73,2.65,3.24,2.9
2007-01-21,2006,Wigan,Everton,0.0,2.0,A,13.0,8.0,6.0,5.0,2.51,3.17,2.66,2.7,3.3,2.85
2007-01-23,2006,Watford,Blackburn,2.0,1.0,H,15.0,15.0,7.0,3.0,3.2,3.22,2.15,3.6,3.3,2.3
2007-01-30,2006,Portsmouth,Middlesbrough,0.0,0.0,D,15.0,3.0,4.0,3.0,1.88,3.26,3.95,2.0,3.45,4.35
2007-01-30,2006,Reading,Wigan,3.0,2.0,H,19.0,21.0,12.0,14.0,1.77,3.35,4.38,1.89,3.5,4.9
2007-01-30,2006,Sheffield United,Fulham,2.0,0.0,H,16.0,7.0,8.0,0.0,2.35,3.19,2.85,2.5,3.35,3.14
2007-01-30,2006,West Ham,Liverpool,1.0,2.0,A,13.0,15.0,6.0,9.0,5.15,3.48,1.64,6.0,3.8,1.7
2007-01-31,2006,Bolton,Charlton,1.0,1.0,D,12.0,4.0,7.0,2.0,1.52,3.65,6.13,1.62,4.0,7.25
2007-01-31,2006,Chelsea,Blackburn,3.0,0.0,H,18.0,6.0,15.0,4.0,1.26,4.95,10.05,1.3,5.65,11.95
2007-01-31,2006,Man United,Watford,4.0,0.0,H,21.0,2.0,10.0,1.0,1.14,6.54,17.02,1.17,8.0,25.0
2007-01-31,2006,Newcastle,Aston Villa,3.0,1.0,H,8.0,14.0,4.0,9.0,2.08,3.21,3.34,2.2,3.3,3.6
2007-02-03,2006,Aston Villa,West Ham,1.0,0.0,H,17.0,7.0,6.0,2.0,1.84,3.27,4.12,1.95,3.4,4.5
2007-02-03,2006,Blackburn,Sheffield United,2.0,1.0,H,11.0,11.0,6.0,5.0,1.71,3.36,4.79,1.78,3.6,5.4
2007-02-03,2006,Charlton,Chelsea,0.0,1.0,A,8.0,17.0,5.0,8.0,7.91,4.16,1.38,9.5,4.5,1.45
2007-02-03,2006,Fulham,Newcastle,2.0,1.0,H,15.0,8.0,9.0,4.0,2.29,3.19,2.93,2.5,3.25,3.2
2007-02-03,2006,Liverpool,Everton,0.0,0.0,D,25.0,6.0,10.0,4.0,1.54,3.54,6.27,1.58,3.8,7.5
2007-02-03,2006,Man City,Reading,0.0,2.0,A,16.0,7.0,7.0,3.0,2.17,3.21,3.13,2.3,3.3,3.4
2007-02-03,2006,Middlesbrough,Arsenal,1.0,1.0,D,3.0,11.0,1.0,4.0,4.44,3.36,1.76,4.9,3.75,1.83
2007-02-03,2006,Watford,Bolton,0.0,1.0,A,7.0,7.0,3.0,4.0,3.27,3.22,2.11,3.75,3.35,2.25
2007-02-03,2006,Wigan,Portsmouth,1.0,0.0,H,15.0,5.0,8.0,4.0,2.6,3.17,2.56,2.8,3.25,2.75
2007-02-04,2006,Tottenham,Man United,0.0,4.0,A,10.0,12.0,5.0,7.0,4.3,3.35,1.79,5.0,3.6,1.87
2007-02-10,2006,Chelsea,Middlesbrough,3.0,0.0,H,15.0,3.0,5.0,0.0,1.25,5.1,10.69,1.3,5.5,12.0
2007-02-10,2006,Everton,Blackburn,1.0,0.0,H,15.0,8.0,8.0,4.0,2.1,3.2,3.35,2.25,3.25,3.6
2007-02-10,2006,Man United,Charlton,2.0,0.0,H,18.0,8.0,11.0,2.0,1.14,6.42,16.78,1.17,7.25,23.0
2007-02-10,2006,Newcastle,Liverpool,2.0,1.0,H,7.0,13.0,3.0,9.0,3.62,3.24,1.98,4.0,3.4,2.1
2007-02-10,2006,Portsmouth,Man City,2.0,1.0,H,17.0,6.0,10.0,3.0,1.89,3.26,3.93,2.05,3.4,4.5
2007-02-10,2006,Reading,Aston Villa,2.0,0.0,H,12.0,17.0,9.0,7.0,2.08,3.22,3.39,2.25,3.26,3.75
2007-02-10,2006,Sheffield United,Tottenham,2.0,1.0,H,16.0,6.0,5.0,1.0,2.81,3.19,2.38,3.1,3.25,2.5
2007-02-10,2006,West Ham,Watford,0.0,1.0,A,23.0,8.0,10.0,5.0,1.79,3.33,4.29,1.9,3.65,4.75
2007-02-11,2006,Arsenal,Wigan,2.0,1.0,H,10.0,8.0,3.0,2.0,1.24,5.24,11.03,1.29,6.0,13.0
2007-02-11,2006,Bolton,Fulham,2.0,1.0,H,7.0,7.0,4.0,6.0,1.67,3.41,5.08,1.75,3.6,5.75
2007-02-21,2006,Everton,Tottenham,1.0,2.0,A,10.0,8.0,3.0,4.0,2.18,3.2,3.11,2.3,3.25,3.38
2007-02-21,2006,Watford,Wigan,1.0,1.0,D,10.0,16.0,6.0,13.0,2.38,3.2,2.76,2.6,3.3,3.0
2007-02-24,2006,Charlton,West Ham,4.0,0.0,H,12.0,11.0,5.0,8.0,2.28,3.22,2.93,2.4,3.3,3.1
2007-02-24,2006,Fulham,Man United,1.0,2.0,A,16.0,16.0,6.0,8.0,7.08,3.88,1.44,8.0,4.4,1.5
2007-02-24,2006,Liverpool,Sheffield United,4.0,0.0,H,8.0,6.0,4.0,2.0,1.3,4.58,9.54,1.36,5.0,12.0
2007-02-24,2006,Middlesbrough,Reading,2.0,1.0,H,9.0,10.0,6.0,4.0,2.26,3.2,2.97,2.35,3.35,3.25
2007-02-24,2006,Watford,Everton,0.0,3.0,A,11.0,13.0,3.0,5.0,2.97,3.2,2.26,3.2,3.25,2.4
2007-02-25,2006,Blackburn,Portsmouth,3.0,0.0,H,13.0,13.0,11.0,6.0,2.21,3.19,3.07,2.35,3.3,3.25
2007-02-25,2006,Tottenham,Bolton,4.0,1.0,H,14.0,10.0,10.0,6.0,2.11,3.21,3.26,2.2,3.35,3.65
2007-02-25,2006,Wigan,Newcastle,1.0,0.0,H,7.0,5.0,4.0,2.0,2.49,3.19,2.66,2.6,3.3,2.9
2007-03-03,2006,Arsenal,Reading,2.0,1.0,H,16.0,7.0,9.0,4.0,1.46,3.79,6.9,1.55,4.2,8.0
2007-03-03,2006,Fulham,Aston Villa,1.0,1.0,D,13.0,9.0,7.0,4.0,2.28,3.18,2.95,2.45,3.25,3.3
2007-03-03,2006,Liverpool,Man United,0.0,1.0,A,15.0,5.0,8.0,3.0,2.64,3.06,2.62,2.8,3.2,2.88
2007-03-03,2006,Man City,Wigan,0.0,1.0,A,4.0,9.0,3.0,5.0,1.95,3.22,3.69,2.1,3.4,4.1
2007-03-03,2006,Newcastle,Middlesbrough,0.0,0.0,D,11.0,7.0,8.0,4.0,2.01,3.2,3.56,2.12,3.3,4.05
2007-03-03,2006,Portsmouth,Chelsea,0.0,2.0,A,8.0,10.0,5.0,5.0,5.72,3.53,1.57,6.25,3.75,1.65
2007-03-03,2006,Sheffield United,Everton,1.0,1.0,D,8.0,7.0,6.0,2.0,2.58,3.15,2.58,2.75,3.25,2.75
2007-03-03,2006,Watford,Charlton,2.0,2.0,D,14.0,13.0,10.0,5.0,2.47,3.19,2.67,2.65,3.25,2.8
2007-03-04,2006,Bolton,Blackburn,1.0,2.0,A,15.0,10.0,10.0,2.0,1.96,3.2,3.7,2.1,3.3,4.33
2007-03-04,2006,West Ham,Tottenham,3.0,4.0,A,12.0,12.0,6.0,7.0,3.03,3.22,2.21,3.3,3.3,2.38
2007-03-14,2006,Aston Villa,Arsenal,0.0,1.0,A,11.0,10.0,6.0,5.0,3.65,3.23,1.97,4.0,3.35,2.1
2007-03-14,2006,Man City,Chelsea,0.0,1.0,A,8.0,5.0,2.0,3.0,6.84,3.77,1.47,8.0,4.0,1.55
2007-03-17,2006,Blackburn,West Ham,1.0,2.0,A,9.0,10.0,3.0,7.0,1.67,3.45,4.94,1.75,3.6,5.75
2007-03-17,2006,Chelsea,Sheffield United,3.0,0.0,H,13.0,7.0,8.0,4.0,1.17,5.86,14.99,1.21,6.6,18.0
2007-03-17,2006,Man United,Bolton,4.0,1.0,H,15.0,7.0,7.0,0.0,1.31,4.51,9.45,1.36,5.0,11.0
2007-03-17,2006,Middlesbrough,Man City,0.0,2.0,A,11.0,14.0,5.0,8.0,1.92,3.24,3.86,2.05,3.34,4.2
2007-03-17,2006,Reading,Portsmouth,0.0,0.0,D,5.0,10.0,0.0,5.0,1.95,3.25,3.6,2.1,3.35,4.2
2007-03-17,2006,Tottenham,Watford,3.0,1.0,H,17.0,2.0,11.0,2.0,1.4,3.98,7.9,1.5,4.45,9.5
2007-03-17,2006,Wigan,Fulham,0.0,0.0,D,6.0,3.0,3.0,0.0,2.12,3.2,3.26,2.25,3.3,3.6
2007-03-18,2006,Aston Villa,Liverpool,0.0,0.0,D,9.0,7.0,3.0,3.0,3.86,3.26,1.91,4.45,3.4,2.0
2007-03-18,2006,Charlton,Newcastle,2.0,0.0,H,10.0,12.0,4.0,6.0,2.41,3.22,2.76,2.53,3.3,3.2
2007-03-18,2006,Everton,Arsenal,1.0,0.0,H,11.0,18.0,4.0,9.0,3.2,3.22,2.15,3.55,3.4,2.25
2007-03-31,2006,Bolton,Sheffield United,1.0,0.0,H,19.0,7.0,12.0,4.0,1.62,3.49,5.37,1.67,3.7,6.25
2007-03-31,2006,Charlton,Wigan,1.0,0.0,H,4.0,6.0,1.0,1.0,2.16,3.21,3.19,2.3,3.3,3.6
2007-03-31,2006,Fulham,Portsmouth,1.0,1.0,D,13.0,10.0,9.0,7.0,2.26,3.19,3.0,2.38,3.25,3.4
2007-03-31,2006,Liverpool,Arsenal,4.0,1.0,H,12.0,11.0,7.0,3.0,2.17,3.19,3.19,2.25,3.25,3.45
2007-03-31,2006,Man United,Blackburn,4.0,1.0,H,27.0,6.0,17.0,3.0,1.3,4.61,9.47,1.37,5.2,10.58
2007-03-31,2006,Newcastle,Man City,0.0,1.0,A,15.0,7.0,6.0,5.0,1.92,3.25,3.81,2.1,3.4,4.4
2007-03-31,2006,Watford,Chelsea,0.0,1.0,A,12.0,13.0,6.0,8.0,9.3,4.52,1.31,11.95,5.1,1.35
2007-03-31,2006,West Ham,Middlesbrough,2.0,0.0,H,9.0,10.0,6.0,3.0,2.19,3.24,3.09,2.3,3.5,3.5
2007-04-01,2006,Tottenham,Reading,1.0,0.0,H,18.0,6.0,7.0,3.0,1.74,3.33,4.61,1.83,3.45,5.4
2007-04-02,2006,Aston Villa,Everton,1.0,1.0,D,17.0,18.0,10.0,8.0,2.36,3.16,2.87,2.55,3.25,3.25
2007-04-06,2006,Everton,Fulham,4.0,1.0,H,14.0,15.0,10.0,8.0,1.67,3.34,5.29,1.77,3.55,6.25
2007-04-06,2006,Man City,Charlton,0.0,0.0,D,13.0,3.0,6.0,1.0,2.0,3.22,3.58,2.1,3.4,3.95
2007-04-07,2006,Arsenal,West Ham,0.0,1.0,A,29.0,6.0,15.0,5.0,1.41,4.05,7.35,1.47,4.33,8.5
2007-04-07,2006,Blackburn,Aston Villa,1.0,2.0,A,10.0,9.0,3.0,7.0,1.97,3.19,3.71,2.15,3.27,4.0
2007-04-07,2006,Chelsea,Tottenham,1.0,0.0,H,11.0,6.0,8.0,5.0,1.41,4.04,7.43,1.45,4.33,8.5
2007-04-07,2006,Middlesbrough,Watford,4.0,1.0,H,24.0,6.0,14.0,3.0,1.62,3.47,5.36,1.68,3.75,6.1
2007-04-07,2006,Portsmouth,Man United,2.0,1.0,H,14.0,15.0,9.0,7.0,6.34,3.6,1.52,7.0,4.0,1.6
2007-04-07,2006,Reading,Liverpool,1.0,2.0,A,8.0,4.0,4.0,3.0,3.73,3.25,1.94,4.33,3.45,2.1
2007-04-07,2006,Sheffield United,Newcastle,1.0,2.0,A,17.0,10.0,11.0,3.0,2.32,3.21,2.87,2.45,3.35,3.1
2007-04-07,2006,Wigan,Bolton,1.0,3.0,A,17.0,10.0,9.0,9.0,2.52,3.17,2.64,2.6,3.25,2.9
2007-04-09,2006,Aston Villa,Wigan,1.0,1.0,D,13.0,2.0,7.0,1.0,1.92,3.22,3.85,2.0,3.3,4.35
2007-04-09,2006,Bolton,Everton,1.0,1.0,D,7.0,9.0,4.0,7.0,2.14,3.19,3.21,2.3,3.3,3.5
2007-04-09,2006,Charlton,Reading,0.0,0.0,D,8.0,14.0,5.0,6.0,2.25,3.23,2.98,2.36,3.3,3.25
2007-04-09,2006,Fulham,Man City,1.0,3.0,A,12.0,7.0,5.0,5.0,2.21,3.2,3.07,2.3,3.27,3.25
2007-04-09,2006,Newcastle,Arsenal,0.0,0.0,D,8.0,6.0,4.0,2.0,3.26,3.24,2.1,3.5,3.4,2.2
2007-04-09,2006,Watford,Portsmouth,4.0,2.0,H,15.0,10.0,10.0,6.0,2.79,3.22,2.37,3.1,3.3,2.5
2007-04-14,2006,Arsenal,Bolton,2.0,1.0,H,19.0,6.0,9.0,2.0,1.65,3.46,5.09,1.7,3.65,5.65
2007-04-14,2006,Man City,Liverpool,0.0,0.0,D,7.0,11.0,1.0,3.0,4.13,3.3,1.84,4.6,3.5,1.91
2007-04-14,2006,Middlesbrough,Aston Villa,1.0,3.0,A,13.0,9.0,5.0,7.0,2.13,3.2,3.29,2.35,3.3,3.6
2007-04-14,2006,Portsmouth,Newcastle,2.0,1.0,H,21.0,7.0,7.0,3.0,2.04,3.24,3.47,2.15,3.35,3.89
2007-04-14,2006,Reading,Fulham,1.0,0.0,H,12.0,13.0,6.0,5.0,1.85,3.28,4.06,1.95,3.4,4.5
2007-04-14,2006,Sheffield United,West Ham,3.0,0.0,H,6.0,11.0,5.0,3.0,2.4,3.21,2.76,2.5,3.3,2.95
2007-04-15,2006,Everton,Charlton,2.0,1.0,H,18.0,7.0,11.0,4.0,1.7,3.41,4.81,1.77,3.6,5.25
2007-04-15,2006,Wigan,Tottenham,3.0,3.0,D,21.0,10.0,11.0,6.0,2.9,3.23,2.3,3.2,3.3,2.45
2007-04-17,2006,Arsenal,Man City,3.0,1.0,H,12.0,9.0,10.0,6.0,1.4,4.09,7.59,1.46,4.65,8.5
2007-04-17,2006,Man United,Sheffield United,2.0,0.0,H,13.0,10.0,10.0,3.0,1.15,6.39,15.88,1.21,7.5,20.0
2007-04-18,2006,Blackburn,Watford,3.0,1.0,H,18.0,4.0,10.0,4.0,1.61,3.48,5.49,1.67,3.65,6.5
2007-04-18,2006,Liverpool,Middlesbrough,2.0,0.0,H,18.0,5.0,7.0,2.0,1.36,4.21,8.07,1.4,4.75,9.15
2007-04-18,2006,West Ham,Chelsea,1.0,4.0,A,14.0,14.0,10.0,7.0,6.72,3.81,1.47,7.55,4.2,1.52
2007-04-21,2006,Bolton,Reading,1.0,3.0,A,18.0,10.0,15.0,7.0,1.82,3.27,4.22,1.93,3.54,4.6
2007-04-21,2006,Charlton,Sheffield United,1.0,1.0,D,10.0,15.0,2.0,10.0,2.01,3.25,3.5,2.1,3.4,4.05
2007-04-21,2006,Fulham,Blackburn,1.0,1.0,D,13.0,18.0,6.0,9.0,2.23,3.22,3.01,2.35,3.35,3.3
2007-04-21,2006,Liverpool,Wigan,2.0,0.0,H,23.0,4.0,12.0,3.0,1.37,4.29,7.63,1.44,4.6,9.0
2007-04-21,2006,Man United,Middlesbrough,1.0,1.0,D,21.0,10.0,9.0,5.0,1.2,5.66,12.25,1.24,6.5,15.35
2007-04-21,2006,Tottenham,Arsenal,2.0,2.0,D,7.0,17.0,3.0,5.0,2.63,3.2,2.53,2.85,3.37,2.75
2007-04-21,2006,Watford,Man City,1.0,1.0,D,4.0,4.0,1.0,1.0,2.62,3.21,2.52,2.85,3.3,2.67
2007-04-21,2006,West Ham,Everton,1.0,0.0,H,15.0,10.0,7.0,2.0,2.45,3.22,2.68,2.62,3.4,3.0
2007-04-22,2006,Aston Villa,Portsmouth,0.0,0.0,D,17.0,5.0,8.0,2.0,2.21,3.16,3.1,2.3,3.3,3.5
2007-04-22,2006,Newcastle,Chelsea,0.0,0.0,D,11.0,12.0,3.0,4.0,6.21,3.68,1.52,7.3,4.0,1.6
2007-04-28,2006,Blackburn,Charlton,4.0,1.0,H,16.0,8.0,9.0,3.0,1.99,3.29,3.54,2.15,3.5,4.0
2007-04-28,2006,Chelsea,Bolton,2.0,2.0,D,11.0,6.0,3.0,3.0,1.28,4.84,10.16,1.32,5.3,12.0
2007-04-28,2006,Everton,Man United,2.0,4.0,A,8.0,18.0,3.0,12.0,4.89,3.47,1.68,5.35,3.75,1.75
2007-04-28,2006,Man City,Aston Villa,0.0,2.0,A,14.0,15.0,7.0,7.0,2.23,3.17,3.07,2.36,3.25,3.26
2007-04-28,2006,Middlesbrough,Tottenham,2.0,3.0,A,16.0,11.0,8.0,5.0,2.68,3.22,2.48,2.9,3.4,2.65
2007-04-28,2006,Portsmouth,Liverpool,2.0,1.0,H,9.0,11.0,7.0,4.0,2.92,3.18,2.31,3.1,3.27,2.58
2007-04-28,2006,Sheffield United,Watford,1.0,0.0,H,11.0,13.0,6.0,3.0,1.55,3.6,5.86,1.62,3.93,7.0
2007-04-28,2006,Wigan,West Ham,0.0,3.0,A,9.0,12.0,6.0,7.0,2.24,3.26,2.97,2.4,3.4,3.3
2007-04-29,2006,Arsenal,Fulham,3.0,1.0,H,10.0,7.0,5.0,1.0,1.36,4.3,8.4,1.45,4.6,10.4
2007-04-30,2006,Reading,Newcastle,1.0,0.0,H,13.0,18.0,8.0,11.0,1.93,3.29,3.76,2.05,3.4,4.2
2007-05-05,2006,Aston Villa,Sheffield United,3.0,0.0,H,19.0,9.0,11.0,2.0,1.96,3.23,3.6,2.1,3.4,4.4
2007-05-05,2006,Everton,Portsmouth,3.0,0.0,H,13.0,12.0,7.0,5.0,1.9,3.25,3.79,2.05,3.4,4.2
2007-05-05,2006,Fulham,Liverpool,1.0,0.0,H,7.0,9.0,5.0,5.0,3.0,3.24,2.23,3.3,3.4,2.39
2007-05-05,2006,Man City,Man United,0.0,1.0,A,4.0,6.0,3.0,3.0,6.42,3.72,1.5,7.05,4.15,1.6
2007-05-05,2006,Newcastle,Blackburn,0.0,2.0,A,14.0,8.0,6.0,6.0,2.22,3.22,3.02,2.37,3.35,3.25
2007-05-05,2006,Reading,Watford,0.0,2.0,A,15.0,4.0,7.0,4.0,1.41,4.02,7.32,1.46,4.35,8.5
2007-05-05,2006,West Ham,Bolton,3.0,1.0,H,9.0,8.0,6.0,3.0,2.1,3.31,3.22,2.2,3.5,3.6
2007-05-05,2006,Wigan,Middlesbrough,0.0,1.0,A,15.0,7.0,7.0,3.0,2.09,3.27,3.27,2.25,3.45,3.6
2007-05-06,2006,Arsenal,Chelsea,1.0,1.0,D,7.0,9.0,4.0,4.0,2.73,3.22,2.42,2.9,3.3,2.6
2007-05-07,2006,Charlton,Tottenham,0.0,2.0,A,7.0,9.0,4.0,6.0,2.85,3.28,2.28,3.1,3.4,2.45
2007-05-09,2006,Chelsea,Man United,0.0,0.0,D,15.0,5.0,10.0,0.0,2.11,3.18,3.28,2.3,3.3,3.7
2007-05-10,2006,Tottenham,Blackburn,1.0,1.0,D,15.0,10.0,7.0,4.0,1.76,3.38,4.33,1.85,3.75,4.8
2007-05-13,2006,Blackburn,Reading,3.0,3.0,D,15.0,12.0,6.0,7.0,2.05,3.29,3.33,2.15,3.5,3.75
2007-05-13,2006,Bolton,Aston Villa,2.0,2.0,D,10.0,8.0,2.0,3.0,1.86,3.36,3.89,2.0,3.55,4.3
2007-05-13,2006,Chelsea,Everton,1.0,1.0,D,14.0,8.0,10.0,5.0,1.64,3.43,5.18,1.75,3.6,5.85
2007-05-13,2006,Liverpool,Charlton,2.0,2.0,D,22.0,8.0,7.0,4.0,1.38,4.18,7.85,1.42,4.5,9.25
2007-05-13,2006,Man United,West Ham,0.0,1.0,A,28.0,6.0,20.0,4.0,1.59,3.52,5.54,1.7,3.75,6.5
2007-05-13,2006,Middlesbrough,Fulham,3.0,1.0,H,21.0,8.0,10.0,5.0,1.87,3.28,3.94,1.95,3.45,4.4
2007-05-13,2006,Portsmouth,Arsenal,0.0,0.0,D,9.0,14.0,4.0,6.0,2.71,3.28,2.39,2.97,3.5,2.5
2007-05-13,2006,Sheffield United,Wigan,1.0,2.0,A,9.0,9.0,5.0,3.0,2.21,3.3,2.95,2.35,3.5,3.35
2007-05-13,2006,Tottenham,Man City,2.0,1.0,H,8.0,10.0,3.0,5.0,1.46,3.78,6.8,1.52,4.0,7.8
2007-05-13,2006,Watford,Newcastle,1.0,1.0,D,11.0,1.0,2.0,1.0,2.62,3.23,2.48,2.9,3.35,2.7
2007-08-11,2007,Aston Villa,Liverpool,1.0,2.0,A,10.0,17.0,6.0,7.0,3.67,3.23,1.95,4.0,3.4,2.1
2007-08-11,2007,Bolton,Newcastle,1.0,3.0,A,13.0,7.0,9.0,5.0,2.41,3.18,2.8,2.6,3.25,3.05
2007-08-11,2007,Derby,Portsmouth,2.0,2.0,D,12.0,12.0,5.0,6.0,2.85,3.19,2.38,3.25,3.3,2.55
2007-08-11,2007,Everton,Wigan,2.0,1.0,H,12.0,14.0,8.0,4.0,1.66,3.45,5.25,1.75,3.65,6.0
2007-08-11,2007,Middlesbrough,Blackburn,1.0,2.0,A,10.0,4.0,6.0,4.0,2.41,3.18,2.81,2.7,3.25,2.95
2007-08-11,2007,Sunderland,Tottenham,1.0,0.0,H,9.0,6.0,4.0,3.0,3.18,3.21,2.18,3.5,3.33,2.25
2007-08-11,2007,West Ham,Man City,0.0,2.0,A,9.0,14.0,2.0,5.0,2.05,3.2,3.52,2.2,3.35,3.9
2007-08-12,2007,Arsenal,Fulham,2.0,1.0,H,19.0,12.0,13.0,9.0,1.32,4.49,9.4,1.37,5.0,11.0
2007-08-12,2007,Chelsea,Birmingham,3.0,2.0,H,19.0,6.0,11.0,4.0,1.19,5.74,13.52,1.26,7.0,17.0
2007-08-12,2007,Man United,Reading,0.0,0.0,D,22.0,3.0,9.0,2.0,1.23,5.26,12.24,1.27,6.0,16.2
2007-08-14,2007,Tottenham,Everton,1.0,3.0,A,14.0,16.0,8.0,10.0,1.82,3.3,4.34,1.91,3.45,4.9
2007-08-15,2007,Birmingham,Sunderland,2.0,2.0,D,7.0,7.0,3.0,3.0,2.36,3.21,2.86,2.58,3.35,3.1
2007-08-15,2007,Fulham,Bolton,2.0,1.0,H,8.0,14.0,6.0,7.0,2.24,3.22,3.04,2.35,3.35,3.35
2007-08-15,2007,Man City,Derby,1.0,0.0,H,9.0,5.0,6.0,3.0,1.62,3.5,5.42,1.7,3.75,6.5
2007-08-15,2007,Portsmouth,Man United,1.0,1.0,D,7.0,20.0,6.0,12.0,5.57,3.51,1.61,6.0,3.75,1.72
2007-08-15,2007,Reading,Chelsea,1.0,2.0,A,15.0,15.0,11.0,7.0,6.17,3.61,1.55,7.0,3.85,1.61
2007-08-15,2007,Wigan,Middlesbrough,1.0,0.0,H,14.0,5.0,5.0,1.0,2.33,3.2,2.91,2.45,3.3,3.3
2007-08-18,2007,Birmingham,West Ham,0.0,1.0,A,6.0,13.0,3.0,5.0,2.38,3.21,2.85,2.55,3.33,3.1
2007-08-18,2007,Fulham,Middlesbrough,1.0,2.0,A,13.0,9.0,6.0,6.0,2.08,3.25,3.38,2.2,3.4,3.89
2007-08-18,2007,Newcastle,Aston Villa,0.0,0.0,D,6.0,11.0,2.0,5.0,1.87,3.29,4.1,2.0,3.45,4.54
2007-08-18,2007,Portsmouth,Bolton,3.0,1.0,H,11.0,8.0,6.0,3.0,1.88,3.28,4.09,2.05,3.43,4.5
2007-08-18,2007,Reading,Everton,1.0,0.0,H,10.0,13.0,5.0,5.0,2.46,3.19,2.75,2.65,3.33,3.03
2007-08-18,2007,Tottenham,Derby,4.0,0.0,H,25.0,4.0,14.0,2.0,1.45,3.91,7.33,1.52,4.25,8.5
2007-08-18,2007,Wigan,Sunderland,3.0,0.0,H,9.0,9.0,4.0,6.0,2.33,3.22,2.93,2.45,3.38,3.2
2007-08-19,2007,Blackburn,Arsenal,1.0,1.0,D,9.0,10.0,4.0,3.0,3.14,3.23,2.2,3.5,3.35,2.32
2007-08-19,2007,Liverpool,Chelsea,1.0,1.0,D,18.0,6.0,8.0,2.0,2.48,3.06,2.88,2.63,3.3,3.19
2007-08-19,2007,Man City,Man United,1.0,0.0,H,6.0,15.0,2.0,6.0,4.12,3.25,1.88,4.5,3.4,2.0
2007-08-25,2007,Arsenal,Man City,1.0,0.0,H,16.0,8.0,10.0,4.0,1.59,3.61,5.55,1.73,3.8,6.2
2007-08-25,2007,Aston Villa,Fulham,2.0,1.0,H,23.0,10.0,4.0,5.0,1.77,3.33,4.51,1.85,3.8,5.2
2007-08-25,2007,Bolton,Reading,3.0,0.0,H,18.0,5.0,12.0,2.0,2.24,3.21,3.06,2.38,3.4,3.6
2007-08-25,2007,Chelsea,Portsmouth,1.0,0.0,H,18.0,18.0,7.0,4.0,1.28,4.74,10.3,1.35,5.15,17.39
2007-08-25,2007,Derby,Birmingham,1.0,2.0,A,16.0,11.0,8.0,6.0,2.38,3.18,2.86,2.6,3.3,3.25
2007-08-25,2007,Everton,Blackburn,1.0,1.0,D,12.0,11.0,8.0,7.0,2.07,3.18,3.51,2.27,3.3,3.8
2007-08-25,2007,Sunderland,Liverpool,0.0,2.0,A,7.0,17.0,2.0,12.0,5.41,3.52,1.62,6.7,3.75,1.7
2007-08-25,2007,West Ham,Wigan,1.0,1.0,D,13.0,12.0,4.0,3.0,1.92,3.25,3.89,2.11,3.4,4.33
2007-08-26,2007,Man United,Tottenham,1.0,0.0,H,14.0,10.0,5.0,3.0,1.51,3.77,6.07,1.6,4.1,7.0
2007-08-26,2007,Middlesbrough,Newcastle,2.0,2.0,D,11.0,5.0,7.0,3.0,2.56,3.16,2.66,2.8,3.3,2.85
2007-09-01,2007,Bolton,Everton,1.0,2.0,A,13.0,15.0,7.0,11.0,2.39,3.2,2.84,2.52,3.35,3.11
2007-09-01,2007,Fulham,Tottenham,3.0,3.0,D,13.0,13.0,7.0,8.0,3.1,3.23,2.23,3.49,3.4,2.32
2007-09-01,2007,Liverpool,Derby,6.0,0.0,H,20.0,8.0,10.0,3.0,1.18,5.9,14.68,1.21,7.07,20.76
2007-09-01,2007,Man United,Sunderland,1.0,0.0,H,17.0,4.0,9.0,1.0,1.2,5.69,13.67,1.22,6.5,20.76
2007-09-01,2007,Middlesbrough,Birmingham,2.0,0.0,H,13.0,9.0,7.0,4.0,2.0,3.26,3.63,2.15,3.4,4.0
2007-09-01,2007,Newcastle,Wigan,1.0,0.0,H,20.0,7.0,8.0,6.0,1.71,3.4,4.85,1.77,3.7,5.5
2007-09-01,2007,Reading,West Ham,0.0,3.0,A,9.0,13.0,3.0,9.0,2.18,3.24,3.19,2.3,3.45,3.5
2007-09-02,2007,Arsenal,Portsmouth,3.0,1.0,H,10.0,15.0,8.0,10.0,1.5,3.74,6.84,1.57,4.0,8.3
2007-09-02,2007,Aston Villa,Chelsea,2.0,0.0,H,9.0,20.0,5.0,8.0,5.31,3.43,1.66,6.23,3.6,1.8
2007-09-02,2007,Blackburn,Man City,1.0,0.0,H,16.0,7.0,11.0,3.0,2.17,3.22,3.21,2.3,3.45,3.65
2007-09-15,2007,Birmingham,Bolton,1.0,0.0,H,10.0,8.0,5.0,3.0,2.38,3.2,2.82,2.55,3.3,3.01
2007-09-15,2007,Chelsea,Blackburn,0.0,0.0,D,16.0,5.0,8.0,1.0,1.37,4.23,8.55,1.42,4.6,10.07
2007-09-15,2007,Everton,Man United,0.0,1.0,A,8.0,16.0,2.0,8.0,4.29,3.34,1.8,4.9,3.65,1.87
2007-09-15,2007,Portsmouth,Liverpool,0.0,0.0,D,9.0,12.0,2.0,6.0,4.8,3.38,1.72,5.5,3.55,1.8
2007-09-15,2007,Sunderland,Reading,2.0,1.0,H,14.0,10.0,8.0,4.0,2.27,3.21,2.99,2.38,3.37,3.25
2007-09-15,2007,Tottenham,Arsenal,1.0,3.0,A,14.0,16.0,5.0,10.0,2.78,3.17,2.45,3.05,3.3,2.63
2007-09-15,2007,West Ham,Middlesbrough,3.0,0.0,H,13.0,16.0,7.0,12.0,1.96,3.25,3.7,2.05,3.4,4.1
2007-09-15,2007,Wigan,Fulham,1.0,1.0,D,14.0,10.0,4.0,5.0,2.1,3.22,3.33,2.2,3.35,3.7
2007-09-16,2007,Man City,Aston Villa,1.0,0.0,H,12.0,11.0,8.0,2.0,2.23,3.2,3.07,2.4,3.3,3.4
2007-09-17,2007,Derby,Newcastle,1.0,0.0,H,10.0,8.0,3.0,3.0,4.09,3.31,1.85,4.65,3.6,1.91
2007-09-22,2007,Arsenal,Derby,5.0,0.0,H,15.0,4.0,9.0,3.0,1.16,6.12,16.55,1.18,7.11,24.91
2007-09-22,2007,Fulham,Man City,3.0,3.0,D,13.0,11.0,8.0,5.0,2.5,3.17,2.7,2.66,3.3,2.9
2007-09-22,2007,Liverpool,Birmingham,0.0,0.0,D,18.0,5.0,4.0,2.0,1.21,5.42,13.61,1.25,6.02,23.88
2007-09-22,2007,Middlesbrough,Sunderland,2.0,2.0,D,16.0,11.0,5.0,6.0,2.03,3.21,3.56,2.15,3.38,3.9
2007-09-22,2007,Reading,Wigan,2.0,1.0,H,15.0,9.0,7.0,5.0,2.09,3.23,3.38,2.25,3.43,3.8
2007-09-23,2007,Aston Villa,Everton,2.0,0.0,H,8.0,8.0,3.0,6.0,2.22,3.18,3.11,2.35,3.35,3.35
2007-09-23,2007,Blackburn,Portsmouth,0.0,1.0,A,9.0,13.0,3.0,7.0,1.89,3.26,3.98,2.05,3.4,4.33
2007-09-23,2007,Bolton,Tottenham,1.0,1.0,D,5.0,10.0,4.0,7.0,2.76,3.2,2.43,3.05,3.3,2.55
2007-09-23,2007,Man United,Chelsea,2.0,0.0,H,17.0,4.0,9.0,1.0,2.0,3.17,3.7,2.2,3.3,4.2
2007-09-23,2007,Newcastle,West Ham,3.0,1.0,H,12.0,13.0,4.0,8.0,1.98,3.27,3.63,2.1,3.4,3.8
2007-09-29,2007,Birmingham,Man United,0.0,1.0,A,17.0,11.0,9.0,4.0,6.4,3.74,1.51,7.7,4.32,1.57
2007-09-29,2007,Chelsea,Fulham,0.0,0.0,D,16.0,6.0,4.0,1.0,1.31,4.67,9.58,1.4,5.15,13.19
2007-09-29,2007,Derby,Bolton,1.0,1.0,D,10.0,12.0,6.0,7.0,2.57,3.19,2.62,2.86,3.35,2.8
2007-09-29,2007,Man City,Newcastle,3.0,1.0,H,16.0,12.0,12.0,8.0,2.18,3.22,3.18,2.35,3.3,3.6
2007-09-29,2007,Portsmouth,Reading,7.0,4.0,H,25.0,13.0,17.0,7.0,1.75,3.36,4.7,1.82,3.7,5.75
2007-09-29,2007,Sunderland,Blackburn,1.0,2.0,A,14.0,14.0,12.0,8.0,2.61,3.18,2.6,2.9,3.3,2.75
2007-09-29,2007,West Ham,Arsenal,0.0,1.0,A,9.0,16.0,4.0,12.0,4.28,3.41,1.79,4.85,3.9,1.85
2007-09-29,2007,Wigan,Liverpool,0.0,1.0,A,9.0,14.0,3.0,10.0,5.7,3.57,1.59,6.62,4.1,1.67
2007-09-30,2007,Everton,Middlesbrough,2.0,0.0,H,13.0,13.0,9.0,5.0,1.77,3.35,4.45,1.85,3.65,5.2
2007-10-01,2007,Tottenham,Aston Villa,4.0,4.0,D,19.0,7.0,12.0,7.0,1.94,3.22,3.83,2.0,3.35,4.33
2007-10-06,2007,Aston Villa,West Ham,1.0,0.0,H,5.0,8.0,5.0,3.0,1.87,3.29,4.05,2.0,3.6,4.4
2007-10-06,2007,Man United,Wigan,4.0,0.0,H,17.0,6.0,12.0,2.0,1.17,6.05,15.73,1.21,7.0,26.0
2007-10-07,2007,Arsenal,Sunderland,3.0,2.0,H,18.0,11.0,8.0,7.0,1.18,5.92,15.21,1.22,6.8,23.0
2007-10-07,2007,Blackburn,Birmingham,2.0,1.0,H,17.0,6.0,5.0,5.0,1.67,3.45,5.14,1.73,3.75,5.8
2007-10-07,2007,Bolton,Chelsea,0.0,1.0,A,13.0,15.0,7.0,8.0,4.88,3.44,1.7,5.5,3.76,1.75
2007-10-07,2007,Fulham,Portsmouth,0.0,2.0,A,13.0,14.0,10.0,8.0,2.45,3.22,2.74,2.63,3.35,2.9
2007-10-07,2007,Liverpool,Tottenham,2.0,2.0,D,21.0,11.0,9.0,6.0,1.53,3.67,6.26,1.58,4.13,7.0
2007-10-07,2007,Man City,Middlesbrough,3.0,1.0,H,18.0,17.0,13.0,11.0,1.66,3.43,5.22,1.73,3.74,5.75
2007-10-07,2007,Newcastle,Everton,3.0,2.0,H,15.0,11.0,10.0,6.0,2.05,3.22,3.49,2.15,3.3,3.85
2007-10-07,2007,Reading,Derby,1.0,0.0,H,11.0,7.0,3.0,0.0,1.72,3.39,4.85,1.8,3.7,5.7
2007-10-20,2007,Arsenal,Bolton,2.0,0.0,H,19.0,1.0,9.0,0.0,1.23,5.29,12.05,1.29,5.55,17.0
2007-10-20,2007,Aston Villa,Man United,1.0,4.0,A,11.0,21.0,5.0,13.0,4.61,3.37,1.76,5.0,3.6,1.83
2007-10-20,2007,Blackburn,Reading,4.0,2.0,H,11.0,13.0,6.0,7.0,1.68,3.41,5.21,1.73,3.68,6.5
2007-10-20,2007,Everton,Liverpool,1.0,2.0,A,6.0,17.0,1.0,7.0,3.45,3.19,2.09,3.74,3.31,2.2
2007-10-20,2007,Fulham,Derby,0.0,0.0,D,13.0,13.0,9.0,9.0,1.7,3.43,4.93,1.75,3.79,5.7
2007-10-20,2007,Man City,Birmingham,1.0,0.0,H,12.0,13.0,4.0,8.0,1.55,3.58,6.26,1.62,3.81,7.06
2007-10-20,2007,Middlesbrough,Chelsea,0.0,2.0,A,7.0,9.0,4.0,6.0,5.31,3.51,1.64,6.0,3.75,1.7
2007-10-20,2007,Wigan,Portsmouth,0.0,2.0,A,7.0,15.0,0.0,8.0,2.84,3.2,2.4,3.15,3.4,2.5
2007-10-21,2007,West Ham,Sunderland,3.0,1.0,H,12.0,16.0,7.0,10.0,1.82,3.28,4.37,1.98,3.5,4.75
2007-10-22,2007,Newcastle,Tottenham,3.0,1.0,H,15.0,11.0,7.0,4.0,2.34,3.21,2.9,2.59,3.4,3.1
2007-10-27,2007,Birmingham,Wigan,3.0,2.0,H,16.0,8.0,10.0,5.0,2.06,3.22,3.47,2.14,3.35,4.0
2007-10-27,2007,Chelsea,Man City,6.0,0.0,H,16.0,7.0,9.0,4.0,1.49,3.77,6.76,1.55,4.21,7.5
2007-10-27,2007,Man United,Middlesbrough,4.0,1.0,H,18.0,7.0,14.0,4.0,1.19,5.75,14.34,1.23,7.0,20.76
2007-10-27,2007,Portsmouth,West Ham,0.0,0.0,D,10.0,10.0,3.0,3.0,1.77,3.34,4.51,1.85,3.57,5.2
2007-10-27,2007,Reading,Newcastle,2.0,1.0,H,12.0,6.0,5.0,2.0,2.64,3.2,2.55,2.85,3.3,2.66
2007-10-27,2007,Sunderland,Fulham,1.0,1.0,D,8.0,8.0,6.0,3.0,2.05,3.23,3.49,2.14,3.4,3.85
2007-10-28,2007,Bolton,Aston Villa,1.0,1.0,D,13.0,8.0,6.0,3.0,2.56,3.18,2.64,2.75,3.35,2.85
2007-10-28,2007,Derby,Everton,0.0,2.0,A,5.0,7.0,2.0,3.0,3.26,3.19,2.15,3.8,3.3,2.25
2007-10-28,2007,Liverpool,Arsenal,1.0,1.0,D,11.0,11.0,8.0,4.0,2.41,3.15,2.84,2.6,3.3,3.05
2007-10-28,2007,Tottenham,Blackburn,1.0,2.0,A,9.0,9.0,6.0,4.0,2.12,3.25,3.27,2.3,3.4,3.5
2007-11-03,2007,Arsenal,Man United,2.0,2.0,D,16.0,10.0,6.0,4.0,2.43,3.13,2.86,2.53,3.22,3.15
2007-11-03,2007,Aston Villa,Derby,2.0,0.0,H,15.0,8.0,7.0,2.0,1.42,4.01,7.8,1.45,4.4,9.14
2007-11-03,2007,Blackburn,Liverpool,0.0,0.0,D,15.0,11.0,7.0,7.0,2.93,3.21,2.33,3.2,3.35,2.5
2007-11-03,2007,Everton,Birmingham,3.0,1.0,H,16.0,7.0,9.0,6.0,1.67,3.4,5.3,1.73,3.6,6.02
2007-11-03,2007,Fulham,Reading,3.0,1.0,H,9.0,13.0,7.0,6.0,2.19,3.21,3.18,2.3,3.3,3.45
2007-11-03,2007,Middlesbrough,Tottenham,1.0,1.0,D,5.0,9.0,3.0,4.0,2.76,3.21,2.45,3.2,3.32,2.5
2007-11-03,2007,Newcastle,Portsmouth,1.0,4.0,A,14.0,10.0,7.0,7.0,2.07,3.24,3.43,2.16,3.4,3.7
2007-11-03,2007,Wigan,Chelsea,0.0,2.0,A,10.0,13.0,3.0,7.0,7.75,4.05,1.41,9.5,4.45,1.45
2007-11-04,2007,West Ham,Bolton,1.0,1.0,D,9.0,11.0,7.0,6.0,1.85,3.28,4.15,2.02,3.4,4.5
2007-11-05,2007,Man City,Sunderland,1.0,0.0,H,7.0,8.0,3.0,2.0,1.57,3.6,5.95,1.67,3.85,7.0
2007-11-10,2007,Derby,West Ham,0.0,5.0,A,9.0,16.0,2.0,11.0,3.15,3.22,2.2,3.45,3.4,2.3
2007-11-10,2007,Liverpool,Fulham,2.0,0.0,H,20.0,5.0,12.0,3.0,1.27,4.85,11.4,1.3,5.5,13.49
2007-11-10,2007,Sunderland,Newcastle,1.0,1.0,D,19.0,9.0,8.0,5.0,2.72,3.17,2.52,2.9,3.3,2.75
2007-11-11,2007,Birmingham,Aston Villa,1.0,2.0,A,13.0,13.0,8.0,6.0,2.62,3.15,2.61,2.85,3.25,2.75
2007-11-11,2007,Bolton,Middlesbrough,0.0,0.0,D,15.0,8.0,7.0,7.0,2.07,3.24,3.44,2.15,3.4,3.85
2007-11-11,2007,Chelsea,Everton,1.0,1.0,D,15.0,6.0,10.0,2.0,1.34,4.37,9.04,1.37,5.0,10.9
2007-11-11,2007,Man United,Blackburn,2.0,0.0,H,22.0,12.0,15.0,7.0,1.34,4.4,8.82,1.37,4.75,10.0
2007-11-11,2007,Portsmouth,Man City,0.0,0.0,D,20.0,10.0,12.0,5.0,1.99,3.27,3.64,2.05,3.45,4.2
2007-11-11,2007,Tottenham,Wigan,4.0,0.0,H,19.0,6.0,8.0,2.0,1.46,3.84,7.34,1.5,4.25,8.2
2007-11-12,2007,Reading,Arsenal,1.0,3.0,A,8.0,16.0,5.0,7.0,6.59,3.8,1.5,7.3,4.33,1.55
2007-11-24,2007,Arsenal,Wigan,2.0,0.0,H,13.0,7.0,6.0,2.0,1.15,6.41,16.25,1.17,7.31,22.0
2007-11-24,2007,Birmingham,Portsmouth,0.0,2.0,A,4.0,15.0,3.0,8.0,2.99,3.2,2.29,3.35,3.35,2.4
2007-11-24,2007,Bolton,Man United,1.0,0.0,H,6.0,13.0,5.0,3.0,7.62,3.89,1.44,9.05,4.35,1.5
2007-11-24,2007,Derby,Chelsea,0.0,2.0,A,9.0,9.0,4.0,5.0,11.65,5.15,1.25,15.0,6.0,1.29
2007-11-24,2007,Everton,Sunderland,7.0,1.0,H,24.0,13.0,18.0,7.0,1.6,3.53,5.75,1.67,3.75,6.5
2007-11-24,2007,Man City,Reading,2.0,1.0,H,13.0,5.0,9.0,3.0,1.56,3.6,6.04,1.65,3.8,6.5
2007-11-24,2007,Middlesbrough,Aston Villa,0.0,3.0,A,15.0,11.0,8.0,8.0,2.67,3.17,2.54,2.95,3.25,2.7
2007-11-24,2007,Newcastle,Liverpool,0.0,3.0,A,6.0,17.0,2.0,11.0,3.65,3.24,2.0,4.33,3.4,2.1
2007-11-25,2007,Fulham,Blackburn,2.0,2.0,D,5.0,12.0,2.0,10.0,2.79,3.17,2.44,3.1,3.3,2.55
2007-11-25,2007,West Ham,Tottenham,1.0,1.0,D,14.0,9.0,9.0,5.0,2.7,3.19,2.5,2.95,3.3,2.6
2007-11-28,2007,Blackburn,Aston Villa,0.0,4.0,A,16.0,7.0,10.0,7.0,2.14,3.2,3.29,2.25,3.3,3.6
2007-12-01,2007,Aston Villa,Arsenal,1.0,2.0,A,11.0,14.0,5.0,9.0,3.85,3.25,1.93,4.2,3.4,2.13
2007-12-01,2007,Blackburn,Newcastle,3.0,1.0,H,13.0,20.0,6.0,8.0,1.88,3.27,4.06,1.95,3.4,4.5
2007-12-01,2007,Chelsea,West Ham,1.0,0.0,H,14.0,4.0,5.0,1.0,1.28,4.89,10.12,1.33,5.3,13.0
2007-12-01,2007,Portsmouth,Everton,0.0,0.0,D,20.0,4.0,6.0,2.0,2.17,3.21,3.21,2.31,3.3,3.5
2007-12-01,2007,Reading,Middlesbrough,1.0,1.0,D,12.0,16.0,7.0,11.0,1.97,3.23,3.77,2.1,3.35,4.2
2007-12-01,2007,Sunderland,Derby,1.0,0.0,H,20.0,12.0,9.0,9.0,1.66,3.47,5.16,1.76,3.7,6.0
2007-12-01,2007,Wigan,Man City,1.0,1.0,D,5.0,4.0,4.0,1.0,3.01,3.17,2.28,3.25,3.25,2.4
2007-12-02,2007,Liverpool,Bolton,4.0,0.0,H,23.0,6.0,14.0,3.0,1.29,4.78,10.0,1.33,5.3,13.0
2007-12-02,2007,Tottenham,Birmingham,2.0,3.0,A,17.0,7.0,9.0,3.0,1.42,4.06,7.52,1.5,4.6,8.25
2007-12-03,2007,Man United,Fulham,2.0,0.0,H,15.0,12.0,11.0,3.0,1.18,6.03,14.23,1.2,7.0,18.0
2007-12-05,2007,Newcastle,Arsenal,1.0,1.0,D,12.0,6.0,8.0,2.0,5.29,3.51,1.64,6.1,3.75,1.7
2007-12-08,2007,Aston Villa,Portsmouth,1.0,3.0,A,14.0,12.0,6.0,8.0,2.09,3.21,3.41,2.19,3.3,3.75
2007-12-08,2007,Chelsea,Sunderland,2.0,0.0,H,11.0,9.0,4.0,2.0,1.17,6.31,15.0,1.2,7.0,21.0
2007-12-08,2007,Everton,Fulham,3.0,0.0,H,15.0,6.0,11.0,4.0,1.58,3.55,5.93,1.62,3.9,6.6
2007-12-08,2007,Man United,Derby,4.0,1.0,H,23.0,10.0,12.0,6.0,1.11,7.45,20.96,1.13,9.2,28.0
2007-12-08,2007,Newcastle,Birmingham,2.0,1.0,H,17.0,7.0,9.0,4.0,1.83,3.3,4.29,1.91,3.5,5.0
2007-12-08,2007,Reading,Liverpool,3.0,1.0,H,7.0,15.0,4.0,5.0,5.47,3.45,1.64,6.75,3.6,1.67
2007-12-09,2007,Blackburn,West Ham,0.0,1.0,A,15.0,11.0,7.0,5.0,1.82,3.31,4.28,1.91,3.5,4.75
2007-12-09,2007,Bolton,Wigan,4.0,1.0,H,8.0,11.0,6.0,7.0,1.97,3.25,3.72,2.1,3.4,4.0
2007-12-09,2007,Middlesbrough,Arsenal,2.0,1.0,H,13.0,7.0,7.0,4.0,6.49,3.65,1.52,7.5,3.9,1.58
2007-12-09,2007,Tottenham,Man City,2.0,1.0,H,12.0,7.0,8.0,3.0,2.04,3.24,3.51,2.15,3.4,3.9
2007-12-15,2007,Birmingham,Reading,1.0,1.0,D,15.0,10.0,9.0,6.0,2.13,3.21,3.3,2.25,3.3,3.85
2007-12-15,2007,Derby,Middlesbrough,0.0,1.0,A,13.0,7.0,9.0,5.0,2.91,3.21,2.33,3.26,3.3,2.5
2007-12-15,2007,Fulham,Newcastle,0.0,1.0,A,10.0,6.0,5.0,4.0,2.43,3.18,2.78,2.61,3.3,3.0
2007-12-15,2007,Man City,Bolton,4.0,2.0,H,15.0,9.0,11.0,3.0,1.78,3.31,4.56,1.89,3.45,5.1
2007-12-15,2007,Portsmouth,Tottenham,0.0,1.0,A,9.0,12.0,5.0,5.0,2.14,3.22,3.27,2.24,3.4,3.5
2007-12-15,2007,Sunderland,Aston Villa,1.0,1.0,D,9.0,14.0,7.0,11.0,2.99,3.18,2.3,3.3,3.25,2.4
2007-12-15,2007,West Ham,Everton,0.0,2.0,A,11.0,12.0,3.0,8.0,2.45,3.19,2.76,2.67,3.25,2.9
2007-12-15,2007,Wigan,Blackburn,5.0,3.0,H,9.0,9.0,7.0,5.0,3.02,3.19,2.27,3.36,3.3,2.38
2007-12-16,2007,Arsenal,Chelsea,1.0,0.0,H,11.0,10.0,5.0,7.0,2.4,3.06,2.97,2.6,3.25,3.2
2007-12-16,2007,Liverpool,Man United,0.0,1.0,A,19.0,5.0,6.0,3.0,2.57,3.05,2.73,2.7,3.2,2.92
2007-12-22,2007,Arsenal,Tottenham,2.0,1.0,H,9.0,10.0,5.0,5.0,1.5,3.72,6.78,1.53,4.0,8.0
2007-12-22,2007,Aston Villa,Man City,1.0,1.0,D,9.0,6.0,6.0,2.0,2.03,3.21,3.56,2.15,3.4,4.1
2007-12-22,2007,Bolton,Birmingham,3.0,0.0,H,10.0,4.0,6.0,1.0,1.88,3.25,4.07,2.0,3.45,4.65
2007-12-22,2007,Fulham,Wigan,1.0,1.0,D,9.0,10.0,3.0,4.0,2.03,3.24,3.49,2.28,3.3,3.9
2007-12-22,2007,Liverpool,Portsmouth,4.0,1.0,H,14.0,9.0,7.0,3.0,1.49,3.73,6.82,1.57,4.0,8.0
2007-12-22,2007,Middlesbrough,West Ham,1.0,2.0,A,7.0,8.0,2.0,4.0,2.26,3.22,3.0,2.4,3.35,3.4
2007-12-22,2007,Reading,Sunderland,2.0,1.0,H,17.0,8.0,9.0,4.0,1.87,3.26,4.1,2.0,3.4,4.6
2007-12-23,2007,Blackburn,Chelsea,0.0,1.0,A,16.0,10.0,7.0,8.0,4.17,3.26,1.85,4.7,3.4,2.0
2007-12-23,2007,Man United,Everton,2.0,1.0,H,18.0,4.0,11.0,2.0,1.37,4.19,8.27,1.42,4.8,9.25
2007-12-23,2007,Newcastle,Derby,2.0,2.0,D,23.0,9.0,13.0,6.0,1.34,4.31,8.99,1.4,4.9,11.15
2007-12-26,2007,Birmingham,Middlesbrough,3.0,0.0,H,13.0,18.0,5.0,12.0,2.21,3.22,3.12,2.3,3.35,3.4
2007-12-26,2007,Chelsea,Aston Villa,4.0,4.0,D,14.0,9.0,8.0,4.0,1.4,4.08,8.14,1.45,4.33,9.1
2007-12-26,2007,Derby,Liverpool,1.0,2.0,A,9.0,22.0,4.0,10.0,10.29,4.81,1.29,13.0,5.15,1.33
2007-12-26,2007,Everton,Bolton,2.0,0.0,H,18.0,9.0,10.0,7.0,1.69,3.42,4.99,1.81,3.6,5.52
2007-12-26,2007,Portsmouth,Arsenal,0.0,0.0,D,9.0,12.0,6.0,6.0,4.44,3.33,1.79,4.8,3.5,1.89
2007-12-26,2007,Sunderland,Man United,0.0,4.0,A,10.0,17.0,3.0,11.0,8.33,4.24,1.37,9.9,4.85,1.41
2007-12-26,2007,Tottenham,Fulham,5.0,1.0,H,12.0,9.0,8.0,4.0,1.43,3.9,7.86,1.47,4.45,9.1
2007-12-26,2007,West Ham,Reading,1.0,1.0,D,18.0,13.0,11.0,10.0,1.86,3.28,4.17,1.95,3.45,4.5
2007-12-26,2007,Wigan,Newcastle,1.0,0.0,H,8.0,7.0,6.0,6.0,2.63,3.2,2.57,2.75,3.3,2.75
2007-12-27,2007,Man City,Blackburn,2.0,2.0,D,5.0,7.0,2.0,5.0,2.04,3.24,3.46,2.21,3.35,3.8
2007-12-29,2007,Birmingham,Fulham,1.0,1.0,D,15.0,10.0,6.0,7.0,1.88,3.3,4.0,1.95,3.45,4.5
2007-12-29,2007,Chelsea,Newcastle,2.0,1.0,H,16.0,3.0,10.0,2.0,1.39,4.17,8.09,1.5,4.5,9.02
2007-12-29,2007,Everton,Arsenal,1.0,4.0,A,10.0,10.0,3.0,7.0,3.34,3.24,2.1,3.6,3.4,2.21
2007-12-29,2007,Portsmouth,Middlesbrough,0.0,1.0,A,18.0,13.0,9.0,7.0,1.64,3.5,5.24,1.7,3.7,6.0
2007-12-29,2007,Sunderland,Bolton,3.0,1.0,H,5.0,5.0,5.0,3.0,2.5,3.2,2.7,2.7,3.3,2.88
2007-12-29,2007,Tottenham,Reading,6.0,4.0,H,14.0,11.0,12.0,8.0,1.47,3.87,6.73,1.55,4.25,7.6
2007-12-29,2007,West Ham,Man United,2.0,1.0,H,11.0,7.0,5.0,3.0,6.57,3.76,1.5,7.7,4.24,1.55
2007-12-29,2007,Wigan,Aston Villa,1.0,2.0,A,3.0,5.0,3.0,4.0,2.93,3.22,2.31,3.25,3.3,2.4
2007-12-30,2007,Derby,Blackburn,1.0,2.0,A,13.0,23.0,7.0,18.0,4.05,3.33,1.85,4.5,3.7,1.9
2007-12-30,2007,Man City,Liverpool,0.0,0.0,D,4.0,19.0,3.0,11.0,3.44,3.23,2.06,3.9,3.4,2.15
2008-01-01,2007,Arsenal,West Ham,2.0,0.0,H,21.0,15.0,13.0,7.0,1.31,4.68,9.52,1.36,5.21,11.0
2008-01-01,2007,Aston Villa,Tottenham,2.0,1.0,H,14.0,9.0,4.0,6.0,2.36,3.22,2.88,2.55,3.3,3.1
2008-01-01,2007,Fulham,Chelsea,1.0,2.0,A,5.0,11.0,2.0,5.0,6.71,3.78,1.5,7.25,4.12,1.57
2008-01-01,2007,Man United,Birmingham,1.0,0.0,H,18.0,11.0,13.0,4.0,1.16,6.51,15.63,1.18,7.5,19.0
2008-01-01,2007,Middlesbrough,Everton,0.0,2.0,A,7.0,5.0,4.0,3.0,2.9,3.2,2.36,3.16,3.3,2.5
2008-01-01,2007,Reading,Portsmouth,0.0,2.0,A,9.0,18.0,5.0,13.0,2.66,3.2,2.55,2.9,3.3,2.75
2008-01-02,2007,Blackburn,Sunderland,1.0,0.0,H,8.0,7.0,3.0,4.0,1.58,3.62,5.79,1.62,4.02,6.8
2008-01-02,2007,Bolton,Derby,1.0,0.0,H,12.0,9.0,5.0,3.0,1.49,3.78,6.81,1.53,4.15,7.9
2008-01-02,2007,Liverpool,Wigan,1.0,1.0,D,15.0,6.0,11.0,1.0,1.22,5.37,13.09,1.25,6.0,16.5
2008-01-02,2007,Newcastle,Man City,0.0,2.0,A,16.0,12.0,10.0,7.0,2.22,3.23,3.09,2.3,3.4,3.35
2008-01-12,2007,Arsenal,Birmingham,1.0,1.0,D,16.0,2.0,9.0,2.0,1.18,6.03,14.53,1.21,6.7,18.0
2008-01-12,2007,Aston Villa,Reading,3.0,1.0,H,14.0,6.0,8.0,3.0,1.59,3.6,5.76,1.66,3.85,6.5
2008-01-12,2007,Chelsea,Tottenham,2.0,0.0,H,8.0,6.0,6.0,2.0,1.69,3.43,5.09,1.83,3.6,5.7
2008-01-12,2007,Derby,Wigan,0.0,1.0,A,2.0,12.0,1.0,4.0,2.81,3.21,2.42,3.15,3.26,2.61
2008-01-12,2007,Everton,Man City,1.0,0.0,H,10.0,5.0,5.0,1.0,2.11,3.23,3.37,2.2,3.35,3.75
2008-01-12,2007,Man United,Newcastle,6.0,0.0,H,30.0,7.0,21.0,5.0,1.24,5.15,12.38,1.26,5.75,16.0
2008-01-12,2007,Middlesbrough,Liverpool,1.0,1.0,D,8.0,14.0,3.0,7.0,4.95,3.44,1.7,5.5,3.8,1.75
2008-01-12,2007,West Ham,Fulham,2.0,1.0,H,12.0,9.0,9.0,2.0,1.71,3.44,4.86,1.83,3.69,5.25
2008-01-13,2007,Bolton,Blackburn,1.0,2.0,A,9.0,13.0,5.0,6.0,2.44,3.19,2.8,2.7,3.3,2.9
2008-01-13,2007,Sunderland,Portsmouth,2.0,0.0,H,12.0,9.0,5.0,5.0,2.7,3.19,2.53,2.87,3.3,2.77
2008-01-19,2007,Birmingham,Chelsea,0.0,1.0,A,15.0,12.0,7.0,9.0,5.8,3.55,1.59,6.85,3.85,1.7
2008-01-19,2007,Blackburn,Middlesbrough,1.0,1.0,D,14.0,10.0,5.0,5.0,1.71,3.41,4.88,1.8,3.6,5.5
2008-01-19,2007,Fulham,Arsenal,0.0,3.0,A,5.0,11.0,0.0,4.0,7.19,3.84,1.47,8.0,4.18,1.53
2008-01-19,2007,Newcastle,Bolton,0.0,0.0,D,13.0,7.0,5.0,5.0,1.75,3.41,4.52,1.91,3.7,5.33
2008-01-19,2007,Portsmouth,Derby,3.0,1.0,H,18.0,8.0,8.0,5.0,1.41,4.02,8.12,1.45,4.35,9.29
2008-01-19,2007,Reading,Man United,0.0,2.0,A,9.0,21.0,6.0,9.0,8.33,4.15,1.39,9.76,4.66,1.44
2008-01-19,2007,Tottenham,Sunderland,2.0,0.0,H,17.0,14.0,13.0,8.0,1.42,4.01,7.76,1.45,4.6,8.65
2008-01-20,2007,Man City,West Ham,1.0,1.0,D,11.0,11.0,6.0,5.0,1.94,3.26,3.87,2.09,3.4,4.25
2008-01-20,2007,Wigan,Everton,1.0,2.0,A,14.0,11.0,3.0,6.0,3.04,3.22,2.26,3.29,3.35,2.4
2008-01-21,2007,Liverpool,Aston Villa,2.0,2.0,D,17.0,4.0,7.0,3.0,1.59,3.57,5.83,1.67,3.83,6.5
2008-01-26,2007,Aston Villa,Blackburn,1.0,1.0,D,5.0,9.0,3.0,4.0,1.94,3.27,3.82,2.05,3.4,4.2
2008-01-29,2007,Arsenal,Newcastle,3.0,0.0,H,10.0,7.0,4.0,3.0,1.29,4.75,10.55,1.33,5.35,13.1
2008-01-29,2007,Bolton,Fulham,0.0,0.0,D,13.0,9.0,4.0,4.0,1.86,3.28,4.16,1.95,3.47,4.6
2008-01-29,2007,Middlesbrough,Wigan,1.0,0.0,H,7.0,10.0,3.0,6.0,1.9,3.27,3.99,2.01,3.4,4.33
2008-01-29,2007,Sunderland,Birmingham,2.0,0.0,H,9.0,5.0,6.0,2.0,2.23,3.2,3.1,2.31,3.35,3.35
2008-01-30,2007,Chelsea,Reading,1.0,0.0,H,16.0,7.0,10.0,2.0,1.22,5.48,12.59,1.25,6.0,16.0
2008-01-30,2007,Derby,Man City,1.0,1.0,D,12.0,10.0,6.0,5.0,5.09,3.45,1.67,5.75,3.7,1.73
2008-01-30,2007,Everton,Tottenham,0.0,0.0,D,11.0,5.0,6.0,4.0,2.31,3.19,2.97,2.4,3.3,3.3
2008-01-30,2007,Man United,Portsmouth,2.0,0.0,H,25.0,3.0,14.0,3.0,1.24,5.18,11.64,1.29,5.75,15.0
2008-01-30,2007,West Ham,Liverpool,1.0,0.0,H,8.0,13.0,2.0,5.0,3.85,3.29,1.93,4.2,3.5,2.0
2008-02-02,2007,Birmingham,Derby,1.0,1.0,D,11.0,6.0,7.0,3.0,1.59,3.57,5.92,1.65,3.9,6.5
2008-02-02,2007,Blackburn,Everton,0.0,0.0,D,13.0,10.0,3.0,4.0,2.33,3.2,2.98,2.45,3.3,3.25
2008-02-02,2007,Liverpool,Sunderland,3.0,0.0,H,14.0,6.0,11.0,3.0,1.27,4.94,11.31,1.3,5.3,13.5
2008-02-02,2007,Man City,Arsenal,1.0,3.0,A,5.0,14.0,2.0,9.0,4.41,3.39,1.79,4.75,3.6,1.9
2008-02-02,2007,Portsmouth,Chelsea,1.0,1.0,D,17.0,20.0,6.0,12.0,5.01,3.4,1.71,5.5,3.65,1.77
2008-02-02,2007,Reading,Bolton,0.0,2.0,A,9.0,8.0,6.0,4.0,2.06,3.26,3.48,2.16,3.4,3.82
2008-02-02,2007,Tottenham,Man United,1.0,1.0,D,10.0,16.0,8.0,10.0,4.14,3.36,1.86,4.9,3.58,1.91
2008-02-02,2007,Wigan,West Ham,1.0,0.0,H,10.0,5.0,3.0,1.0,2.6,3.19,2.63,2.83,3.3,2.8
2008-02-03,2007,Fulham,Aston Villa,2.0,1.0,H,11.0,11.0,8.0,6.0,3.14,3.22,2.22,3.4,3.3,2.34
2008-02-03,2007,Newcastle,Middlesbrough,1.0,1.0,D,10.0,19.0,8.0,11.0,1.92,3.26,3.99,2.04,3.35,4.35
2008-02-09,2007,Aston Villa,Newcastle,4.0,1.0,H,13.0,5.0,8.0,3.0,1.84,3.3,4.27,1.91,3.51,4.8
2008-02-09,2007,Bolton,Portsmouth,0.0,1.0,A,19.0,7.0,10.0,4.0,2.49,3.19,2.74,2.78,3.3,2.9
2008-02-09,2007,Derby,Tottenham,0.0,3.0,A,10.0,13.0,6.0,8.0,6.21,3.7,1.54,7.0,4.28,1.6
2008-02-09,2007,Everton,Reading,1.0,0.0,H,11.0,14.0,6.0,5.0,1.53,3.71,6.37,1.57,4.19,7.39
2008-02-09,2007,Middlesbrough,Fulham,1.0,0.0,H,11.0,10.0,6.0,5.0,1.87,3.28,4.13,1.95,3.5,4.65
2008-02-09,2007,Sunderland,Wigan,2.0,0.0,H,9.0,21.0,4.0,11.0,2.09,3.22,3.41,2.25,3.4,3.65
2008-02-09,2007,West Ham,Birmingham,1.0,1.0,D,18.0,5.0,10.0,3.0,1.78,3.36,4.47,1.86,3.6,5.0
2008-02-10,2007,Chelsea,Liverpool,0.0,0.0,D,5.0,10.0,3.0,4.0,1.94,3.18,4.04,2.05,3.25,4.5
2008-02-10,2007,Man United,Man City,1.0,2.0,A,19.0,9.0,9.0,7.0,1.28,4.78,10.65,1.33,5.4,13.0
2008-02-11,2007,Arsenal,Blackburn,2.0,0.0,H,13.0,6.0,9.0,2.0,1.33,4.41,9.47,1.36,4.85,11.9
2008-02-23,2007,Birmingham,Arsenal,2.0,2.0,D,2.0,26.0,1.0,13.0,7.16,3.84,1.47,8.0,4.33,1.55
2008-02-23,2007,Fulham,West Ham,0.0,1.0,A,18.0,12.0,14.0,6.0,2.59,3.18,2.64,2.8,3.3,2.8
2008-02-23,2007,Liverpool,Middlesbrough,3.0,2.0,H,13.0,6.0,8.0,3.0,1.39,4.14,8.32,1.44,4.65,10.0
2008-02-23,2007,Newcastle,Man United,1.0,5.0,A,10.0,16.0,5.0,10.0,7.08,3.8,1.48,8.0,4.3,1.53
2008-02-23,2007,Portsmouth,Sunderland,1.0,0.0,H,17.0,5.0,10.0,2.0,1.61,3.53,5.75,1.65,3.84,6.5
2008-02-23,2007,Wigan,Derby,2.0,0.0,H,22.0,5.0,18.0,3.0,1.6,3.56,5.71,1.67,3.92,6.5
2008-02-24,2007,Blackburn,Bolton,4.0,1.0,H,11.0,15.0,6.0,9.0,1.81,3.31,4.43,1.87,3.5,4.9
2008-02-24,2007,Reading,Aston Villa,1.0,2.0,A,9.0,19.0,6.0,11.0,3.01,3.22,2.29,3.3,3.4,2.4
2008-02-25,2007,Man City,Everton,0.0,2.0,A,20.0,13.0,12.0,8.0,2.34,3.19,2.97,2.56,3.25,3.2
2008-03-01,2007,Arsenal,Aston Villa,1.0,1.0,D,16.0,5.0,7.0,4.0,1.54,3.66,6.36,1.63,4.0,7.0
2008-03-01,2007,Birmingham,Tottenham,4.0,1.0,H,13.0,19.0,10.0,10.0,3.76,3.28,1.96,4.2,3.5,2.05
2008-03-01,2007,Derby,Sunderland,0.0,0.0,D,8.0,13.0,4.0,5.0,3.08,3.23,2.24,3.4,3.4,2.35
2008-03-01,2007,Fulham,Man United,0.0,3.0,A,13.0,16.0,7.0,10.0,9.37,4.46,1.34,11.8,5.0,1.36
2008-03-01,2007,Man City,Wigan,0.0,0.0,D,12.0,8.0,6.0,5.0,1.72,3.39,5.0,1.86,3.5,5.6
2008-03-01,2007,Middlesbrough,Reading,0.0,1.0,A,10.0,6.0,5.0,3.0,1.82,3.34,4.38,1.96,3.5,4.75
2008-03-01,2007,Newcastle,Blackburn,0.0,1.0,A,17.0,14.0,9.0,6.0,2.47,3.22,2.74,2.65,3.3,2.9
2008-03-01,2007,West Ham,Chelsea,0.0,4.0,A,9.0,13.0,7.0,8.0,4.43,3.29,1.82,5.0,3.5,1.95
2008-03-02,2007,Bolton,Liverpool,1.0,3.0,A,7.0,12.0,2.0,9.0,4.54,3.4,1.77,4.95,3.65,1.8
2008-03-02,2007,Everton,Portsmouth,3.0,1.0,H,13.0,9.0,5.0,5.0,1.84,3.31,4.28,1.91,3.5,4.9
2008-03-05,2007,Liverpool,West Ham,4.0,0.0,H,20.0,2.0,11.0,2.0,1.42,4.02,7.8,1.45,4.43,9.14
2008-03-08,2007,Blackburn,Fulham,1.0,1.0,D,14.0,8.0,4.0,4.0,1.52,3.75,6.45,1.57,4.12,7.15
2008-03-08,2007,Liverpool,Newcastle,3.0,0.0,H,15.0,6.0,13.0,4.0,1.38,4.17,8.71,1.45,4.7,10.0
2008-03-08,2007,Reading,Man City,2.0,0.0,H,13.0,12.0,8.0,5.0,2.46,3.18,2.8,2.56,3.3,3.0
2008-03-09,2007,Sunderland,Everton,0.0,1.0,A,9.0,7.0,6.0,6.0,3.19,3.22,2.2,3.5,3.4,2.35
2008-03-09,2007,Tottenham,West Ham,4.0,0.0,H,18.0,8.0,11.0,4.0,1.79,3.39,4.43,1.9,3.7,4.75
2008-03-09,2007,Wigan,Arsenal,0.0,0.0,D,6.0,10.0,3.0,6.0,6.18,3.64,1.56,7.45,4.0,1.6
2008-03-12,2007,Aston Villa,Middlesbrough,1.0,1.0,D,5.0,10.0,3.0,2.0,1.59,3.55,5.67,1.65,3.9,6.8
2008-03-12,2007,Chelsea,Derby,6.0,1.0,H,14.0,4.0,10.0,3.0,1.1,7.7,21.82,1.13,9.0,27.0
2008-03-12,2007,Portsmouth,Birmingham,4.0,2.0,H,13.0,7.0,9.0,5.0,1.77,3.32,4.55,1.87,3.5,5.0
2008-03-15,2007,Arsenal,Middlesbrough,1.0,1.0,D,17.0,4.0,9.0,1.0,1.25,5.14,11.51,1.29,5.75,14.3
2008-03-15,2007,Derby,Man United,0.0,1.0,A,10.0,17.0,8.0,9.0,15.63,6.25,1.17,19.5,8.15,1.2
2008-03-15,2007,Liverpool,Reading,2.0,1.0,H,19.0,7.0,8.0,3.0,1.26,5.04,11.36,1.29,5.86,15.2
2008-03-15,2007,Portsmouth,Aston Villa,2.0,0.0,H,13.0,16.0,5.0,10.0,2.35,3.2,2.92,2.47,3.4,3.1
2008-03-15,2007,Sunderland,Chelsea,0.0,1.0,A,11.0,11.0,4.0,3.0,7.26,3.9,1.46,8.15,4.37,1.53
2008-03-15,2007,West Ham,Blackburn,2.0,1.0,H,12.0,9.0,6.0,5.0,2.39,3.22,2.84,2.5,3.4,3.1
2008-03-16,2007,Fulham,Everton,1.0,0.0,H,10.0,7.0,2.0,4.0,3.42,3.24,2.09,3.6,3.4,2.23
2008-03-16,2007,Man City,Tottenham,2.0,1.0,H,13.0,12.0,8.0,7.0,2.54,3.2,2.67,2.75,3.38,2.85
2008-03-16,2007,Wigan,Bolton,1.0,0.0,H,10.0,12.0,7.0,7.0,2.16,3.21,3.26,2.25,3.31,3.5
2008-03-17,2007,Birmingham,Newcastle,1.0,1.0,D,12.0,13.0,4.0,7.0,2.2,3.22,3.15,2.3,3.4,3.45
2008-03-19,2007,Man United,Bolton,2.0,0.0,H,21.0,14.0,12.0,10.0,1.16,6.6,15.34,1.18,8.42,20.0
2008-03-19,2007,Tottenham,Chelsea,4.0,4.0,D,10.0,10.0,9.0,8.0,3.4,3.25,2.08,3.74,3.45,2.2
2008-03-22,2007,Aston Villa,Sunderland,0.0,1.0,A,9.0,12.0,3.0,3.0,1.56,3.61,6.1,1.62,4.03,6.9
2008-03-22,2007,Blackburn,Wigan,3.0,1.0,H,11.0,14.0,7.0,7.0,1.73,3.38,4.78,1.82,3.6,5.5
2008-03-22,2007,Bolton,Man City,0.0,0.0,D,17.0,7.0,7.0,4.0,2.37,3.2,2.9,2.5,3.3,3.26
2008-03-22,2007,Everton,West Ham,1.0,1.0,D,14.0,13.0,7.0,5.0,1.71,3.42,4.91,1.75,3.65,5.6
2008-03-22,2007,Middlesbrough,Derby,1.0,0.0,H,6.0,5.0,3.0,1.0,1.44,3.91,7.59,1.5,4.44,9.0
2008-03-22,2007,Newcastle,Fulham,2.0,0.0,H,15.0,9.0,9.0,5.0,1.84,3.3,4.28,1.91,3.41,5.19
2008-03-22,2007,Reading,Birmingham,2.0,1.0,H,13.0,13.0,8.0,7.0,2.02,3.25,3.52,2.15,3.5,3.85
2008-03-22,2007,Tottenham,Portsmouth,2.0,0.0,H,17.0,4.0,8.0,4.0,1.89,3.31,4.03,2.0,3.58,4.7
2008-03-23,2007,Chelsea,Arsenal,2.0,1.0,H,11.0,7.0,8.0,5.0,2.18,3.18,3.3,2.25,3.3,3.7
2008-03-23,2007,Man United,Liverpool,3.0,0.0,H,22.0,8.0,15.0,4.0,1.95,3.21,3.94,2.1,3.3,4.3
2008-03-29,2007,Birmingham,Man City,3.0,1.0,H,10.0,8.0,7.0,4.0,2.35,3.21,2.91,2.45,3.37,3.25
2008-03-29,2007,Bolton,Arsenal,2.0,3.0,A,13.0,17.0,9.0,8.0,4.91,3.45,1.71,5.6,3.75,1.8
2008-03-29,2007,Derby,Fulham,2.0,2.0,D,19.0,9.0,13.0,4.0,2.88,3.25,2.34,3.15,3.45,2.45
2008-03-29,2007,Man United,Aston Villa,4.0,0.0,H,14.0,13.0,7.0,6.0,1.3,4.74,10.22,1.34,5.5,12.0
2008-03-29,2007,Portsmouth,Wigan,2.0,0.0,H,12.0,17.0,7.0,9.0,1.75,3.39,4.65,1.85,3.6,5.15
2008-03-29,2007,Reading,Blackburn,0.0,0.0,D,8.0,9.0,2.0,6.0,2.38,3.22,2.86,2.5,3.38,3.08
2008-03-29,2007,Sunderland,West Ham,2.0,1.0,H,22.0,10.0,12.0,4.0,2.25,3.21,3.08,2.38,3.35,3.4
2008-03-30,2007,Chelsea,Middlesbrough,1.0,0.0,H,16.0,7.0,6.0,3.0,1.29,4.82,10.36,1.35,5.35,12.0
2008-03-30,2007,Liverpool,Everton,1.0,0.0,H,15.0,3.0,9.0,2.0,1.77,3.35,4.56,1.85,3.6,5.15
2008-03-30,2007,Tottenham,Newcastle,1.0,4.0,A,18.0,17.0,10.0,9.0,1.64,3.58,5.23,1.7,4.2,5.75
2008-04-05,2007,Arsenal,Liverpool,1.0,1.0,D,8.0,11.0,6.0,4.0,2.06,3.17,3.56,2.15,3.25,4.31
2008-04-05,2007,Aston Villa,Bolton,4.0,0.0,H,10.0,6.0,6.0,3.0,1.67,3.48,5.06,1.73,3.79,5.8
2008-04-05,2007,Blackburn,Tottenham,1.0,1.0,D,12.0,11.0,7.0,8.0,2.35,3.24,2.86,2.5,3.48,3.1
2008-04-05,2007,Fulham,Sunderland,1.0,3.0,A,14.0,9.0,5.0,6.0,2.26,3.22,3.02,2.4,3.43,3.35
2008-04-05,2007,Man City,Chelsea,0.0,2.0,A,14.0,10.0,7.0,5.0,4.79,3.4,1.72,5.35,3.63,1.81
2008-04-05,2007,Newcastle,Reading,3.0,0.0,H,14.0,8.0,9.0,3.0,1.76,3.43,4.52,1.8,3.93,5.0
2008-04-05,2007,Wigan,Birmingham,2.0,0.0,H,15.0,5.0,8.0,1.0,2.1,3.2,3.37,2.2,3.3,3.8
2008-04-06,2007,Everton,Derby,1.0,0.0,H,11.0,7.0,5.0,5.0,1.23,5.31,11.69,1.29,6.07,16.56
2008-04-06,2007,Middlesbrough,Man United,2.0,2.0,D,12.0,15.0,7.0,7.0,7.51,4.1,1.41,8.5,4.76,1.45
2008-04-08,2007,West Ham,Portsmouth,0.0,1.0,A,10.0,18.0,8.0,9.0,2.3,3.24,2.98,2.42,3.4,3.3
2008-04-12,2007,Birmingham,Everton,1.0,1.0,D,14.0,13.0,7.0,6.0,2.87,3.21,2.37,3.08,3.4,2.5
2008-04-12,2007,Bolton,West Ham,1.0,0.0,H,12.0,11.0,9.0,7.0,2.02,3.28,3.51,2.2,3.6,3.8
2008-04-12,2007,Derby,Aston Villa,0.0,6.0,A,8.0,16.0,5.0,12.0,5.82,3.62,1.58,6.5,3.9,1.63
2008-04-12,2007,Portsmouth,Newcastle,0.0,0.0,D,17.0,14.0,8.0,5.0,2.06,3.26,3.41,2.2,3.45,3.84
2008-04-12,2007,Reading,Fulham,0.0,2.0,A,4.0,16.0,0.0,8.0,1.86,3.34,4.1,1.95,3.64,4.5
2008-04-12,2007,Sunderland,Man City,1.0,2.0,A,12.0,7.0,7.0,5.0,2.09,3.23,3.38,2.2,3.42,3.75
2008-04-12,2007,Tottenham,Middlesbrough,1.0,1.0,D,12.0,13.0,9.0,7.0,1.65,3.52,5.14,1.75,3.82,5.75
2008-04-13,2007,Liverpool,Blackburn,3.0,1.0,H,17.0,7.0,9.0,3.0,1.5,3.72,6.79,1.55,4.21,7.5
2008-04-13,2007,Man United,Arsenal,2.0,1.0,H,13.0,18.0,7.0,11.0,1.83,3.3,4.37,1.91,3.6,4.8
2008-04-14,2007,Chelsea,Wigan,1.0,1.0,D,19.0,6.0,10.0,5.0,1.21,5.53,13.09,1.25,6.25,15.36
2008-04-17,2007,Everton,Chelsea,0.0,1.0,A,10.0,5.0,5.0,3.0,3.53,3.28,2.02,3.8,3.5,2.2
2008-04-19,2007,Arsenal,Reading,2.0,0.0,H,19.0,4.0,12.0,2.0,1.3,4.81,9.71,1.36,5.3,12.0
2008-04-19,2007,Blackburn,Man United,1.0,1.0,D,4.0,13.0,3.0,10.0,5.77,3.65,1.57,6.25,4.11,1.62
2008-04-19,2007,Fulham,Liverpool,0.0,2.0,A,10.0,16.0,6.0,7.0,3.31,3.23,2.11,3.55,3.4,2.33
2008-04-19,2007,Middlesbrough,Bolton,0.0,1.0,A,16.0,12.0,10.0,9.0,2.05,3.26,3.47,2.16,3.4,3.75
2008-04-19,2007,West Ham,Derby,2.0,1.0,H,12.0,12.0,8.0,8.0,1.35,4.44,8.49,1.4,5.07,9.8
2008-04-19,2007,Wigan,Tottenham,1.0,1.0,D,13.0,15.0,7.0,12.0,2.57,3.22,2.61,2.75,3.4,2.8
2008-04-20,2007,Aston Villa,Birmingham,5.0,1.0,H,16.0,11.0,9.0,6.0,1.73,3.42,4.67,1.83,3.7,5.2
2008-04-20,2007,Man City,Portsmouth,3.0,1.0,H,16.0,12.0,10.0,6.0,2.31,3.22,2.93,2.45,3.32,3.2
2008-04-20,2007,Newcastle,Sunderland,2.0,0.0,H,8.0,12.0,4.0,8.0,1.81,3.35,4.29,1.89,3.63,4.7
2008-04-26,2007,Birmingham,Liverpool,2.0,2.0,D,5.0,12.0,3.0,7.0,2.72,3.2,2.5,2.9,3.25,2.75
2008-04-26,2007,Chelsea,Man United,2.0,1.0,H,13.0,7.0,8.0,6.0,2.41,3.09,2.94,2.6,3.25,3.38
2008-04-26,2007,Man City,Fulham,2.0,3.0,A,10.0,18.0,5.0,13.0,1.81,3.41,4.25,1.9,3.68,4.83
2008-04-26,2007,Sunderland,Middlesbrough,3.0,2.0,H,10.0,10.0,5.0,6.0,2.26,3.12,3.16,2.46,3.25,3.4
2008-04-26,2007,Tottenham,Bolton,1.0,1.0,D,26.0,7.0,13.0,4.0,1.79,3.44,4.31,1.85,3.83,5.2
2008-04-26,2007,West Ham,Newcastle,2.0,2.0,D,18.0,4.0,11.0,3.0,2.48,3.22,2.73,2.7,3.3,2.88
2008-04-26,2007,Wigan,Reading,0.0,0.0,D,12.0,7.0,5.0,2.0,2.02,3.23,3.61,2.12,3.4,4.14
2008-04-27,2007,Everton,Aston Villa,2.0,2.0,D,13.0,6.0,7.0,3.0,2.23,3.22,3.11,2.35,3.3,3.3
2008-04-27,2007,Portsmouth,Blackburn,0.0,1.0,A,15.0,12.0,6.0,9.0,2.1,3.24,3.36,2.2,3.35,3.75
2008-04-28,2007,Derby,Arsenal,2.0,6.0,A,12.0,20.0,10.0,11.0,10.59,5.06,1.26,13.0,5.8,1.3
2008-05-03,2007,Aston Villa,Wigan,0.0,2.0,A,14.0,9.0,5.0,5.0,1.53,3.7,6.48,1.57,4.1,7.7
2008-05-03,2007,Blackburn,Derby,3.0,1.0,H,25.0,6.0,14.0,3.0,1.26,5.02,11.51,1.29,6.0,14.25
2008-05-03,2007,Bolton,Sunderland,2.0,0.0,H,4.0,5.0,2.0,4.0,1.62,3.6,5.47,1.68,3.95,6.15
2008-05-03,2007,Fulham,Birmingham,2.0,0.0,H,9.0,2.0,6.0,0.0,2.13,3.3,3.22,2.21,3.5,3.6
2008-05-03,2007,Man United,West Ham,4.0,1.0,H,8.0,9.0,4.0,5.0,1.16,6.47,15.44,1.2,8.18,18.1
2008-05-03,2007,Middlesbrough,Portsmouth,2.0,0.0,H,11.0,13.0,7.0,8.0,1.89,3.35,3.85,2.0,3.61,4.22
2008-05-03,2007,Reading,Tottenham,0.0,1.0,A,13.0,13.0,6.0,7.0,2.23,3.27,3.07,2.42,3.4,3.3
2008-05-04,2007,Arsenal,Everton,1.0,0.0,H,11.0,8.0,2.0,4.0,1.66,3.46,5.24,1.73,3.75,6.19
2008-05-04,2007,Liverpool,Man City,1.0,0.0,H,23.0,4.0,10.0,3.0,1.65,3.53,5.17,1.72,3.84,5.75
2008-05-05,2007,Newcastle,Chelsea,0.0,2.0,A,13.0,18.0,5.0,9.0,5.82,3.72,1.55,6.5,4.2,1.62
2008-05-11,2007,Birmingham,Blackburn,4.0,1.0,H,15.0,14.0,9.0,9.0,1.95,3.42,3.52,2.1,3.6,3.8
2008-05-11,2007,Chelsea,Bolton,1.0,1.0,D,19.0,6.0,12.0,4.0,1.14,6.99,16.0,1.18,8.5,20.0
2008-05-11,2007,Derby,Reading,0.0,4.0,A,6.0,11.0,2.0,7.0,5.72,3.87,1.54,6.5,4.28,1.62
2008-05-11,2007,Everton,Newcastle,3.0,1.0,H,20.0,3.0,11.0,2.0,1.79,3.33,4.4,1.9,3.56,4.85
2008-05-11,2007,Middlesbrough,Man City,8.0,1.0,H,19.0,8.0,15.0,2.0,2.06,3.24,3.44,2.15,3.4,4.0
2008-05-11,2007,Portsmouth,Fulham,0.0,1.0,A,15.0,7.0,10.0,4.0,3.19,3.44,2.06,3.5,3.75,2.2
2008-05-11,2007,Sunderland,Arsenal,0.0,1.0,A,13.0,12.0,5.0,8.0,4.27,3.44,1.79,4.7,3.83,1.85
2008-05-11,2007,Tottenham,Liverpool,0.0,2.0,A,6.0,18.0,3.0,12.0,2.54,3.26,2.61,2.77,3.4,2.75
2008-05-11,2007,West Ham,Aston Villa,2.0,2.0,D,16.0,13.0,8.0,8.0,3.04,3.32,2.2,3.42,3.5,2.3
2008-05-11,2007,Wigan,Man United,0.0,2.0,A,15.0,11.0,6.0,6.0,12.34,5.77,1.21,15.81,6.5,1.25
2008-08-16,2008,Arsenal,West Brom,1.0,0.0,H,24.0,5.0,14.0,4.0,1.22,5.6,13.52,1.26,6.25,17.0
2008-08-16,2008,Bolton,Stoke,3.0,1.0,H,14.0,8.0,8.0,2.0,1.81,3.35,4.54,1.87,3.51,5.3
2008-08-16,2008,Everton,Blackburn,2.0,3.0,A,10.0,15.0,5.0,11.0,1.98,3.25,3.86,2.06,3.39,4.21
2008-08-16,2008,Hull,Fulham,2.0,1.0,H,11.0,12.0,6.0,6.0,2.56,3.23,2.68,2.7,3.38,2.89
2008-08-16,2008,Middlesbrough,Tottenham,2.0,1.0,H,14.0,8.0,10.0,5.0,3.19,3.31,2.2,3.57,3.55,2.3
2008-08-16,2008,Sunderland,Liverpool,0.0,1.0,A,6.0,14.0,3.0,8.0,5.24,3.5,1.68,5.91,3.75,1.76
2008-08-16,2008,West Ham,Wigan,2.0,1.0,H,15.0,22.0,8.0,9.0,1.94,3.27,3.98,2.09,3.4,4.4
2008-08-17,2008,Aston Villa,Man City,4.0,2.0,H,14.0,13.0,10.0,8.0,1.84,3.32,4.36,2.0,3.55,5.05
2008-08-17,2008,Chelsea,Portsmouth,4.0,0.0,H,18.0,12.0,11.0,8.0,1.32,4.69,10.05,1.36,5.2,12.0
2008-08-17,2008,Man United,Newcastle,1.0,1.0,D,18.0,11.0,12.0,4.0,1.28,5.03,11.0,1.32,5.5,13.0
2008-08-23,2008,Blackburn,Hull,1.0,1.0,D,12.0,7.0,5.0,4.0,1.58,3.64,6.16,1.62,3.91,7.42
2008-08-23,2008,Fulham,Arsenal,1.0,0.0,H,5.0,15.0,2.0,6.0,6.09,3.65,1.58,6.8,3.91,1.63
2008-08-23,2008,Liverpool,Middlesbrough,2.0,1.0,H,16.0,9.0,8.0,4.0,1.37,4.38,8.86,1.4,4.8,10.91
2008-08-23,2008,Newcastle,Bolton,1.0,0.0,H,10.0,9.0,8.0,4.0,1.78,3.43,4.61,1.87,3.6,5.05
2008-08-23,2008,Stoke,Aston Villa,3.0,2.0,H,8.0,5.0,2.0,2.0,5.01,3.51,1.7,5.77,3.76,1.75
2008-08-23,2008,Tottenham,Sunderland,1.0,2.0,A,18.0,12.0,11.0,7.0,1.49,3.85,7.01,1.57,4.2,7.8
2008-08-23,2008,West Brom,Everton,1.0,2.0,A,14.0,9.0,4.0,7.0,2.8,3.23,2.48,3.05,3.36,2.62
2008-08-24,2008,Man City,West Ham,3.0,0.0,H,14.0,3.0,9.0,0.0,2.25,3.25,3.15,2.4,3.4,3.4
2008-08-24,2008,Wigan,Chelsea,0.0,1.0,A,10.0,7.0,6.0,3.0,8.2,4.25,1.4,9.49,4.83,1.45
2008-08-25,2008,Portsmouth,Man United,0.0,1.0,A,13.0,12.0,6.0,7.0,4.71,3.33,1.78,5.13,3.5,1.91
2008-08-30,2008,Arsenal,Newcastle,3.0,0.0,H,20.0,4.0,14.0,2.0,1.43,3.95,8.06,1.5,4.19,9.0
2008-08-30,2008,Bolton,West Brom,0.0,0.0,D,18.0,12.0,9.0,7.0,1.87,3.3,4.25,1.99,3.5,4.54
2008-08-30,2008,Everton,Portsmouth,0.0,3.0,A,16.0,6.0,7.0,5.0,2.04,3.26,3.6,2.2,3.4,3.95
2008-08-30,2008,Hull,Wigan,0.0,5.0,A,10.0,8.0,5.0,5.0,2.47,3.2,2.8,2.75,3.3,3.0
2008-08-30,2008,Middlesbrough,Stoke,2.0,1.0,H,21.0,7.0,12.0,2.0,1.59,3.58,6.09,1.67,3.8,7.0
2008-08-30,2008,West Ham,Blackburn,4.0,1.0,H,11.0,12.0,6.0,7.0,2.39,3.24,2.88,2.56,3.4,3.09
2008-08-31,2008,Aston Villa,Liverpool,0.0,0.0,D,5.0,8.0,2.0,3.0,2.92,3.21,2.37,3.25,3.28,2.59
2008-08-31,2008,Chelsea,Tottenham,1.0,1.0,D,12.0,6.0,3.0,6.0,1.4,4.18,8.46,1.44,4.78,9.6
2008-08-31,2008,Sunderland,Man City,0.0,3.0,A,10.0,9.0,4.0,8.0,2.19,3.23,3.25,2.38,3.32,3.6
2008-09-13,2008,Blackburn,Arsenal,0.0,4.0,A,10.0,17.0,3.0,10.0,4.49,3.39,1.8,5.0,3.68,1.87
2008-09-13,2008,Fulham,Bolton,2.0,1.0,H,20.0,8.0,13.0,7.0,2.17,3.23,3.3,2.25,3.4,3.76
2008-09-13,2008,Liverpool,Man United,2.0,1.0,H,16.0,7.0,11.0,3.0,2.81,3.04,2.57,3.0,3.2,2.8
2008-09-13,2008,Man City,Chelsea,1.0,3.0,A,13.0,18.0,7.0,8.0,4.21,3.32,1.87,4.61,3.49,1.95
2008-09-13,2008,Newcastle,Hull,1.0,2.0,A,13.0,8.0,4.0,4.0,1.64,3.53,5.56,1.7,3.86,6.5
2008-09-13,2008,Portsmouth,Middlesbrough,2.0,1.0,H,21.0,7.0,12.0,3.0,1.97,3.31,3.76,2.08,3.5,4.1
2008-09-13,2008,West Brom,West Ham,3.0,2.0,H,13.0,21.0,8.0,13.0,2.4,3.22,2.88,2.56,3.4,3.03
2008-09-13,2008,Wigan,Sunderland,1.0,1.0,D,12.0,6.0,8.0,5.0,2.03,3.26,3.64,2.1,3.44,4.1
2008-09-14,2008,Stoke,Everton,2.0,3.0,A,12.0,8.0,7.0,5.0,3.25,3.25,2.19,3.5,3.4,2.3
2008-09-15,2008,Tottenham,Aston Villa,1.0,2.0,A,17.0,17.0,10.0,13.0,2.04,3.3,3.54,2.2,3.54,3.75
2008-09-20,2008,Blackburn,Fulham,1.0,0.0,H,11.0,11.0,4.0,5.0,2.03,3.29,3.6,2.13,3.47,3.88
2008-09-20,2008,Bolton,Arsenal,1.0,3.0,A,12.0,20.0,8.0,9.0,5.86,3.57,1.61,6.7,3.86,1.66
2008-09-20,2008,Liverpool,Stoke,0.0,0.0,D,27.0,3.0,11.0,2.0,1.21,5.83,13.88,1.24,6.83,21.0
2008-09-20,2008,Sunderland,Middlesbrough,2.0,0.0,H,17.0,14.0,11.0,11.0,2.29,3.21,3.09,2.4,3.3,3.45
2008-09-20,2008,West Ham,Newcastle,3.0,1.0,H,12.0,11.0,6.0,8.0,2.02,3.31,3.62,2.1,3.5,3.98
2008-09-21,2008,Chelsea,Man United,1.0,1.0,D,20.0,13.0,13.0,8.0,2.19,3.1,3.44,2.3,3.25,3.9
2008-09-21,2008,Hull,Everton,2.0,2.0,D,9.0,17.0,5.0,8.0,3.06,3.26,2.28,3.34,3.4,2.4
2008-09-21,2008,Man City,Portsmouth,6.0,0.0,H,14.0,10.0,10.0,4.0,1.98,3.28,3.8,2.1,3.4,4.12
2008-09-21,2008,Tottenham,Wigan,0.0,0.0,D,11.0,14.0,4.0,6.0,1.7,3.47,5.06,1.8,3.65,5.65
2008-09-21,2008,West Brom,Aston Villa,1.0,2.0,A,10.0,10.0,6.0,5.0,3.09,3.26,2.26,3.42,3.4,2.4
2008-09-27,2008,Arsenal,Hull,1.0,2.0,A,18.0,7.0,9.0,5.0,1.2,5.73,14.73,1.22,6.55,22.0
2008-09-27,2008,Aston Villa,Sunderland,2.0,1.0,H,12.0,9.0,8.0,3.0,1.6,3.62,5.78,1.66,3.9,6.75
2008-09-27,2008,Everton,Liverpool,0.0,2.0,A,4.0,11.0,2.0,6.0,3.51,3.21,2.09,4.0,3.38,2.2
2008-09-27,2008,Fulham,West Ham,1.0,2.0,A,18.0,16.0,6.0,10.0,2.27,3.23,3.06,2.38,3.3,3.35
2008-09-27,2008,Man United,Bolton,2.0,0.0,H,31.0,10.0,24.0,5.0,1.21,5.61,13.98,1.25,6.5,20.5
2008-09-27,2008,Middlesbrough,West Brom,0.0,1.0,A,22.0,14.0,13.0,9.0,1.74,3.41,4.78,1.83,3.6,5.1
2008-09-27,2008,Newcastle,Blackburn,1.0,2.0,A,4.0,9.0,2.0,8.0,2.48,3.23,2.76,2.75,3.4,2.95
2008-09-27,2008,Stoke,Chelsea,0.0,2.0,A,5.0,14.0,2.0,9.0,9.08,4.43,1.35,11.0,5.0,1.4
2008-09-28,2008,Portsmouth,Tottenham,2.0,0.0,H,8.0,15.0,6.0,8.0,2.42,3.22,2.85,2.73,3.3,3.2
2008-09-28,2008,Wigan,Man City,2.0,1.0,H,9.0,11.0,4.0,6.0,3.02,3.25,2.29,3.25,3.4,2.48
2008-10-04,2008,Blackburn,Man United,0.0,2.0,A,6.0,18.0,3.0,9.0,6.01,3.61,1.59,7.04,4.02,1.62
2008-10-04,2008,Sunderland,Arsenal,1.0,1.0,D,8.0,13.0,5.0,7.0,5.97,3.59,1.59,6.8,3.94,1.64
2008-10-04,2008,West Brom,Fulham,1.0,0.0,H,13.0,14.0,8.0,5.0,2.23,3.22,3.16,2.38,3.3,3.5
2008-10-04,2008,Wigan,Middlesbrough,0.0,1.0,A,21.0,6.0,9.0,2.0,2.04,3.26,3.58,2.1,3.4,4.2
2008-10-05,2008,Chelsea,Aston Villa,2.0,0.0,H,27.0,8.0,15.0,3.0,1.45,3.99,7.33,1.57,4.33,8.0
2008-10-05,2008,Everton,Newcastle,2.0,2.0,D,13.0,11.0,5.0,9.0,1.74,3.42,4.8,1.83,3.6,5.5
2008-10-05,2008,Man City,Liverpool,2.0,3.0,A,7.0,14.0,5.0,7.0,3.15,3.22,2.23,3.56,3.4,2.3
2008-10-05,2008,Portsmouth,Stoke,2.0,1.0,H,17.0,8.0,11.0,5.0,1.63,3.48,5.74,1.74,3.65,6.5
2008-10-05,2008,Tottenham,Hull,0.0,1.0,A,27.0,10.0,16.0,6.0,1.69,3.54,5.0,1.75,3.91,5.5
2008-10-05,2008,West Ham,Bolton,1.0,3.0,A,13.0,12.0,5.0,6.0,1.78,3.35,4.7,1.94,3.5,5.5
2008-10-18,2008,Arsenal,Everton,3.0,1.0,H,22.0,7.0,14.0,3.0,1.37,4.33,8.88,1.42,4.65,10.3
2008-10-18,2008,Aston Villa,Portsmouth,0.0,0.0,D,10.0,8.0,3.0,3.0,1.8,3.34,4.53,1.9,3.55,5.0
2008-10-18,2008,Bolton,Blackburn,0.0,0.0,D,10.0,8.0,4.0,1.0,2.37,3.21,2.92,2.55,3.4,3.07
2008-10-18,2008,Fulham,Sunderland,0.0,0.0,D,13.0,14.0,9.0,7.0,2.22,3.22,3.18,2.3,3.4,3.5
2008-10-18,2008,Liverpool,Wigan,3.0,2.0,H,17.0,7.0,7.0,4.0,1.36,4.38,9.31,1.45,4.85,11.0
2008-10-18,2008,Man United,West Brom,4.0,0.0,H,18.0,6.0,14.0,2.0,1.19,5.99,15.22,1.22,6.85,21.0
2008-10-18,2008,Middlesbrough,Chelsea,0.0,5.0,A,7.0,21.0,4.0,14.0,6.18,3.61,1.58,7.0,3.75,1.69
2008-10-19,2008,Hull,West Ham,1.0,0.0,H,12.0,14.0,4.0,5.0,2.4,3.22,2.89,2.63,3.4,3.1
2008-10-19,2008,Stoke,Tottenham,2.0,1.0,H,7.0,11.0,3.0,6.0,3.18,3.26,2.21,3.48,3.47,2.3
2008-10-20,2008,Newcastle,Man City,2.0,2.0,D,6.0,20.0,2.0,8.0,2.93,3.23,2.37,3.3,3.4,2.5
2008-10-25,2008,Blackburn,Middlesbrough,1.0,1.0,D,13.0,5.0,5.0,2.0,2.05,3.24,3.68,2.15,3.4,4.15
2008-10-25,2008,Everton,Man United,1.0,1.0,D,13.0,18.0,9.0,14.0,6.91,3.79,1.52,8.0,4.15,1.57
2008-10-25,2008,Sunderland,Newcastle,2.0,1.0,H,14.0,10.0,3.0,5.0,2.17,3.24,3.33,2.25,3.4,3.78
2008-10-25,2008,West Brom,Hull,0.0,3.0,A,24.0,16.0,16.0,10.0,2.24,3.24,3.18,2.35,3.4,3.45
2008-10-26,2008,Chelsea,Liverpool,0.0,1.0,A,14.0,8.0,5.0,3.0,1.92,3.21,4.25,2.0,3.4,4.75
2008-10-26,2008,Man City,Stoke,3.0,0.0,H,18.0,9.0,12.0,6.0,1.46,4.05,7.2,1.5,4.55,8.2
2008-10-26,2008,Portsmouth,Fulham,1.0,1.0,D,21.0,9.0,12.0,5.0,1.78,3.37,4.72,1.93,3.5,5.25
2008-10-26,2008,Tottenham,Bolton,2.0,0.0,H,19.0,10.0,9.0,3.0,1.98,3.32,3.79,2.13,3.49,4.1
2008-10-26,2008,West Ham,Arsenal,0.0,2.0,A,7.0,20.0,3.0,10.0,5.82,3.61,1.61,6.67,3.92,1.65
2008-10-26,2008,Wigan,Aston Villa,0.0,4.0,A,17.0,9.0,5.0,7.0,2.53,3.24,2.71,2.65,3.42,2.91
2008-10-28,2008,Newcastle,West Brom,2.0,1.0,H,10.0,14.0,5.0,4.0,1.85,3.36,4.23,1.91,3.57,4.84
2008-10-29,2008,Arsenal,Tottenham,4.0,4.0,D,20.0,9.0,12.0,6.0,1.42,4.15,7.6,1.5,4.81,8.5
2008-10-29,2008,Aston Villa,Blackburn,3.0,2.0,H,8.0,11.0,4.0,5.0,1.67,3.5,5.25,1.73,3.87,6.0
2008-10-29,2008,Bolton,Everton,0.0,1.0,A,18.0,11.0,12.0,7.0,2.51,3.23,2.71,2.7,3.4,2.81
2008-10-29,2008,Fulham,Wigan,2.0,0.0,H,7.0,5.0,2.0,2.0,2.3,3.24,3.0,2.5,3.4,3.2
2008-10-29,2008,Hull,Chelsea,0.0,3.0,A,10.0,27.0,5.0,11.0,7.36,4.07,1.44,8.5,4.6,1.5
2008-10-29,2008,Liverpool,Portsmouth,1.0,0.0,H,21.0,4.0,10.0,1.0,1.35,4.42,9.16,1.4,5.0,11.88
2008-10-29,2008,Man United,West Ham,2.0,0.0,H,21.0,4.0,12.0,1.0,1.2,5.82,14.27,1.22,7.0,21.0
2008-10-29,2008,Middlesbrough,Man City,2.0,0.0,H,5.0,13.0,3.0,8.0,2.73,3.24,2.47,3.01,3.4,2.6
2008-10-29,2008,Stoke,Sunderland,1.0,0.0,H,9.0,9.0,6.0,4.0,2.55,3.23,2.67,2.8,3.38,2.8
2008-11-01,2008,Chelsea,Sunderland,5.0,0.0,H,17.0,1.0,11.0,0.0,1.19,6.12,15.1,1.22,7.0,21.0
2008-11-01,2008,Everton,Fulham,1.0,0.0,H,9.0,15.0,4.0,5.0,1.7,3.48,5.11,1.75,3.75,5.8
2008-11-01,2008,Man United,Hull,4.0,3.0,H,20.0,11.0,11.0,7.0,1.17,6.46,16.24,1.2,7.94,22.0
2008-11-01,2008,Middlesbrough,West Ham,1.0,1.0,D,11.0,13.0,7.0,8.0,1.99,3.28,3.75,2.1,3.4,4.41
2008-11-01,2008,Portsmouth,Wigan,1.0,2.0,A,16.0,12.0,8.0,8.0,1.89,3.34,4.11,1.97,3.5,4.5
2008-11-01,2008,Stoke,Arsenal,2.0,1.0,H,7.0,13.0,5.0,6.0,7.76,4.24,1.42,9.8,4.8,1.45
2008-11-01,2008,Tottenham,Liverpool,2.0,1.0,H,8.0,14.0,4.0,6.0,3.52,3.31,2.06,3.75,3.5,2.18
2008-11-01,2008,West Brom,Blackburn,2.0,2.0,D,15.0,9.0,8.0,5.0,2.49,3.24,2.75,2.65,3.4,2.97
2008-11-02,2008,Bolton,Man City,2.0,0.0,H,20.0,11.0,12.0,6.0,2.97,3.27,2.33,3.25,3.45,2.45
2008-11-03,2008,Newcastle,Aston Villa,2.0,0.0,H,11.0,6.0,7.0,1.0,2.89,3.25,2.39,3.15,3.4,2.52
2008-11-08,2008,Arsenal,Man United,2.0,1.0,H,11.0,17.0,7.0,9.0,3.1,3.17,2.3,3.58,3.3,2.45
2008-11-08,2008,Hull,Bolton,0.0,1.0,A,16.0,10.0,11.0,6.0,2.13,3.23,3.4,2.3,3.31,3.7
2008-11-08,2008,Liverpool,West Brom,3.0,0.0,H,11.0,4.0,10.0,2.0,1.21,5.81,14.42,1.25,6.52,20.18
2008-11-08,2008,Sunderland,Portsmouth,1.0,2.0,A,9.0,10.0,6.0,5.0,2.31,3.26,2.99,2.4,3.5,3.3
2008-11-08,2008,West Ham,Everton,1.0,3.0,A,15.0,12.0,13.0,7.0,2.5,3.24,2.72,2.65,3.41,2.88
2008-11-08,2008,Wigan,Stoke,0.0,0.0,D,22.0,2.0,14.0,1.0,1.77,3.37,4.7,1.85,3.55,5.48
2008-11-09,2008,Aston Villa,Middlesbrough,1.0,2.0,A,14.0,15.0,9.0,8.0,1.69,3.56,5.07,1.73,3.92,5.5
2008-11-09,2008,Blackburn,Chelsea,0.0,2.0,A,8.0,18.0,3.0,13.0,7.27,4.02,1.46,8.24,4.54,1.5
2008-11-09,2008,Fulham,Newcastle,2.0,1.0,H,11.0,13.0,6.0,7.0,2.32,3.25,3.0,2.4,3.45,3.2
2008-11-09,2008,Man City,Tottenham,1.0,2.0,A,9.0,14.0,7.0,9.0,2.19,3.26,3.28,2.31,3.4,3.6
2008-11-15,2008,Arsenal,Aston Villa,0.0,2.0,A,11.0,9.0,8.0,6.0,1.5,3.81,6.85,1.55,4.36,8.1
2008-11-15,2008,Blackburn,Sunderland,1.0,2.0,A,16.0,10.0,8.0,6.0,2.06,3.27,3.5,2.15,3.4,3.9
2008-11-15,2008,Bolton,Liverpool,0.0,2.0,A,15.0,15.0,9.0,6.0,5.88,3.61,1.59,6.68,3.9,1.67
2008-11-15,2008,Fulham,Tottenham,2.0,1.0,H,16.0,7.0,14.0,3.0,3.14,3.28,2.22,3.45,3.5,2.3
2008-11-15,2008,Man United,Stoke,5.0,0.0,H,21.0,3.0,15.0,1.0,1.14,7.23,17.69,1.17,9.8,25.3
2008-11-15,2008,Newcastle,Wigan,2.0,2.0,D,17.0,12.0,9.0,7.0,2.02,3.3,3.62,2.11,3.46,4.0
2008-11-15,2008,West Brom,Chelsea,0.0,3.0,A,13.0,15.0,3.0,9.0,10.16,4.88,1.3,13.97,5.5,1.33
2008-11-15,2008,West Ham,Portsmouth,0.0,0.0,D,11.0,11.0,5.0,7.0,2.43,3.23,2.82,2.6,3.4,2.97
2008-11-16,2008,Everton,Middlesbrough,1.0,1.0,D,15.0,11.0,7.0,3.0,1.83,3.37,4.31,1.96,3.56,4.5
2008-11-16,2008,Hull,Man City,2.0,2.0,D,11.0,12.0,6.0,8.0,2.8,3.25,2.44,3.0,3.4,2.6
2008-11-22,2008,Aston Villa,Man United,0.0,0.0,D,10.0,12.0,7.0,7.0,4.56,3.44,1.77,5.0,3.7,1.88
2008-11-22,2008,Chelsea,Newcastle,0.0,0.0,D,25.0,2.0,14.0,0.0,1.21,5.76,14.28,1.25,6.5,19.9
2008-11-22,2008,Liverpool,Fulham,0.0,0.0,D,18.0,6.0,7.0,6.0,1.25,5.27,11.88,1.3,5.7,16.1
2008-11-22,2008,Man City,Arsenal,3.0,0.0,H,12.0,11.0,8.0,5.0,3.26,3.32,2.15,3.45,3.58,2.25
2008-11-22,2008,Middlesbrough,Bolton,1.0,3.0,A,18.0,11.0,5.0,5.0,1.89,3.32,4.11,1.99,3.5,4.5
2008-11-22,2008,Portsmouth,Hull,2.0,2.0,D,14.0,13.0,7.0,6.0,1.79,3.36,4.25,1.95,3.6,4.82
2008-11-22,2008,Stoke,West Brom,1.0,0.0,H,9.0,8.0,7.0,2.0,2.17,3.24,3.28,2.3,3.5,3.59
2008-11-23,2008,Sunderland,West Ham,0.0,1.0,A,17.0,10.0,6.0,5.0,2.12,3.31,3.33,2.2,3.55,3.75
2008-11-23,2008,Tottenham,Blackburn,1.0,0.0,H,16.0,9.0,7.0,6.0,1.73,3.49,4.72,1.8,3.83,5.47
2008-11-24,2008,Wigan,Everton,1.0,0.0,H,12.0,7.0,6.0,2.0,2.53,3.24,2.71,2.67,3.4,2.88
2008-11-29,2008,Aston Villa,Fulham,0.0,0.0,D,12.0,5.0,4.0,2.0,1.61,3.57,5.74,1.67,3.94,6.5
2008-11-29,2008,Middlesbrough,Newcastle,0.0,0.0,D,14.0,10.0,7.0,5.0,2.15,3.25,3.3,2.25,3.44,3.6
2008-11-29,2008,Stoke,Hull,1.0,1.0,D,10.0,6.0,5.0,5.0,2.41,3.26,2.83,2.5,3.45,3.08
2008-11-29,2008,Sunderland,Bolton,1.0,4.0,A,14.0,11.0,9.0,6.0,2.24,3.24,3.11,2.37,3.4,3.44
2008-11-29,2008,Wigan,West Brom,2.0,1.0,H,17.0,17.0,9.0,9.0,1.77,3.44,4.59,1.85,3.69,5.07
2008-11-30,2008,Chelsea,Arsenal,1.0,2.0,A,12.0,9.0,5.0,6.0,1.75,3.42,4.81,1.86,3.6,5.5
2008-11-30,2008,Man City,Man United,0.0,1.0,A,10.0,12.0,1.0,8.0,4.06,3.4,1.86,4.5,3.62,1.95
2008-11-30,2008,Portsmouth,Blackburn,3.0,2.0,H,9.0,10.0,6.0,2.0,2.0,3.27,3.73,2.15,3.4,4.35
2008-11-30,2008,Tottenham,Everton,0.0,1.0,A,14.0,8.0,6.0,6.0,1.96,3.35,3.82,2.05,3.56,4.33
2008-12-01,2008,Liverpool,West Ham,0.0,0.0,D,21.0,7.0,8.0,3.0,1.3,4.8,10.41,1.36,5.35,13.0
2008-12-06,2008,Arsenal,Wigan,1.0,0.0,H,11.0,10.0,4.0,4.0,1.32,4.68,9.9,1.36,5.19,11.75
2008-12-06,2008,Blackburn,Liverpool,1.0,3.0,A,7.0,10.0,3.0,6.0,5.19,3.49,1.69,5.6,3.79,1.73
2008-12-06,2008,Bolton,Chelsea,0.0,2.0,A,21.0,11.0,11.0,7.0,6.49,3.71,1.54,7.27,4.13,1.62
2008-12-06,2008,Fulham,Man City,1.0,1.0,D,12.0,15.0,8.0,7.0,2.59,3.24,2.64,2.76,3.45,2.88
2008-12-06,2008,Hull,Middlesbrough,2.0,1.0,H,17.0,9.0,7.0,7.0,2.34,3.22,2.98,2.47,3.4,3.25
2008-12-06,2008,Man United,Sunderland,1.0,0.0,H,27.0,2.0,15.0,2.0,1.16,6.79,17.34,1.2,8.77,23.5
2008-12-06,2008,Newcastle,Stoke,2.0,2.0,D,9.0,12.0,6.0,4.0,1.77,3.44,4.6,1.83,3.76,5.2
2008-12-07,2008,Everton,Aston Villa,2.0,3.0,A,12.0,5.0,7.0,5.0,2.58,3.22,2.67,2.73,3.4,2.8
2008-12-07,2008,West Brom,Portsmouth,1.0,1.0,D,14.0,6.0,8.0,3.0,2.59,3.23,2.65,2.81,3.4,2.8
2008-12-08,2008,West Ham,Tottenham,0.0,2.0,A,11.0,17.0,4.0,12.0,2.64,3.25,2.6,2.76,3.5,2.75
2008-12-13,2008,Aston Villa,Bolton,4.0,2.0,H,16.0,9.0,7.0,5.0,1.68,3.5,5.21,1.78,3.75,5.6
2008-12-13,2008,Liverpool,Hull,2.0,2.0,D,22.0,9.0,10.0,3.0,1.34,4.56,9.57,1.4,5.0,11.25
2008-12-13,2008,Man City,Everton,0.0,1.0,A,7.0,11.0,4.0,4.0,2.01,3.3,3.66,2.1,3.5,4.02
2008-12-13,2008,Middlesbrough,Arsenal,1.0,1.0,D,8.0,17.0,3.0,11.0,4.7,3.5,1.74,5.4,3.79,1.85
2008-12-13,2008,Stoke,Fulham,0.0,0.0,D,6.0,9.0,2.0,6.0,2.4,3.2,2.86,2.64,3.4,3.05
2008-12-13,2008,Sunderland,West Brom,4.0,0.0,H,16.0,14.0,10.0,6.0,2.01,3.28,3.67,2.1,3.51,4.0
2008-12-13,2008,Tottenham,Man United,0.0,0.0,D,11.0,15.0,6.0,12.0,4.33,3.41,1.82,4.6,3.6,1.95
2008-12-13,2008,Wigan,Blackburn,3.0,0.0,H,10.0,11.0,5.0,4.0,2.04,3.28,3.57,2.23,3.44,4.0
2008-12-14,2008,Chelsea,West Ham,1.0,1.0,D,19.0,4.0,12.0,2.0,1.23,5.49,13.34,1.29,6.18,18.0
2008-12-14,2008,Portsmouth,Newcastle,0.0,3.0,A,18.0,10.0,6.0,5.0,2.02,3.27,3.61,2.1,3.42,4.05
2008-12-20,2008,Blackburn,Stoke,3.0,0.0,H,10.0,14.0,9.0,4.0,1.83,3.37,4.35,1.91,3.6,5.07
2008-12-20,2008,Bolton,Portsmouth,2.0,1.0,H,19.0,8.0,10.0,5.0,2.21,3.23,3.21,2.3,3.4,3.52
2008-12-20,2008,Fulham,Middlesbrough,3.0,0.0,H,19.0,12.0,13.0,5.0,2.14,3.24,3.36,2.21,3.4,3.7
2008-12-20,2008,Hull,Sunderland,1.0,4.0,A,14.0,15.0,8.0,6.0,2.08,3.24,3.52,2.26,3.4,4.0
2008-12-20,2008,West Ham,Aston Villa,0.0,1.0,A,17.0,10.0,13.0,4.0,2.96,3.26,2.33,3.2,3.5,2.45
2008-12-21,2008,Arsenal,Liverpool,1.0,1.0,D,6.0,10.0,3.0,6.0,2.37,3.19,2.96,2.5,3.3,3.24
2008-12-21,2008,Newcastle,Tottenham,2.0,1.0,H,7.0,11.0,4.0,6.0,2.43,3.27,2.81,2.6,3.45,3.08
2008-12-21,2008,West Brom,Man City,2.0,1.0,H,12.0,11.0,7.0,7.0,3.12,3.25,2.25,3.45,3.4,2.37
2008-12-22,2008,Everton,Chelsea,0.0,0.0,D,10.0,6.0,8.0,2.0,4.94,3.47,1.72,5.5,3.75,1.8
2008-12-26,2008,Aston Villa,Arsenal,2.0,2.0,D,13.0,8.0,9.0,6.0,2.46,3.23,2.78,2.62,3.4,3.0
2008-12-26,2008,Chelsea,West Brom,2.0,0.0,H,23.0,6.0,15.0,2.0,1.16,6.74,17.25,1.2,8.02,24.0
2008-12-26,2008,Liverpool,Bolton,3.0,0.0,H,18.0,4.0,8.0,2.0,1.34,4.49,9.71,1.38,5.0,12.48
2008-12-26,2008,Man City,Hull,5.0,1.0,H,23.0,15.0,16.0,11.0,1.77,3.46,4.47,1.83,3.82,4.95
2008-12-26,2008,Middlesbrough,Everton,0.0,1.0,A,7.0,11.0,5.0,6.0,2.51,3.24,2.73,2.66,3.4,2.95
2008-12-26,2008,Portsmouth,West Ham,1.0,4.0,A,21.0,16.0,14.0,9.0,2.16,3.25,3.29,2.28,3.4,3.51
2008-12-26,2008,Stoke,Man United,0.0,1.0,A,6.0,17.0,3.0,10.0,10.34,4.75,1.3,13.25,5.25,1.36
2008-12-26,2008,Sunderland,Blackburn,0.0,0.0,D,13.0,7.0,8.0,3.0,2.2,3.22,3.21,2.35,3.4,3.5
2008-12-26,2008,Tottenham,Fulham,0.0,0.0,D,14.0,10.0,7.0,7.0,1.75,3.44,4.7,1.83,3.76,5.3
2008-12-26,2008,Wigan,Newcastle,2.0,1.0,H,11.0,5.0,5.0,3.0,2.22,3.26,3.14,2.3,3.5,3.52
2008-12-28,2008,Arsenal,Portsmouth,1.0,0.0,H,11.0,4.0,7.0,3.0,1.38,4.26,8.67,1.45,4.9,10.62
2008-12-28,2008,Blackburn,Man City,2.0,2.0,D,11.0,13.0,6.0,3.0,2.5,3.26,2.74,2.65,3.4,2.92
2008-12-28,2008,Bolton,Wigan,0.0,1.0,A,14.0,10.0,8.0,7.0,2.19,3.23,3.27,2.3,3.4,3.56
2008-12-28,2008,Everton,Sunderland,3.0,0.0,H,10.0,8.0,6.0,5.0,1.79,3.4,4.57,1.85,3.64,5.2
2008-12-28,2008,Fulham,Chelsea,2.0,2.0,D,5.0,19.0,2.0,14.0,6.1,3.62,1.58,7.26,4.0,1.65
2008-12-28,2008,Newcastle,Liverpool,1.0,5.0,A,10.0,17.0,7.0,12.0,4.48,3.44,1.79,5.16,3.75,1.9
2008-12-28,2008,West Brom,Tottenham,2.0,0.0,H,17.0,4.0,11.0,3.0,3.3,3.3,2.14,3.77,3.5,2.25
2008-12-28,2008,West Ham,Stoke,2.0,1.0,H,15.0,8.0,7.0,5.0,1.72,3.45,4.91,1.8,3.68,5.8
2008-12-29,2008,Man United,Middlesbrough,1.0,0.0,H,28.0,7.0,13.0,2.0,1.2,5.95,14.56,1.22,6.8,23.0
2008-12-30,2008,Hull,Aston Villa,0.0,1.0,A,8.0,7.0,3.0,3.0,3.93,3.43,1.9,4.5,3.75,2.0
2009-01-10,2008,Arsenal,Bolton,1.0,0.0,H,14.0,2.0,9.0,2.0,1.35,4.4,9.58,1.4,4.75,12.8
2009-01-10,2008,Aston Villa,West Brom,2.0,1.0,H,21.0,9.0,13.0,6.0,1.39,4.27,8.73,1.45,4.65,10.59
2009-01-10,2008,Everton,Hull,2.0,0.0,H,8.0,5.0,5.0,0.0,1.63,3.58,5.63,1.7,3.95,6.58
2009-01-10,2008,Middlesbrough,Sunderland,1.0,1.0,D,9.0,10.0,3.0,5.0,2.18,3.24,3.29,2.26,3.4,3.56
2009-01-10,2008,Newcastle,West Ham,2.0,2.0,D,21.0,12.0,12.0,11.0,2.16,3.25,3.31,2.3,3.4,3.5
2009-01-10,2008,Stoke,Liverpool,0.0,0.0,D,5.0,7.0,0.0,3.0,8.8,4.37,1.38,10.84,4.7,1.44
2009-01-11,2008,Man United,Chelsea,3.0,0.0,H,14.0,10.0,11.0,6.0,2.19,3.16,3.33,2.3,3.25,3.8
2009-01-11,2008,Wigan,Tottenham,1.0,0.0,H,13.0,6.0,5.0,3.0,2.42,3.26,2.83,2.63,3.4,3.0
2009-01-14,2008,Man United,Wigan,1.0,0.0,H,9.0,13.0,6.0,3.0,1.21,5.8,14.28,1.25,6.5,18.52
2009-01-17,2008,Blackburn,Newcastle,3.0,0.0,H,9.0,10.0,4.0,3.0,2.04,3.28,3.58,2.1,3.45,4.07
2009-01-17,2008,Bolton,Man United,0.0,1.0,A,7.0,16.0,2.0,13.0,7.83,3.85,1.46,10.0,4.01,1.53
2009-01-17,2008,Chelsea,Stoke,2.0,1.0,H,37.0,4.0,22.0,1.0,1.2,6.05,14.13,1.25,6.8,18.2
2009-01-17,2008,Hull,Arsenal,1.0,3.0,A,4.0,13.0,3.0,9.0,5.59,3.61,1.62,6.54,4.0,1.67
2009-01-17,2008,Man City,Wigan,1.0,0.0,H,10.0,15.0,3.0,6.0,1.96,3.34,3.84,2.06,3.5,4.2
2009-01-17,2008,Sunderland,Aston Villa,1.0,2.0,A,9.0,4.0,6.0,3.0,3.18,3.26,2.21,3.45,3.4,2.31
2009-01-17,2008,West Brom,Middlesbrough,3.0,0.0,H,12.0,9.0,8.0,3.0,2.33,3.26,2.96,2.4,3.4,3.24
2009-01-18,2008,Tottenham,Portsmouth,1.0,1.0,D,26.0,11.0,15.0,4.0,1.7,3.49,5.12,1.75,3.75,5.93
2009-01-18,2008,West Ham,Fulham,3.0,1.0,H,11.0,9.0,7.0,5.0,2.13,3.27,3.37,2.25,3.4,3.71
2009-01-19,2008,Liverpool,Everton,1.0,1.0,D,9.0,7.0,5.0,6.0,1.61,3.53,5.94,1.7,3.86,6.8
2009-01-27,2008,Portsmouth,Aston Villa,0.0,1.0,A,17.0,9.0,8.0,2.0,3.14,3.27,2.25,3.4,3.45,2.35
2009-01-27,2008,Sunderland,Fulham,1.0,0.0,H,16.0,15.0,11.0,8.0,2.25,3.22,3.18,2.33,3.4,3.5
2009-01-27,2008,Tottenham,Stoke,3.0,1.0,H,22.0,6.0,14.0,3.0,1.59,3.65,6.05,1.65,4.0,6.98
2009-01-27,2008,West Brom,Man United,0.0,5.0,A,10.0,17.0,4.0,10.0,9.16,4.52,1.35,11.5,4.88,1.4
2009-01-28,2008,Blackburn,Bolton,2.0,2.0,D,15.0,9.0,12.0,5.0,1.94,3.24,4.04,2.05,3.37,4.5
2009-01-28,2008,Chelsea,Middlesbrough,2.0,0.0,H,23.0,7.0,12.0,5.0,1.24,5.49,12.77,1.27,6.0,18.06
2009-01-28,2008,Everton,Arsenal,1.0,1.0,D,7.0,7.0,3.0,4.0,2.89,3.24,2.39,3.1,3.4,2.51
2009-01-28,2008,Man City,Newcastle,2.0,1.0,H,14.0,2.0,7.0,1.0,1.73,3.49,4.8,1.8,3.75,5.35
2009-01-28,2008,West Ham,Hull,2.0,0.0,H,25.0,15.0,13.0,12.0,1.77,3.47,4.58,1.85,3.68,5.0
2009-01-28,2008,Wigan,Liverpool,1.0,1.0,D,3.0,10.0,1.0,5.0,4.58,3.36,1.8,5.01,3.5,1.87
2009-01-31,2008,Arsenal,West Ham,0.0,0.0,D,15.0,2.0,8.0,2.0,1.44,4.12,7.27,1.53,4.4,8.0
2009-01-31,2008,Aston Villa,Wigan,0.0,0.0,D,16.0,9.0,11.0,4.0,1.63,3.55,5.59,1.72,3.75,6.1
2009-01-31,2008,Bolton,Tottenham,3.0,2.0,H,13.0,13.0,7.0,10.0,2.64,3.24,2.59,2.86,3.45,2.8
2009-01-31,2008,Fulham,Portsmouth,3.0,1.0,H,6.0,12.0,6.0,6.0,1.99,3.29,3.78,2.06,3.4,4.17
2009-01-31,2008,Hull,West Brom,2.0,2.0,D,16.0,13.0,12.0,7.0,2.12,3.24,3.41,2.25,3.4,3.75
2009-01-31,2008,Man United,Everton,1.0,0.0,H,17.0,7.0,10.0,4.0,1.37,4.31,9.23,1.4,4.6,12.0
2009-01-31,2008,Middlesbrough,Blackburn,0.0,0.0,D,7.0,15.0,4.0,10.0,2.39,3.22,2.9,2.59,3.4,3.1
2009-01-31,2008,Stoke,Man City,1.0,0.0,H,7.0,17.0,4.0,7.0,3.19,3.26,2.21,3.52,3.4,2.3
2009-02-01,2008,Liverpool,Chelsea,2.0,0.0,H,21.0,4.0,15.0,1.0,2.43,3.09,2.95,2.55,3.25,3.1
2009-02-01,2008,Newcastle,Sunderland,1.0,1.0,D,15.0,16.0,10.0,9.0,2.48,3.17,2.83,2.7,3.3,3.0
2009-02-07,2008,Blackburn,Aston Villa,0.0,2.0,A,17.0,15.0,8.0,8.0,2.83,3.22,2.44,3.0,3.4,2.63
2009-02-07,2008,Chelsea,Hull,0.0,0.0,D,13.0,12.0,6.0,4.0,1.2,5.93,14.58,1.22,7.15,19.5
2009-02-07,2008,Everton,Bolton,3.0,0.0,H,20.0,7.0,11.0,4.0,1.7,3.42,5.17,1.8,3.6,5.65
2009-02-07,2008,Man City,Middlesbrough,1.0,0.0,H,20.0,7.0,12.0,4.0,1.6,3.63,5.74,1.65,4.0,6.7
2009-02-07,2008,Portsmouth,Liverpool,2.0,3.0,A,9.0,14.0,7.0,9.0,5.02,3.42,1.73,5.55,3.6,1.83
2009-02-07,2008,Sunderland,Stoke,2.0,0.0,H,12.0,5.0,6.0,1.0,1.78,3.35,4.66,1.85,3.5,5.35
2009-02-07,2008,West Brom,Newcastle,2.0,3.0,A,13.0,10.0,7.0,7.0,2.21,3.24,3.2,2.31,3.4,3.5
2009-02-07,2008,Wigan,Fulham,0.0,0.0,D,10.0,8.0,3.0,2.0,1.99,3.24,3.78,2.1,3.4,4.2
2009-02-08,2008,Tottenham,Arsenal,0.0,0.0,D,16.0,4.0,6.0,1.0,2.92,3.21,2.37,3.17,3.34,2.48
2009-02-08,2008,West Ham,Man United,0.0,1.0,A,9.0,11.0,5.0,6.0,6.09,3.63,1.57,6.72,3.86,1.63
2009-02-14,2008,Portsmouth,Man City,2.0,0.0,H,15.0,10.0,9.0,7.0,2.82,3.23,2.45,3.08,3.35,2.63
2009-02-18,2008,Man United,Fulham,3.0,0.0,H,17.0,5.0,9.0,0.0,1.24,5.23,13.19,1.27,6.0,17.2
2009-02-21,2008,Arsenal,Sunderland,0.0,0.0,D,16.0,3.0,9.0,2.0,1.4,4.14,8.53,1.45,4.5,10.44
2009-02-21,2008,Aston Villa,Chelsea,0.0,1.0,A,12.0,18.0,5.0,12.0,3.2,3.23,2.22,3.61,3.4,2.3
2009-02-21,2008,Bolton,West Ham,2.0,1.0,H,12.0,17.0,8.0,12.0,2.36,3.23,2.94,2.45,3.4,3.28
2009-02-21,2008,Man United,Blackburn,2.0,1.0,H,15.0,12.0,7.0,7.0,1.24,5.26,13.25,1.3,6.02,19.52
2009-02-21,2008,Middlesbrough,Wigan,0.0,0.0,D,6.0,12.0,3.0,6.0,2.39,3.22,2.9,2.5,3.35,3.12
2009-02-21,2008,Stoke,Portsmouth,2.0,2.0,D,6.0,6.0,2.0,2.0,2.48,3.2,2.8,2.74,3.35,3.0
2009-02-22,2008,Fulham,West Brom,2.0,0.0,H,19.0,8.0,9.0,5.0,1.77,3.39,4.71,1.86,3.6,5.5
2009-02-22,2008,Liverpool,Man City,1.0,1.0,D,18.0,10.0,5.0,4.0,1.57,3.6,6.39,1.63,4.0,7.8
2009-02-22,2008,Newcastle,Everton,0.0,0.0,D,4.0,15.0,0.0,5.0,2.8,3.23,2.46,2.96,3.4,2.6
2009-02-23,2008,Hull,Tottenham,1.0,2.0,A,12.0,9.0,4.0,6.0,3.0,3.25,2.31,3.46,3.4,2.4
2009-02-28,2008,Arsenal,Fulham,0.0,0.0,D,16.0,12.0,8.0,3.0,1.41,4.05,8.53,1.45,4.36,10.41
2009-02-28,2008,Chelsea,Wigan,2.0,1.0,H,17.0,13.0,13.0,7.0,1.3,4.69,11.58,1.35,5.14,16.27
2009-02-28,2008,Everton,West Brom,2.0,0.0,H,11.0,17.0,6.0,9.0,1.48,3.84,7.44,1.52,4.25,8.74
2009-02-28,2008,Middlesbrough,Liverpool,2.0,0.0,H,5.0,16.0,3.0,7.0,4.98,3.42,1.73,5.5,3.6,1.86
2009-03-01,2008,Aston Villa,Stoke,2.0,2.0,D,11.0,7.0,7.0,3.0,1.4,4.2,8.62,1.45,4.62,10.41
2009-03-01,2008,Bolton,Newcastle,1.0,0.0,H,10.0,19.0,6.0,11.0,2.02,3.26,3.69,2.1,3.42,4.11
2009-03-01,2008,Hull,Blackburn,1.0,2.0,A,9.0,8.0,5.0,6.0,2.7,3.22,2.56,3.03,3.4,2.65
2009-03-01,2008,West Ham,Man City,1.0,0.0,H,13.0,9.0,9.0,2.0,2.48,3.22,2.79,2.63,3.4,3.0
2009-03-03,2008,Liverpool,Sunderland,2.0,0.0,H,22.0,5.0,12.0,2.0,1.42,4.05,8.61,1.47,4.33,10.0
2009-03-03,2008,Portsmouth,Chelsea,0.0,1.0,A,13.0,20.0,9.0,11.0,6.48,3.67,1.56,7.5,3.9,1.61
2009-03-03,2008,West Brom,Arsenal,1.0,3.0,A,8.0,16.0,4.0,8.0,6.32,3.67,1.57,7.0,3.98,1.63
2009-03-04,2008,Blackburn,Everton,0.0,0.0,D,8.0,9.0,3.0,5.0,2.55,3.21,2.74,2.65,3.3,2.98
2009-03-04,2008,Fulham,Hull,0.0,1.0,A,17.0,10.0,9.0,3.0,1.7,3.47,5.25,1.75,3.75,5.85
2009-03-04,2008,Man City,Aston Villa,2.0,0.0,H,15.0,7.0,7.0,5.0,2.49,3.24,2.81,2.7,3.35,3.0
2009-03-04,2008,Newcastle,Man United,1.0,2.0,A,9.0,11.0,6.0,9.0,7.54,3.88,1.48,8.8,4.3,1.55
2009-03-04,2008,Stoke,Bolton,2.0,0.0,H,11.0,12.0,6.0,9.0,2.49,3.21,2.82,2.63,3.31,3.05
2009-03-04,2008,Tottenham,Middlesbrough,4.0,0.0,H,12.0,15.0,7.0,6.0,1.78,3.41,4.67,1.86,3.56,5.03
2009-03-04,2008,Wigan,West Ham,0.0,1.0,A,20.0,8.0,8.0,4.0,2.19,3.23,3.32,2.3,3.33,3.69
2009-03-07,2008,Sunderland,Tottenham,1.0,1.0,D,8.0,13.0,3.0,8.0,2.8,3.24,2.47,3.13,3.4,2.6
2009-03-11,2008,Fulham,Blackburn,1.0,2.0,A,10.0,16.0,8.0,9.0,2.2,3.22,3.26,2.3,3.4,3.6
2009-03-14,2008,Arsenal,Blackburn,4.0,0.0,H,18.0,7.0,12.0,3.0,1.44,3.96,8.0,1.5,4.33,9.6
2009-03-14,2008,Bolton,Fulham,1.0,3.0,A,14.0,14.0,9.0,8.0,2.09,3.22,3.53,2.2,3.3,4.05
2009-03-14,2008,Everton,Stoke,3.0,1.0,H,17.0,10.0,13.0,5.0,1.48,3.82,7.5,1.52,4.13,8.55
2009-03-14,2008,Hull,Newcastle,1.0,1.0,D,9.0,9.0,2.0,3.0,2.54,3.2,2.72,2.77,3.3,2.85
2009-03-14,2008,Man United,Liverpool,1.0,4.0,A,14.0,9.0,9.0,6.0,1.89,3.26,4.25,2.0,3.35,4.87
2009-03-14,2008,Middlesbrough,Portsmouth,1.0,1.0,D,16.0,8.0,11.0,4.0,2.16,3.22,3.33,2.25,3.3,3.7
2009-03-14,2008,Sunderland,Wigan,1.0,2.0,A,7.0,9.0,3.0,5.0,2.18,3.2,3.31,2.29,3.25,3.62
2009-03-15,2008,Aston Villa,Tottenham,1.0,2.0,A,11.0,10.0,5.0,9.0,2.01,3.28,3.68,2.1,3.5,4.03
2009-03-15,2008,Chelsea,Man City,1.0,0.0,H,18.0,6.0,6.0,3.0,1.42,4.05,8.32,1.45,4.5,10.46
2009-03-16,2008,West Ham,West Brom,0.0,0.0,D,9.0,8.0,4.0,4.0,1.67,3.51,5.22,1.73,3.75,6.0
2009-03-21,2008,Blackburn,West Ham,1.0,1.0,D,15.0,6.0,11.0,2.0,1.96,3.3,3.88,2.05,3.42,4.44
2009-03-21,2008,Fulham,Man United,2.0,0.0,H,15.0,13.0,6.0,8.0,7.83,3.96,1.44,10.0,4.37,1.5
2009-03-21,2008,Newcastle,Arsenal,1.0,3.0,A,11.0,15.0,8.0,10.0,5.06,3.49,1.7,5.85,3.78,1.75
2009-03-21,2008,Portsmouth,Everton,2.0,1.0,H,16.0,5.0,11.0,2.0,2.72,3.2,2.54,2.9,3.3,2.7
2009-03-21,2008,Stoke,Middlesbrough,1.0,0.0,H,10.0,17.0,4.0,8.0,2.28,3.23,3.09,2.38,3.39,3.35
2009-03-21,2008,Tottenham,Chelsea,1.0,0.0,H,8.0,15.0,4.0,9.0,4.13,3.35,1.88,4.66,3.52,1.95
2009-03-21,2008,West Brom,Bolton,1.0,1.0,D,11.0,14.0,4.0,11.0,2.39,3.24,2.9,2.5,3.4,3.18
2009-03-22,2008,Liverpool,Aston Villa,5.0,0.0,H,14.0,6.0,7.0,4.0,1.47,3.87,7.47,1.5,4.23,8.8
2009-03-22,2008,Man City,Sunderland,1.0,0.0,H,18.0,6.0,10.0,5.0,1.62,3.55,5.72,1.73,3.75,6.32
2009-03-22,2008,Wigan,Hull,1.0,0.0,H,16.0,8.0,6.0,2.0,1.74,3.41,4.88,1.8,3.6,5.6
2009-04-04,2008,Arsenal,Man City,2.0,0.0,H,17.0,9.0,9.0,4.0,1.52,3.7,6.84,1.57,4.04,8.27
2009-04-04,2008,Blackburn,Tottenham,2.0,1.0,H,11.0,9.0,6.0,3.0,2.55,3.22,2.7,2.75,3.3,2.93
2009-04-04,2008,Bolton,Middlesbrough,4.0,1.0,H,16.0,19.0,9.0,4.0,2.06,3.25,3.62,2.14,3.4,4.02
2009-04-04,2008,Fulham,Liverpool,0.0,1.0,A,3.0,19.0,1.0,10.0,5.73,3.57,1.62,6.6,3.91,1.67
2009-04-04,2008,Hull,Portsmouth,0.0,0.0,D,9.0,7.0,1.0,2.0,2.56,3.21,2.7,2.74,3.3,2.89
2009-04-04,2008,Newcastle,Chelsea,0.0,2.0,A,6.0,16.0,4.0,10.0,5.22,3.55,1.67,5.75,3.75,1.76
2009-04-04,2008,West Brom,Stoke,0.0,2.0,A,12.0,9.0,9.0,6.0,2.15,3.22,3.37,2.25,3.3,3.87
2009-04-04,2008,West Ham,Sunderland,2.0,0.0,H,16.0,14.0,11.0,9.0,2.07,3.24,3.57,2.2,3.4,3.87
2009-04-05,2008,Everton,Wigan,4.0,0.0,H,14.0,14.0,10.0,8.0,1.73,3.43,4.91,1.81,3.55,5.52
2009-04-05,2008,Man United,Aston Villa,3.0,2.0,H,14.0,8.0,9.0,8.0,1.4,4.2,8.53,1.45,4.5,10.48
2009-04-11,2008,Chelsea,Bolton,4.0,3.0,H,20.0,14.0,9.0,6.0,1.27,5.15,11.96,1.3,5.82,16.2
2009-04-11,2008,Liverpool,Blackburn,4.0,0.0,H,22.0,7.0,12.0,5.0,1.33,4.68,10.05,1.37,5.2,12.36
2009-04-11,2008,Middlesbrough,Hull,3.0,1.0,H,15.0,12.0,9.0,6.0,2.07,3.28,3.58,2.15,3.4,3.85
2009-04-11,2008,Portsmouth,West Brom,2.0,2.0,D,14.0,12.0,4.0,7.0,1.69,3.49,5.25,1.74,3.78,5.88
2009-04-11,2008,Stoke,Newcastle,1.0,1.0,D,17.0,8.0,6.0,2.0,2.43,3.2,2.87,2.65,3.3,3.01
2009-04-11,2008,Sunderland,Man United,1.0,2.0,A,12.0,18.0,7.0,8.0,7.47,3.98,1.47,8.5,4.26,1.51
2009-04-11,2008,Tottenham,West Ham,1.0,0.0,H,14.0,8.0,9.0,6.0,1.72,3.44,5.09,1.75,3.71,5.9
2009-04-11,2008,Wigan,Arsenal,1.0,4.0,A,11.0,15.0,5.0,8.0,4.99,3.42,1.74,5.5,3.6,1.84
2009-04-12,2008,Aston Villa,Everton,3.0,3.0,D,15.0,10.0,8.0,6.0,2.16,3.23,3.34,2.28,3.3,3.65
2009-04-12,2008,Man City,Fulham,1.0,3.0,A,13.0,15.0,5.0,11.0,1.88,3.32,4.24,1.99,3.5,4.6
2009-04-18,2008,Aston Villa,West Ham,1.0,1.0,D,17.0,18.0,7.0,9.0,1.66,3.53,5.45,1.72,3.84,6.52
2009-04-18,2008,Middlesbrough,Fulham,0.0,0.0,D,18.0,11.0,14.0,6.0,2.19,3.24,3.29,2.25,3.4,3.71
2009-04-18,2008,Portsmouth,Bolton,1.0,0.0,H,20.0,5.0,10.0,1.0,2.04,3.25,3.65,2.1,3.45,4.08
2009-04-18,2008,Stoke,Blackburn,1.0,0.0,H,6.0,3.0,2.0,1.0,2.35,3.21,2.99,2.45,3.3,3.3
2009-04-18,2008,Sunderland,Hull,1.0,0.0,H,8.0,13.0,4.0,3.0,1.87,3.34,4.23,1.93,3.52,4.6
2009-04-19,2008,Man City,West Brom,4.0,2.0,H,18.0,26.0,11.0,17.0,1.61,3.59,5.7,1.7,3.75,6.5
2009-04-19,2008,Tottenham,Newcastle,1.0,0.0,H,22.0,8.0,18.0,3.0,1.66,3.53,5.36,1.7,3.92,6.0
2009-04-21,2008,Liverpool,Arsenal,4.0,4.0,D,22.0,8.0,15.0,4.0,1.74,3.46,4.87,1.8,3.72,5.6
2009-04-22,2008,Chelsea,Everton,0.0,0.0,D,18.0,14.0,6.0,5.0,1.45,3.94,7.95,1.48,4.36,9.0
2009-04-22,2008,Man United,Portsmouth,2.0,0.0,H,20.0,5.0,14.0,1.0,1.24,5.39,12.86,1.27,6.0,16.56
2009-04-25,2008,Bolton,Aston Villa,1.0,1.0,D,9.0,14.0,6.0,6.0,2.89,3.24,2.41,3.25,3.4,2.5
2009-04-25,2008,Everton,Man City,1.0,2.0,A,12.0,16.0,4.0,10.0,1.82,3.4,4.38,1.91,3.65,4.94
2009-04-25,2008,Fulham,Stoke,1.0,0.0,H,10.0,9.0,7.0,2.0,1.74,3.45,4.8,1.8,3.65,5.4
2009-04-25,2008,Hull,Liverpool,1.0,3.0,A,7.0,21.0,5.0,8.0,8.78,4.32,1.38,11.0,4.93,1.42
2009-04-25,2008,Man United,Tottenham,5.0,2.0,H,21.0,6.0,14.0,4.0,1.42,4.16,7.78,1.49,4.34,8.54
2009-04-25,2008,West Brom,Sunderland,3.0,0.0,H,15.0,9.0,9.0,5.0,2.44,3.24,2.83,2.62,3.35,3.0
2009-04-25,2008,West Ham,Chelsea,0.0,1.0,A,8.0,20.0,6.0,8.0,4.71,3.36,1.78,5.75,3.5,1.92
2009-04-26,2008,Arsenal,Middlesbrough,2.0,0.0,H,15.0,5.0,11.0,4.0,1.46,4.02,7.35,1.53,4.33,8.39
2009-04-26,2008,Blackburn,Wigan,2.0,0.0,H,14.0,17.0,8.0,8.0,1.92,3.32,3.97,2.02,3.45,4.37
2009-04-27,2008,Newcastle,Portsmouth,0.0,0.0,D,13.0,15.0,8.0,7.0,1.96,3.38,3.76,2.1,3.75,4.0
2009-05-02,2008,Chelsea,Fulham,3.0,1.0,H,13.0,8.0,5.0,3.0,1.49,3.82,7.06,1.59,4.0,8.0
2009-05-02,2008,Man City,Blackburn,3.0,1.0,H,9.0,16.0,7.0,9.0,1.93,3.33,3.94,2.02,3.5,4.25
2009-05-02,2008,Middlesbrough,Man United,0.0,2.0,A,11.0,13.0,5.0,4.0,6.48,3.82,1.52,7.3,4.2,1.61
2009-05-02,2008,Portsmouth,Arsenal,0.0,3.0,A,12.0,15.0,4.0,9.0,3.29,3.22,2.19,3.5,3.32,2.42
2009-05-02,2008,Stoke,West Ham,0.0,1.0,A,13.0,7.0,7.0,3.0,2.33,3.22,3.01,2.4,3.34,3.32
2009-05-02,2008,Tottenham,West Brom,1.0,0.0,H,16.0,10.0,9.0,7.0,1.47,3.98,7.11,1.52,4.53,8.56
2009-05-02,2008,Wigan,Bolton,0.0,0.0,D,16.0,10.0,7.0,2.0,2.1,3.24,3.49,2.2,3.37,4.04
2009-05-03,2008,Liverpool,Newcastle,3.0,0.0,H,25.0,3.0,11.0,3.0,1.26,5.17,11.71,1.3,6.08,15.0
2009-05-03,2008,Sunderland,Everton,0.0,2.0,A,8.0,10.0,3.0,8.0,2.48,3.21,2.82,2.63,3.3,3.02
2009-05-04,2008,Aston Villa,Hull,1.0,0.0,H,12.0,9.0,8.0,5.0,1.53,3.74,6.66,1.57,4.04,8.27
2009-05-09,2008,Blackburn,Portsmouth,2.0,0.0,H,8.0,7.0,6.0,4.0,1.97,3.23,3.9,2.1,3.4,4.25
2009-05-09,2008,Bolton,Sunderland,0.0,0.0,D,8.0,15.0,4.0,4.0,2.15,3.23,3.37,2.25,3.4,3.8
2009-05-09,2008,Everton,Tottenham,0.0,0.0,D,13.0,4.0,5.0,2.0,2.23,3.24,3.16,2.33,3.4,3.35
2009-05-09,2008,Fulham,Aston Villa,3.0,1.0,H,15.0,7.0,11.0,2.0,2.58,3.2,2.67,2.73,3.3,2.9
2009-05-09,2008,Hull,Stoke,1.0,2.0,A,14.0,10.0,5.0,2.0,2.09,3.25,3.5,2.2,3.4,3.9
2009-05-09,2008,West Brom,Wigan,3.0,1.0,H,12.0,11.0,10.0,4.0,2.41,3.27,2.84,2.5,3.4,3.0
2009-05-09,2008,West Ham,Liverpool,0.0,3.0,A,8.0,16.0,3.0,9.0,6.29,3.7,1.55,6.95,4.0,1.57
2009-05-10,2008,Arsenal,Chelsea,1.0,4.0,A,15.0,16.0,7.0,8.0,2.53,3.18,2.76,2.65,3.32,2.94
2009-05-10,2008,Man United,Man City,2.0,0.0,H,15.0,11.0,7.0,5.0,1.36,4.53,8.71,1.4,5.16,10.52
2009-05-11,2008,Newcastle,Middlesbrough,3.0,1.0,H,19.0,11.0,9.0,5.0,2.01,3.33,3.64,2.1,3.6,4.0
2009-05-13,2008,Wigan,Man United,1.0,2.0,A,13.0,18.0,5.0,9.0,10.02,4.85,1.31,12.0,5.76,1.34
2009-05-16,2008,Bolton,Hull,1.0,1.0,D,16.0,20.0,9.0,12.0,2.21,3.29,3.19,2.25,3.43,3.64
2009-05-16,2008,Everton,West Ham,3.0,1.0,H,18.0,8.0,9.0,3.0,1.74,3.46,4.82,1.8,3.61,5.5
2009-05-16,2008,Man United,Arsenal,0.0,0.0,D,11.0,14.0,5.0,11.0,1.65,3.47,5.65,1.75,3.75,6.5
2009-05-16,2008,Middlesbrough,Aston Villa,1.0,1.0,D,10.0,8.0,6.0,6.0,2.53,3.29,2.68,2.67,3.4,2.9
2009-05-16,2008,Newcastle,Fulham,0.0,1.0,A,12.0,12.0,6.0,5.0,1.9,3.44,3.93,1.97,3.65,4.26
2009-05-16,2008,Stoke,Wigan,2.0,0.0,H,13.0,8.0,8.0,3.0,2.18,3.25,3.28,2.28,3.4,3.6
2009-05-16,2008,Tottenham,Man City,2.0,1.0,H,11.0,9.0,4.0,3.0,1.86,3.43,4.16,1.91,3.76,4.66
2009-05-17,2008,Chelsea,Blackburn,2.0,0.0,H,21.0,8.0,12.0,5.0,1.3,4.91,10.33,1.35,5.3,13.95
2009-05-17,2008,West Brom,Liverpool,0.0,2.0,A,12.0,16.0,7.0,10.0,7.81,4.71,1.37,10.0,5.14,1.42
2009-05-18,2008,Portsmouth,Sunderland,3.0,1.0,H,9.0,20.0,4.0,9.0,2.13,3.21,3.43,2.26,3.32,3.75
2009-05-24,2008,Arsenal,Stoke,4.0,1.0,H,24.0,3.0,11.0,1.0,1.32,4.78,9.28,1.37,5.69,11.0
2009-05-24,2008,Aston Villa,Newcastle,1.0,0.0,H,15.0,8.0,5.0,3.0,2.32,3.39,2.88,2.45,3.57,3.21
2009-05-24,2008,Blackburn,West Brom,0.0,0.0,D,10.0,13.0,5.0,5.0,1.8,3.42,4.47,1.87,3.64,4.92
2009-05-24,2008,Fulham,Everton,0.0,2.0,A,10.0,13.0,4.0,10.0,2.11,3.27,3.39,2.2,3.49,3.7
2009-05-24,2008,Hull,Man United,0.0,1.0,A,12.0,12.0,8.0,5.0,2.9,3.44,2.29,3.1,3.67,2.46
2009-05-24,2008,Liverpool,Tottenham,3.0,1.0,H,20.0,8.0,9.0,4.0,1.53,3.84,6.22,1.6,4.2,6.7
2009-05-24,2008,Man City,Bolton,1.0,0.0,H,20.0,8.0,12.0,4.0,1.74,3.48,4.8,1.8,3.8,5.55
2009-05-24,2008,Sunderland,Chelsea,2.0,3.0,A,8.0,14.0,7.0,9.0,3.88,3.46,1.9,4.4,3.65,2.05
2009-05-24,2008,West Ham,Middlesbrough,2.0,1.0,H,14.0,17.0,8.0,6.0,2.23,3.4,3.02,2.4,3.56,3.4
2009-05-24,2008,Wigan,Portsmouth,1.0,0.0,H,19.0,9.0,10.0,3.0,2.12,3.29,3.35,2.25,3.4,3.69
2009-08-15,2009,Aston Villa,Wigan,0.0,2.0,A,11.0,14.0,5.0,7.0,1.66,3.51,5.33,1.72,3.77,6.05
2009-08-15,2009,Blackburn,Man City,0.0,2.0,A,17.0,8.0,9.0,5.0,3.37,3.24,2.12,3.78,3.35,2.25
2009-08-15,2009,Bolton,Sunderland,0.0,1.0,A,11.0,20.0,3.0,13.0,2.24,3.2,3.15,2.37,3.31,3.4
2009-08-15,2009,Chelsea,Hull,2.0,1.0,H,26.0,7.0,12.0,3.0,1.17,6.26,16.39,1.2,7.71,23.14
2009-08-15,2009,Everton,Arsenal,1.0,6.0,A,8.0,15.0,5.0,9.0,3.07,3.21,2.28,3.34,3.34,2.42
2009-08-15,2009,Portsmouth,Fulham,0.0,1.0,A,16.0,9.0,4.0,3.0,2.53,3.18,2.73,2.81,3.25,2.9
2009-08-15,2009,Stoke,Burnley,2.0,0.0,H,12.0,9.0,5.0,5.0,1.91,3.29,4.02,2.0,3.47,4.36
2009-08-15,2009,Wolves,West Ham,0.0,2.0,A,19.0,16.0,11.0,13.0,2.57,3.19,2.68,2.78,3.3,2.87
2009-08-16,2009,Man United,Birmingham,1.0,0.0,H,26.0,6.0,17.0,4.0,1.19,5.91,14.99,1.23,6.62,21.0
2009-08-16,2009,Tottenham,Liverpool,2.0,1.0,H,17.0,6.0,11.0,3.0,3.13,3.22,2.23,3.31,3.4,2.39
2009-08-18,2009,Sunderland,Chelsea,1.0,3.0,A,4.0,20.0,3.0,9.0,6.88,3.8,1.51,7.95,4.19,1.57
2009-08-18,2009,Wigan,Wolves,0.0,1.0,A,18.0,9.0,5.0,3.0,1.69,3.51,5.2,1.75,3.82,6.06
2009-08-19,2009,Birmingham,Portsmouth,1.0,0.0,H,9.0,9.0,5.0,4.0,2.04,3.27,3.64,2.1,3.43,4.16
2009-08-19,2009,Burnley,Man United,1.0,0.0,H,8.0,18.0,2.0,9.0,9.79,4.78,1.32,12.0,5.12,1.37
2009-08-19,2009,Hull,Tottenham,1.0,5.0,A,9.0,18.0,7.0,12.0,3.8,3.35,1.96,4.24,3.6,2.0
2009-08-19,2009,Liverpool,Stoke,4.0,0.0,H,18.0,6.0,13.0,3.0,1.25,5.25,12.84,1.3,6.0,17.3
2009-08-22,2009,Arsenal,Portsmouth,4.0,1.0,H,19.0,9.0,16.0,4.0,1.18,6.41,15.98,1.2,7.5,24.5
2009-08-22,2009,Birmingham,Stoke,0.0,0.0,D,8.0,13.0,6.0,3.0,2.23,3.21,3.24,2.38,3.32,3.66
2009-08-22,2009,Hull,Bolton,1.0,0.0,H,12.0,20.0,5.0,10.0,2.46,3.22,2.84,2.68,3.4,3.0
2009-08-22,2009,Man City,Wolves,1.0,0.0,H,16.0,10.0,11.0,2.0,1.32,4.73,10.25,1.37,5.5,12.17
2009-08-22,2009,Sunderland,Blackburn,2.0,1.0,H,8.0,18.0,5.0,5.0,2.07,3.22,3.6,2.16,3.4,3.86
2009-08-22,2009,Wigan,Man United,0.0,5.0,A,16.0,16.0,7.0,13.0,6.48,3.83,1.53,7.1,4.08,1.6
2009-08-23,2009,Burnley,Everton,1.0,0.0,H,8.0,17.0,4.0,11.0,3.34,3.25,2.17,3.63,3.37,2.25
2009-08-23,2009,Fulham,Chelsea,0.0,2.0,A,4.0,12.0,1.0,4.0,6.35,3.7,1.56,7.12,4.02,1.62
2009-08-23,2009,West Ham,Tottenham,1.0,2.0,A,17.0,17.0,8.0,10.0,3.03,3.27,2.31,3.37,3.44,2.45
2009-08-24,2009,Liverpool,Aston Villa,1.0,3.0,A,21.0,7.0,12.0,4.0,1.43,4.09,7.87,1.46,4.7,9.6
2009-08-29,2009,Blackburn,West Ham,0.0,0.0,D,19.0,11.0,9.0,5.0,2.18,3.23,3.31,2.3,3.4,3.72
2009-08-29,2009,Bolton,Liverpool,2.0,3.0,A,8.0,26.0,5.0,14.0,6.29,3.79,1.55,7.1,4.25,1.58
2009-08-29,2009,Chelsea,Burnley,3.0,0.0,H,27.0,3.0,17.0,0.0,1.14,7.28,17.87,1.17,9.3,24.0
2009-08-29,2009,Man United,Arsenal,2.0,1.0,H,10.0,9.0,4.0,3.0,2.13,3.26,3.4,2.28,3.43,3.6
2009-08-29,2009,Stoke,Sunderland,1.0,0.0,H,13.0,9.0,7.0,6.0,2.34,3.21,3.01,2.48,3.3,3.24
2009-08-29,2009,Tottenham,Birmingham,2.0,1.0,H,20.0,11.0,14.0,6.0,1.36,4.47,9.08,1.4,5.1,11.02
2009-08-29,2009,Wolves,Hull,1.0,1.0,D,24.0,5.0,17.0,4.0,2.09,3.26,3.48,2.17,3.48,3.76
2009-08-30,2009,Aston Villa,Fulham,2.0,0.0,H,9.0,6.0,4.0,3.0,1.73,3.47,4.91,1.8,3.71,5.54
2009-08-30,2009,Everton,Wigan,2.0,1.0,H,26.0,12.0,14.0,7.0,1.73,3.49,4.87,1.8,3.75,5.45
2009-08-30,2009,Portsmouth,Man City,0.0,1.0,A,11.0,12.0,6.0,8.0,5.99,3.67,1.58,6.84,4.01,1.65
2009-09-12,2009,Blackburn,Wolves,3.0,1.0,H,13.0,9.0,10.0,5.0,1.84,3.4,4.41,1.88,3.61,5.1
2009-09-12,2009,Liverpool,Burnley,4.0,0.0,H,27.0,6.0,16.0,3.0,1.19,6.31,15.25,1.21,7.3,23.0
2009-09-12,2009,Man City,Arsenal,4.0,2.0,H,10.0,19.0,6.0,9.0,2.83,3.25,2.47,3.05,3.41,2.61
2009-09-12,2009,Portsmouth,Bolton,2.0,3.0,A,21.0,14.0,11.0,6.0,2.51,3.2,2.82,2.64,3.3,3.02
2009-09-12,2009,Stoke,Chelsea,1.0,2.0,A,4.0,18.0,2.0,10.0,8.52,4.33,1.39,9.9,4.84,1.42
2009-09-12,2009,Sunderland,Hull,4.0,1.0,H,7.0,6.0,4.0,5.0,1.76,3.46,4.81,1.85,3.68,5.5
2009-09-12,2009,Tottenham,Man United,1.0,3.0,A,11.0,17.0,7.0,13.0,3.14,3.32,2.24,3.35,3.61,2.33
2009-09-12,2009,Wigan,West Ham,1.0,0.0,H,12.0,12.0,6.0,5.0,2.27,3.25,3.14,2.44,3.4,3.34
2009-09-13,2009,Birmingham,Aston Villa,0.0,1.0,A,11.0,12.0,7.0,5.0,3.28,3.25,2.2,3.69,3.4,2.3
2009-09-13,2009,Fulham,Everton,2.0,1.0,H,14.0,6.0,8.0,6.0,2.53,3.2,2.78,2.74,3.3,3.1
2009-09-19,2009,Arsenal,Wigan,4.0,0.0,H,23.0,8.0,11.0,5.0,1.24,5.47,12.96,1.29,6.0,16.43
2009-09-19,2009,Aston Villa,Portsmouth,2.0,0.0,H,7.0,17.0,5.0,12.0,1.4,4.13,9.09,1.44,4.5,11.38
2009-09-19,2009,Bolton,Stoke,1.0,1.0,D,11.0,10.0,5.0,6.0,2.09,3.24,3.55,2.17,3.32,3.96
2009-09-19,2009,Burnley,Sunderland,3.0,1.0,H,10.0,8.0,3.0,5.0,2.76,3.22,2.53,2.99,3.3,3.1
2009-09-19,2009,Hull,Birmingham,0.0,1.0,A,16.0,14.0,11.0,9.0,2.35,3.22,3.01,2.53,3.3,3.25
2009-09-19,2009,West Ham,Liverpool,2.0,3.0,A,8.0,19.0,5.0,15.0,6.32,3.8,1.54,6.76,4.16,1.59
2009-09-20,2009,Chelsea,Tottenham,3.0,0.0,H,25.0,9.0,15.0,4.0,1.49,3.93,7.04,1.53,4.31,8.16
2009-09-20,2009,Everton,Blackburn,3.0,0.0,H,18.0,7.0,11.0,4.0,1.77,3.4,4.75,1.84,3.5,5.37
2009-09-20,2009,Man United,Man City,4.0,3.0,H,21.0,10.0,11.0,6.0,1.59,3.82,5.59,1.62,4.3,6.55
2009-09-20,2009,Wolves,Fulham,2.0,1.0,H,12.0,3.0,4.0,1.0,2.51,3.21,2.79,2.7,3.45,2.96
2009-09-26,2009,Birmingham,Bolton,1.0,2.0,A,12.0,10.0,6.0,4.0,2.2,3.23,3.28,2.32,3.45,3.5
2009-09-26,2009,Blackburn,Aston Villa,2.0,1.0,H,15.0,10.0,7.0,5.0,3.0,3.25,2.34,3.24,3.5,2.45
2009-09-26,2009,Fulham,Arsenal,0.0,1.0,A,18.0,14.0,12.0,4.0,6.32,3.74,1.55,7.27,4.07,1.6
2009-09-26,2009,Liverpool,Hull,6.0,1.0,H,22.0,7.0,14.0,3.0,1.15,7.0,18.44,1.17,8.2,29.0
2009-09-26,2009,Portsmouth,Everton,0.0,1.0,A,16.0,12.0,12.0,8.0,3.95,3.38,1.92,4.33,3.64,2.0
2009-09-26,2009,Stoke,Man United,0.0,2.0,A,2.0,13.0,1.0,7.0,8.63,4.39,1.37,10.0,4.81,1.42
2009-09-26,2009,Tottenham,Burnley,5.0,0.0,H,18.0,10.0,12.0,7.0,1.33,4.8,9.36,1.36,5.51,11.75
2009-09-26,2009,Wigan,Chelsea,3.0,1.0,H,15.0,14.0,9.0,8.0,10.26,4.76,1.31,13.0,5.43,1.35
2009-09-27,2009,Sunderland,Wolves,5.0,2.0,H,10.0,15.0,8.0,11.0,1.72,3.5,4.95,1.76,3.91,5.45
2009-09-28,2009,Man City,West Ham,3.0,1.0,H,20.0,12.0,12.0,8.0,1.42,4.18,7.73,1.47,4.62,8.5
2009-10-03,2009,Bolton,Tottenham,2.0,2.0,D,12.0,17.0,9.0,9.0,3.88,3.44,1.93,4.2,3.68,2.04
2009-10-03,2009,Burnley,Birmingham,2.0,1.0,H,15.0,10.0,13.0,6.0,2.26,3.24,3.19,2.34,3.35,3.5
2009-10-03,2009,Hull,Wigan,2.0,1.0,H,11.0,13.0,6.0,5.0,2.79,3.27,2.49,3.0,3.45,2.57
2009-10-03,2009,Man United,Sunderland,2.0,2.0,D,17.0,4.0,9.0,3.0,1.2,6.18,14.34,1.21,7.0,17.0
2009-10-03,2009,Wolves,Portsmouth,0.0,1.0,A,11.0,12.0,5.0,8.0,2.07,3.33,3.52,2.15,3.46,4.0
2009-10-04,2009,Arsenal,Blackburn,6.0,2.0,H,24.0,7.0,18.0,7.0,1.22,5.88,13.2,1.25,6.9,16.8
2009-10-04,2009,Chelsea,Liverpool,2.0,0.0,H,12.0,12.0,8.0,3.0,2.11,3.25,3.51,2.2,3.44,3.89
2009-10-04,2009,Everton,Stoke,1.0,1.0,D,24.0,8.0,17.0,6.0,1.55,3.78,6.32,1.6,4.14,7.0
2009-10-04,2009,West Ham,Fulham,2.0,2.0,D,20.0,10.0,10.0,6.0,2.16,3.24,3.42,2.25,3.35,3.8
2009-10-05,2009,Aston Villa,Man City,1.0,1.0,D,12.0,9.0,6.0,7.0,2.65,3.27,2.6,2.82,3.43,2.73
2009-10-17,2009,Arsenal,Birmingham,3.0,1.0,H,20.0,3.0,12.0,2.0,1.16,6.8,17.2,1.18,8.3,23.72
2009-10-17,2009,Aston Villa,Chelsea,2.0,1.0,H,7.0,21.0,5.0,13.0,4.46,3.47,1.8,5.07,3.78,1.85
2009-10-17,2009,Everton,Wolves,1.0,1.0,D,13.0,12.0,5.0,6.0,1.44,4.11,7.58,1.5,4.46,8.25
2009-10-17,2009,Man United,Bolton,2.0,1.0,H,13.0,15.0,7.0,7.0,1.22,5.68,13.62,1.27,6.2,17.72
2009-10-17,2009,Portsmouth,Tottenham,1.0,2.0,A,23.0,9.0,13.0,4.0,4.47,3.45,1.81,4.9,3.65,1.91
2009-10-17,2009,Stoke,West Ham,2.0,1.0,H,11.0,12.0,4.0,11.0,2.11,3.25,3.5,2.2,3.41,3.91
2009-10-17,2009,Sunderland,Liverpool,1.0,0.0,H,13.0,15.0,7.0,6.0,3.85,3.32,1.98,4.45,3.45,2.14
2009-10-18,2009,Blackburn,Burnley,3.0,2.0,H,12.0,9.0,6.0,5.0,1.74,3.49,4.86,1.8,3.69,5.53
2009-10-18,2009,Wigan,Man City,1.0,1.0,D,13.0,5.0,7.0,4.0,4.88,3.54,1.72,5.5,3.75,1.84
2009-10-19,2009,Fulham,Hull,2.0,0.0,H,17.0,5.0,11.0,2.0,1.67,3.56,5.31,1.72,3.75,5.97
2009-10-24,2009,Birmingham,Sunderland,2.0,1.0,H,19.0,14.0,13.0,6.0,2.77,3.24,2.51,2.96,3.35,2.63
2009-10-24,2009,Burnley,Wigan,1.0,3.0,A,12.0,13.0,9.0,8.0,2.43,3.24,2.88,2.58,3.38,3.02
2009-10-24,2009,Chelsea,Blackburn,5.0,0.0,H,26.0,5.0,15.0,2.0,1.19,6.12,15.98,1.2,6.82,25.0
2009-10-24,2009,Hull,Portsmouth,0.0,0.0,D,7.0,8.0,3.0,2.0,2.5,3.23,2.8,2.67,3.4,2.9
2009-10-24,2009,Tottenham,Stoke,0.0,1.0,A,22.0,8.0,12.0,2.0,1.43,4.16,7.67,1.46,4.56,8.8
2009-10-24,2009,Wolves,Aston Villa,1.0,1.0,D,8.0,12.0,4.0,8.0,3.42,3.29,2.12,3.6,3.46,2.25
2009-10-25,2009,Bolton,Everton,3.0,2.0,H,12.0,17.0,8.0,12.0,2.61,3.23,2.66,2.75,3.34,2.89
2009-10-25,2009,Liverpool,Man United,2.0,0.0,H,11.0,7.0,6.0,5.0,2.86,3.22,2.47,3.02,3.3,2.7
2009-10-25,2009,Man City,Fulham,2.0,2.0,D,20.0,11.0,7.0,5.0,1.45,4.05,7.63,1.51,4.5,8.51
2009-10-25,2009,West Ham,Arsenal,2.0,2.0,D,15.0,15.0,9.0,10.0,6.99,3.96,1.49,7.97,4.33,1.55
2009-10-31,2009,Arsenal,Tottenham,3.0,0.0,H,18.0,7.0,12.0,5.0,1.57,3.84,5.84,1.62,4.4,6.25
2009-10-31,2009,Bolton,Chelsea,0.0,4.0,A,15.0,27.0,6.0,17.0,7.9,4.15,1.43,9.54,4.62,1.47
2009-10-31,2009,Burnley,Hull,2.0,0.0,H,11.0,8.0,5.0,6.0,1.92,3.32,4.06,2.0,3.5,4.68
2009-10-31,2009,Everton,Aston Villa,1.0,1.0,D,9.0,13.0,4.0,8.0,2.49,3.24,2.79,2.67,3.4,2.95
2009-10-31,2009,Fulham,Liverpool,3.0,1.0,H,10.0,6.0,6.0,3.0,4.12,3.37,1.88,4.4,3.5,2.01
2009-10-31,2009,Man United,Blackburn,2.0,0.0,H,20.0,2.0,11.0,1.0,1.17,6.57,16.81,1.2,7.58,23.0
2009-10-31,2009,Portsmouth,Wigan,4.0,0.0,H,21.0,8.0,11.0,3.0,2.37,3.27,2.93,2.5,3.4,3.21
2009-10-31,2009,Stoke,Wolves,2.0,2.0,D,10.0,11.0,5.0,7.0,1.9,3.36,4.06,1.95,3.6,4.43
2009-10-31,2009,Sunderland,West Ham,2.0,2.0,D,17.0,15.0,7.0,9.0,1.95,3.33,3.91,2.09,3.41,4.2
2009-11-01,2009,Birmingham,Man City,0.0,0.0,D,7.0,14.0,4.0,6.0,4.28,3.44,1.83,4.6,3.76,1.91
2009-11-04,2009,West Ham,Aston Villa,2.0,1.0,H,14.0,13.0,7.0,10.0,2.74,3.24,2.52,2.88,3.4,2.73
2009-11-07,2009,Aston Villa,Bolton,5.0,1.0,H,19.0,13.0,13.0,9.0,1.77,3.46,4.65,1.87,3.63,5.0
2009-11-07,2009,Blackburn,Portsmouth,3.0,1.0,H,10.0,9.0,6.0,3.0,2.09,3.28,3.49,2.2,3.47,3.75
2009-11-07,2009,Man City,Burnley,3.0,3.0,D,13.0,6.0,8.0,4.0,1.32,4.7,9.95,1.36,5.2,12.0
2009-11-07,2009,Tottenham,Sunderland,2.0,0.0,H,10.0,14.0,8.0,6.0,1.55,3.77,6.31,1.59,4.18,7.0
2009-11-07,2009,Wolves,Arsenal,1.0,4.0,A,8.0,11.0,6.0,6.0,8.34,4.45,1.38,9.63,5.16,1.4
2009-11-08,2009,Chelsea,Man United,1.0,0.0,H,12.0,21.0,9.0,10.0,2.01,3.26,3.77,2.15,3.42,4.26
2009-11-08,2009,Hull,Stoke,2.0,1.0,H,16.0,7.0,8.0,4.0,2.73,3.22,2.54,3.01,3.37,2.65
2009-11-08,2009,West Ham,Everton,1.0,2.0,A,16.0,9.0,7.0,6.0,2.44,3.23,2.84,2.56,3.35,3.06
2009-11-08,2009,Wigan,Fulham,1.0,1.0,D,19.0,7.0,12.0,3.0,2.27,3.22,3.13,2.4,3.34,3.53
2009-11-09,2009,Liverpool,Birmingham,2.0,2.0,D,27.0,5.0,14.0,2.0,1.33,4.61,9.89,1.41,5.0,11.0
2009-11-21,2009,Birmingham,Fulham,1.0,0.0,H,3.0,12.0,2.0,5.0,2.46,3.22,2.87,2.6,3.3,3.14
2009-11-21,2009,Burnley,Aston Villa,1.0,1.0,D,11.0,10.0,6.0,6.0,3.3,3.3,2.17,3.6,3.49,2.25
2009-11-21,2009,Chelsea,Wolves,4.0,0.0,H,23.0,4.0,14.0,3.0,1.16,6.7,18.22,1.18,7.95,26.0
2009-11-21,2009,Hull,West Ham,3.0,3.0,D,12.0,16.0,8.0,10.0,2.82,3.24,2.48,3.0,3.34,2.6
2009-11-21,2009,Liverpool,Man City,2.0,2.0,D,10.0,9.0,6.0,6.0,1.92,3.34,4.06,2.0,3.56,4.5
2009-11-21,2009,Man United,Everton,3.0,0.0,H,18.0,11.0,11.0,5.0,1.39,4.37,8.56,1.45,4.66,10.29
2009-11-21,2009,Sunderland,Arsenal,1.0,0.0,H,5.0,9.0,1.0,3.0,5.69,3.65,1.62,6.2,3.8,1.71
2009-11-22,2009,Bolton,Blackburn,0.0,2.0,A,15.0,15.0,8.0,11.0,2.2,3.25,3.3,2.32,3.38,3.53
2009-11-22,2009,Stoke,Portsmouth,1.0,0.0,H,9.0,14.0,3.0,7.0,2.1,3.29,3.48,2.17,3.46,3.75
2009-11-22,2009,Tottenham,Wigan,9.0,1.0,H,28.0,11.0,16.0,5.0,1.46,4.05,7.48,1.5,4.45,8.09
2009-11-25,2009,Fulham,Blackburn,3.0,0.0,H,8.0,7.0,4.0,3.0,2.07,3.29,3.54,2.16,3.4,3.85
2009-11-25,2009,Hull,Everton,3.0,2.0,H,8.0,5.0,7.0,3.0,3.4,3.29,2.11,3.8,3.46,2.2
2009-11-28,2009,Aston Villa,Tottenham,1.0,1.0,D,12.0,23.0,4.0,17.0,2.42,3.28,2.86,2.55,3.45,3.06
2009-11-28,2009,Blackburn,Stoke,0.0,0.0,D,11.0,7.0,4.0,4.0,1.9,3.35,4.13,1.95,3.53,4.61
2009-11-28,2009,Fulham,Bolton,1.0,1.0,D,12.0,4.0,7.0,2.0,1.88,3.37,4.18,2.0,3.6,4.62
2009-11-28,2009,Man City,Hull,1.0,1.0,D,17.0,8.0,7.0,3.0,1.27,5.38,11.08,1.3,6.13,13.15
2009-11-28,2009,Portsmouth,Man United,1.0,4.0,A,20.0,12.0,12.0,8.0,8.86,4.55,1.36,10.35,5.08,1.4
2009-11-28,2009,West Ham,Burnley,5.0,3.0,H,9.0,16.0,5.0,10.0,1.8,3.49,4.42,1.85,3.75,4.88
2009-11-28,2009,Wigan,Sunderland,1.0,0.0,H,16.0,9.0,10.0,4.0,2.45,3.26,2.84,2.55,3.4,3.15
2009-11-29,2009,Arsenal,Chelsea,0.0,3.0,A,5.0,7.0,3.0,5.0,2.63,3.22,2.67,2.82,3.34,2.8
2009-11-29,2009,Everton,Liverpool,0.0,2.0,A,12.0,9.0,8.0,7.0,3.35,3.28,2.15,3.78,3.43,2.25
2009-11-29,2009,Wolves,Birmingham,0.0,1.0,A,8.0,13.0,2.0,7.0,2.37,3.19,3.01,2.46,3.3,3.35
2009-12-05,2009,Arsenal,Stoke,2.0,0.0,H,12.0,5.0,8.0,4.0,1.28,5.12,11.73,1.3,5.9,14.55
2009-12-05,2009,Aston Villa,Hull,3.0,0.0,H,13.0,5.0,6.0,1.0,1.45,4.18,7.39,1.5,4.58,8.55
2009-12-05,2009,Blackburn,Liverpool,0.0,0.0,D,9.0,15.0,3.0,11.0,4.82,3.52,1.74,5.25,3.75,1.83
2009-12-05,2009,Man City,Chelsea,2.0,1.0,H,13.0,10.0,8.0,6.0,4.16,3.45,1.87,4.5,3.71,1.93
2009-12-05,2009,Portsmouth,Burnley,2.0,0.0,H,9.0,14.0,4.0,8.0,1.85,3.43,4.3,1.92,3.67,4.69
2009-12-05,2009,West Ham,Man United,0.0,4.0,A,11.0,18.0,7.0,11.0,7.49,4.06,1.46,8.6,4.48,1.51
2009-12-05,2009,Wigan,Birmingham,2.0,3.0,A,18.0,10.0,7.0,9.0,2.07,3.26,3.6,2.13,3.4,4.0
2009-12-05,2009,Wolves,Bolton,2.0,1.0,H,12.0,17.0,11.0,10.0,2.36,3.24,3.0,2.45,3.38,3.26
2009-12-06,2009,Everton,Tottenham,2.0,2.0,D,15.0,19.0,6.0,11.0,2.83,3.27,2.45,3.1,3.4,2.55
2009-12-06,2009,Fulham,Sunderland,1.0,0.0,H,16.0,8.0,5.0,5.0,2.13,3.26,3.44,2.2,3.42,3.78
2009-12-12,2009,Birmingham,West Ham,1.0,0.0,H,16.0,14.0,9.0,7.0,2.1,3.28,3.48,2.2,3.41,3.8
2009-12-12,2009,Bolton,Man City,3.0,3.0,D,12.0,14.0,8.0,6.0,4.43,3.51,1.8,4.9,3.78,1.85
2009-12-12,2009,Burnley,Fulham,1.0,1.0,D,10.0,12.0,8.0,6.0,2.61,3.23,2.68,2.77,3.35,2.81
2009-12-12,2009,Chelsea,Everton,3.0,3.0,D,25.0,10.0,13.0,7.0,1.24,5.33,13.48,1.28,5.8,17.85
2009-12-12,2009,Hull,Blackburn,0.0,0.0,D,9.0,14.0,7.0,9.0,2.76,3.24,2.54,2.89,3.36,2.66
2009-12-12,2009,Man United,Aston Villa,0.0,1.0,A,16.0,8.0,9.0,5.0,1.47,4.09,7.1,1.51,4.42,8.0
2009-12-12,2009,Stoke,Wigan,2.0,2.0,D,14.0,11.0,5.0,8.0,2.08,3.27,3.55,2.2,3.4,3.95
2009-12-12,2009,Sunderland,Portsmouth,1.0,1.0,D,16.0,9.0,9.0,6.0,1.8,3.42,4.57,1.91,3.6,5.0
2009-12-12,2009,Tottenham,Wolves,0.0,1.0,A,18.0,3.0,10.0,3.0,1.27,5.35,11.44,1.3,6.03,13.84
2009-12-13,2009,Liverpool,Arsenal,1.0,2.0,A,6.0,7.0,3.0,5.0,2.17,3.27,3.35,2.26,3.4,3.66
2009-12-15,2009,Birmingham,Blackburn,2.0,1.0,H,13.0,8.0,6.0,4.0,2.21,3.24,3.31,2.34,3.36,3.5
2009-12-15,2009,Bolton,West Ham,3.0,1.0,H,23.0,9.0,12.0,6.0,2.16,3.29,3.36,2.25,3.51,3.75
2009-12-15,2009,Man United,Wolves,3.0,0.0,H,12.0,4.0,9.0,1.0,1.17,6.7,17.23,1.2,7.6,23.0
2009-12-15,2009,Sunderland,Aston Villa,0.0,2.0,A,15.0,11.0,5.0,4.0,2.74,3.22,2.55,2.95,3.3,2.84
2009-12-16,2009,Burnley,Arsenal,1.0,1.0,D,8.0,17.0,3.0,9.0,6.89,4.05,1.48,7.55,4.5,1.53
2009-12-16,2009,Chelsea,Portsmouth,2.0,1.0,H,21.0,7.0,8.0,3.0,1.16,6.94,18.1,1.17,8.27,23.0
2009-12-16,2009,Liverpool,Wigan,2.0,1.0,H,12.0,8.0,7.0,5.0,1.32,4.69,10.44,1.36,5.36,12.59
2009-12-16,2009,Tottenham,Man City,3.0,0.0,H,19.0,9.0,7.0,5.0,2.24,3.29,3.16,2.35,3.45,3.42
2009-12-19,2009,Arsenal,Hull,3.0,0.0,H,18.0,6.0,9.0,2.0,1.2,6.14,15.32,1.23,6.64,21.0
2009-12-19,2009,Aston Villa,Stoke,1.0,0.0,H,17.0,13.0,8.0,5.0,1.42,4.16,8.41,1.45,4.46,10.0
2009-12-19,2009,Blackburn,Tottenham,0.0,2.0,A,13.0,7.0,9.0,2.0,3.22,3.32,2.2,3.45,3.55,2.3
2009-12-19,2009,Fulham,Man United,3.0,0.0,H,10.0,16.0,7.0,4.0,6.36,3.79,1.55,7.0,4.0,1.62
2009-12-19,2009,Man City,Sunderland,4.0,3.0,H,11.0,7.0,5.0,5.0,1.52,3.86,6.83,1.58,4.1,7.5
2009-12-19,2009,Portsmouth,Liverpool,2.0,0.0,H,14.0,7.0,6.0,3.0,5.86,3.74,1.6,6.5,4.15,1.63
2009-12-20,2009,Everton,Birmingham,1.0,1.0,D,19.0,2.0,7.0,1.0,1.82,3.42,4.46,1.9,3.68,4.9
2009-12-20,2009,West Ham,Chelsea,1.0,1.0,D,6.0,20.0,5.0,6.0,8.29,4.4,1.4,9.0,5.1,1.42
2009-12-20,2009,Wolves,Burnley,2.0,0.0,H,12.0,10.0,12.0,6.0,2.05,3.29,3.65,2.13,3.43,3.91
2009-12-26,2009,Birmingham,Chelsea,0.0,0.0,D,11.0,27.0,4.0,12.0,6.72,3.8,1.53,7.5,4.01,1.6
2009-12-26,2009,Burnley,Bolton,1.0,1.0,D,15.0,11.0,7.0,5.0,2.34,3.26,3.03,2.46,3.4,3.2
2009-12-26,2009,Fulham,Tottenham,0.0,0.0,D,15.0,6.0,6.0,1.0,2.81,3.3,2.46,2.95,3.52,2.62
2009-12-26,2009,Liverpool,Wolves,2.0,0.0,H,14.0,6.0,10.0,2.0,1.27,5.35,11.16,1.3,5.95,13.0
2009-12-26,2009,Man City,Stoke,2.0,0.0,H,12.0,7.0,6.0,3.0,1.43,4.15,8.03,1.47,4.58,9.0
2009-12-26,2009,Sunderland,Everton,1.0,1.0,D,10.0,12.0,6.0,4.0,2.37,3.24,2.98,2.49,3.4,3.22
2009-12-26,2009,West Ham,Portsmouth,2.0,0.0,H,13.0,11.0,5.0,7.0,2.16,3.26,3.38,2.24,3.37,3.68
2009-12-26,2009,Wigan,Blackburn,1.0,1.0,D,14.0,8.0,8.0,3.0,2.29,3.24,3.12,2.36,3.4,3.4
2009-12-27,2009,Arsenal,Aston Villa,3.0,0.0,H,19.0,7.0,12.0,3.0,1.7,3.58,5.07,1.81,3.75,5.6
2009-12-27,2009,Hull,Man United,1.0,3.0,A,12.0,19.0,6.0,11.0,8.17,4.31,1.41,9.09,4.8,1.45
2009-12-28,2009,Blackburn,Sunderland,2.0,2.0,D,21.0,13.0,11.0,8.0,2.1,3.25,3.55,2.2,3.42,4.0
2009-12-28,2009,Chelsea,Fulham,2.0,1.0,H,18.0,3.0,11.0,3.0,1.37,4.52,8.98,1.4,5.04,10.5
2009-12-28,2009,Everton,Burnley,2.0,0.0,H,24.0,12.0,16.0,9.0,1.56,3.75,6.31,1.67,4.15,7.34
2009-12-28,2009,Stoke,Birmingham,0.0,1.0,A,12.0,9.0,6.0,5.0,2.43,3.21,2.93,2.55,3.3,3.13
2009-12-28,2009,Tottenham,West Ham,2.0,0.0,H,21.0,3.0,9.0,2.0,1.43,4.21,7.74,1.51,4.75,8.58
2009-12-28,2009,Wolves,Man City,0.0,3.0,A,11.0,12.0,6.0,5.0,4.79,3.51,1.75,5.4,3.83,1.82
2009-12-29,2009,Aston Villa,Liverpool,0.0,1.0,A,11.0,12.0,7.0,9.0,2.9,3.21,2.45,3.32,3.3,2.55
2009-12-29,2009,Bolton,Hull,2.0,2.0,D,16.0,12.0,6.0,7.0,1.8,3.48,4.5,1.85,3.75,5.02
2009-12-30,2009,Man United,Wigan,5.0,0.0,H,23.0,11.0,16.0,6.0,1.21,5.91,14.67,1.25,6.8,19.58
2009-12-30,2009,Portsmouth,Arsenal,1.0,4.0,A,10.0,14.0,6.0,10.0,6.3,3.86,1.54,7.0,4.39,1.59
2010-01-05,2009,Stoke,Fulham,3.0,2.0,H,11.0,14.0,9.0,7.0,2.65,3.19,2.67,2.86,3.3,2.82
2010-01-09,2009,Arsenal,Everton,2.0,2.0,D,6.0,9.0,5.0,5.0,1.4,4.34,8.29,1.43,4.79,9.6
2010-01-09,2009,Birmingham,Man United,1.0,1.0,D,6.0,14.0,5.0,10.0,6.05,3.62,1.6,6.5,3.81,1.68
2010-01-11,2009,Man City,Blackburn,4.0,1.0,H,12.0,8.0,6.0,3.0,1.42,4.26,7.7,1.46,4.6,8.8
2010-01-16,2009,Chelsea,Sunderland,7.0,2.0,H,23.0,7.0,13.0,3.0,1.23,5.76,12.82,1.26,6.61,15.1
2010-01-16,2009,Everton,Man City,2.0,0.0,H,13.0,8.0,6.0,4.0,2.81,3.24,2.5,3.0,3.38,2.65
2010-01-16,2009,Man United,Burnley,3.0,0.0,H,24.0,11.0,11.0,5.0,1.16,6.9,16.57,1.18,8.35,19.3
2010-01-16,2009,Stoke,Liverpool,1.0,1.0,D,6.0,4.0,5.0,3.0,3.63,3.18,2.1,3.9,3.3,2.25
2010-01-16,2009,Tottenham,Hull,0.0,0.0,D,25.0,8.0,18.0,2.0,1.26,5.4,11.46,1.29,6.06,13.09
2010-01-16,2009,Wolves,Wigan,0.0,2.0,A,9.0,20.0,4.0,14.0,2.3,3.22,3.12,2.38,3.3,3.36
2010-01-17,2009,Aston Villa,West Ham,0.0,0.0,D,17.0,8.0,10.0,3.0,1.53,3.72,6.89,1.58,4.12,8.0
2010-01-17,2009,Blackburn,Fulham,2.0,0.0,H,11.0,14.0,7.0,9.0,2.34,3.21,3.05,2.5,3.3,3.3
2010-01-17,2009,Bolton,Arsenal,0.0,2.0,A,12.0,14.0,6.0,9.0,6.31,3.85,1.54,6.96,4.28,1.62
2010-01-20,2009,Arsenal,Bolton,4.0,2.0,H,20.0,7.0,14.0,4.0,1.21,5.8,14.7,1.23,6.64,19.0
2010-01-20,2009,Liverpool,Tottenham,2.0,0.0,H,13.0,7.0,5.0,5.0,2.4,3.24,2.92,2.53,3.36,3.04
2010-01-23,2009,Man United,Hull,4.0,0.0,H,25.0,8.0,15.0,4.0,1.15,7.01,18.13,1.17,8.6,24.0
2010-01-26,2009,Bolton,Burnley,1.0,0.0,H,14.0,10.0,6.0,5.0,1.76,3.5,4.7,1.82,3.78,5.25
2010-01-26,2009,Portsmouth,West Ham,1.0,1.0,D,14.0,12.0,8.0,4.0,2.46,3.23,2.87,2.6,3.36,3.2
2010-01-26,2009,Tottenham,Fulham,2.0,0.0,H,13.0,9.0,7.0,6.0,1.6,3.64,5.99,1.71,3.8,6.55
2010-01-26,2009,Wolves,Liverpool,0.0,0.0,D,6.0,6.0,4.0,3.0,5.21,3.53,1.69,6.18,3.86,1.75
2010-01-27,2009,Aston Villa,Arsenal,0.0,0.0,D,8.0,12.0,2.0,8.0,3.17,3.28,2.25,3.5,3.44,2.3
2010-01-27,2009,Blackburn,Wigan,2.0,1.0,H,13.0,13.0,7.0,8.0,1.95,3.34,3.95,2.02,3.48,4.35
2010-01-27,2009,Chelsea,Birmingham,3.0,0.0,H,25.0,5.0,17.0,3.0,1.24,5.52,12.97,1.26,6.31,15.88
2010-01-27,2009,Everton,Sunderland,2.0,0.0,H,11.0,5.0,7.0,3.0,1.66,3.57,5.53,1.7,3.74,6.35
2010-01-30,2009,Birmingham,Tottenham,1.0,1.0,D,12.0,21.0,6.0,12.0,3.08,3.25,2.3,3.3,3.4,2.39
2010-01-30,2009,Burnley,Chelsea,1.0,2.0,A,5.0,16.0,3.0,9.0,11.96,5.16,1.27,15.02,5.82,1.3
2010-01-30,2009,Fulham,Aston Villa,0.0,2.0,A,15.0,9.0,8.0,6.0,2.62,3.21,2.67,2.77,3.3,2.85
2010-01-30,2009,Hull,Wolves,2.0,2.0,D,8.0,13.0,4.0,4.0,2.28,3.22,3.15,2.46,3.31,3.38
2010-01-30,2009,Liverpool,Bolton,2.0,0.0,H,13.0,4.0,6.0,1.0,1.43,4.23,7.69,1.47,4.68,9.22
2010-01-30,2009,West Ham,Blackburn,0.0,0.0,D,7.0,8.0,6.0,4.0,2.11,3.29,3.46,2.2,3.45,3.8
2010-01-30,2009,Wigan,Everton,0.0,1.0,A,10.0,10.0,4.0,7.0,3.11,3.24,2.3,3.56,3.4,2.4
2010-01-31,2009,Arsenal,Man United,1.0,3.0,A,18.0,11.0,7.0,5.0,2.51,3.23,2.8,2.66,3.35,2.98
2010-01-31,2009,Man City,Portsmouth,2.0,0.0,H,13.0,10.0,6.0,4.0,1.29,5.0,11.05,1.34,5.45,13.5
2010-02-01,2009,Sunderland,Stoke,0.0,0.0,D,6.0,4.0,5.0,3.0,2.04,3.27,3.68,2.15,3.4,3.9
2010-02-02,2009,Hull,Chelsea,1.0,1.0,D,7.0,21.0,3.0,11.0,12.35,5.25,1.26,15.32,5.8,1.29
2010-02-03,2009,Fulham,Portsmouth,1.0,0.0,H,14.0,12.0,9.0,8.0,1.69,3.48,5.33,1.75,3.66,5.82
2010-02-06,2009,Bolton,Fulham,0.0,0.0,D,16.0,7.0,11.0,4.0,2.23,3.25,3.22,2.3,3.4,3.61
2010-02-06,2009,Burnley,West Ham,2.0,1.0,H,8.0,20.0,4.0,11.0,2.51,3.23,2.78,2.65,3.36,2.92
2010-02-06,2009,Hull,Man City,2.0,1.0,H,8.0,17.0,4.0,11.0,5.08,3.48,1.72,5.7,3.6,1.8
2010-02-06,2009,Liverpool,Everton,1.0,0.0,H,9.0,6.0,4.0,3.0,1.82,3.42,4.44,1.9,3.66,4.75
2010-02-06,2009,Man United,Portsmouth,5.0,0.0,H,21.0,7.0,8.0,5.0,1.12,7.81,21.4,1.14,10.1,26.0
2010-02-06,2009,Stoke,Blackburn,3.0,0.0,H,15.0,9.0,11.0,4.0,2.24,3.2,3.25,2.38,3.35,3.5
2010-02-06,2009,Sunderland,Wigan,1.0,1.0,D,11.0,14.0,8.0,6.0,2.02,3.3,3.7,2.1,3.43,4.1
2010-02-06,2009,Tottenham,Aston Villa,0.0,0.0,D,28.0,10.0,15.0,5.0,2.08,3.28,3.53,2.2,3.45,3.89
2010-02-07,2009,Birmingham,Wolves,2.0,1.0,H,15.0,12.0,10.0,5.0,1.79,3.39,4.75,1.87,3.5,5.34
2010-02-07,2009,Chelsea,Arsenal,2.0,0.0,H,9.0,14.0,3.0,6.0,1.78,3.43,4.68,1.86,3.61,5.02
2010-02-09,2009,Fulham,Burnley,3.0,0.0,H,16.0,10.0,12.0,3.0,1.72,3.46,5.15,1.79,3.75,5.7
2010-02-09,2009,Man City,Bolton,2.0,0.0,H,8.0,11.0,4.0,5.0,1.43,4.18,8.09,1.48,4.4,9.4
2010-02-09,2009,Portsmouth,Sunderland,1.0,1.0,D,12.0,7.0,6.0,2.0,2.36,3.22,3.01,2.45,3.32,3.32
2010-02-09,2009,Wigan,Stoke,1.0,1.0,D,16.0,10.0,11.0,6.0,2.2,3.24,3.32,2.3,3.4,3.55
2010-02-10,2009,Arsenal,Liverpool,1.0,0.0,H,11.0,9.0,6.0,7.0,2.05,3.3,3.66,2.15,3.43,3.93
2010-02-10,2009,Aston Villa,Man United,1.0,1.0,D,10.0,12.0,6.0,6.0,4.11,3.41,1.89,4.5,3.6,1.93
2010-02-10,2009,Blackburn,Hull,1.0,0.0,H,20.0,7.0,10.0,4.0,1.8,3.44,4.54,1.91,3.68,5.0
2010-02-10,2009,Everton,Chelsea,2.0,1.0,H,7.0,14.0,5.0,5.0,5.04,3.55,1.71,5.5,3.83,1.75
2010-02-10,2009,West Ham,Birmingham,2.0,0.0,H,13.0,9.0,10.0,4.0,2.23,3.23,3.23,2.33,3.4,3.54
2010-02-10,2009,Wolves,Tottenham,1.0,0.0,H,8.0,10.0,4.0,4.0,4.29,3.44,1.85,4.7,3.7,1.92
2010-02-16,2009,Stoke,Man City,1.0,1.0,D,8.0,9.0,5.0,3.0,3.11,3.23,2.31,3.5,3.4,2.5
2010-02-17,2009,Wigan,Bolton,0.0,0.0,D,10.0,8.0,1.0,0.0,2.26,3.23,3.16,2.35,3.4,3.43
2010-02-20,2009,Arsenal,Sunderland,2.0,0.0,H,16.0,6.0,10.0,4.0,1.2,5.95,14.85,1.23,6.79,18.0
2010-02-20,2009,Everton,Man United,3.0,1.0,H,11.0,11.0,7.0,5.0,4.69,3.45,1.77,5.05,3.73,1.83
2010-02-20,2009,Portsmouth,Stoke,1.0,2.0,A,15.0,14.0,12.0,7.0,2.32,3.22,3.06,2.41,3.35,3.32
2010-02-20,2009,West Ham,Hull,3.0,0.0,H,20.0,7.0,12.0,3.0,1.76,3.49,4.68,1.81,3.76,5.18
2010-02-20,2009,Wolves,Chelsea,0.0,2.0,A,11.0,7.0,7.0,2.0,10.08,4.76,1.32,11.0,5.12,1.37
2010-02-21,2009,Aston Villa,Burnley,5.0,2.0,H,15.0,13.0,8.0,10.0,1.37,4.4,9.12,1.4,4.74,10.76
2010-02-21,2009,Blackburn,Bolton,3.0,0.0,H,12.0,10.0,7.0,7.0,1.94,3.3,4.02,2.02,3.48,4.34
2010-02-21,2009,Fulham,Birmingham,2.0,1.0,H,11.0,9.0,6.0,6.0,2.09,3.22,3.57,2.16,3.33,3.95
2010-02-21,2009,Man City,Liverpool,0.0,0.0,D,4.0,6.0,1.0,2.0,2.44,3.22,2.9,2.55,3.35,3.09
2010-02-21,2009,Wigan,Tottenham,0.0,3.0,A,8.0,13.0,7.0,12.0,3.69,3.31,2.02,3.95,3.55,2.11
2010-02-23,2009,Man United,West Ham,3.0,0.0,H,12.0,10.0,9.0,4.0,1.19,6.27,14.86,1.22,7.41,17.5
2010-02-27,2009,Birmingham,Wigan,1.0,0.0,H,10.0,11.0,5.0,2.0,1.92,3.32,4.06,2.05,3.48,4.5
2010-02-27,2009,Bolton,Wolves,1.0,0.0,H,16.0,6.0,9.0,4.0,1.96,3.27,3.97,2.1,3.4,4.33
2010-02-27,2009,Burnley,Portsmouth,1.0,2.0,A,14.0,13.0,8.0,5.0,2.03,3.32,3.64,2.2,3.45,4.01
2010-02-27,2009,Chelsea,Man City,2.0,4.0,A,23.0,8.0,13.0,6.0,1.43,4.17,7.72,1.47,4.66,9.0
2010-02-27,2009,Stoke,Arsenal,1.0,3.0,A,4.0,17.0,3.0,11.0,5.19,3.55,1.69,5.78,3.82,1.77
2010-02-28,2009,Liverpool,Blackburn,2.0,1.0,H,12.0,12.0,6.0,7.0,1.35,4.51,9.54,1.4,5.12,11.52
2010-02-28,2009,Sunderland,Fulham,0.0,0.0,D,12.0,3.0,5.0,1.0,2.17,3.24,3.37,2.25,3.36,3.95
2010-02-28,2009,Tottenham,Everton,2.0,1.0,H,13.0,14.0,9.0,10.0,1.98,3.32,3.84,2.13,3.46,4.11
2010-03-06,2009,Arsenal,Burnley,3.0,1.0,H,20.0,8.0,11.0,5.0,1.14,7.35,18.86,1.16,8.8,23.0
2010-03-06,2009,West Ham,Bolton,1.0,2.0,A,18.0,15.0,8.0,7.0,1.78,3.46,4.67,1.85,3.73,5.15
2010-03-06,2009,Wolves,Man United,0.0,1.0,A,12.0,15.0,6.0,6.0,9.86,4.7,1.33,11.0,5.15,1.4
2010-03-07,2009,Everton,Hull,5.0,1.0,H,18.0,7.0,10.0,4.0,1.37,4.45,9.04,1.4,4.94,10.92
2010-03-08,2009,Wigan,Liverpool,1.0,0.0,H,12.0,11.0,4.0,3.0,5.84,3.62,1.61,6.5,3.88,1.67
2010-03-09,2009,Portsmouth,Birmingham,1.0,2.0,A,11.0,10.0,8.0,6.0,2.37,3.25,2.98,2.42,3.4,3.28
2010-03-09,2009,Sunderland,Bolton,4.0,0.0,H,12.0,7.0,7.0,2.0,2.05,3.27,3.7,2.14,3.38,4.0
2010-03-10,2009,Burnley,Stoke,1.0,1.0,D,10.0,8.0,3.0,3.0,2.52,3.22,2.77,2.66,3.33,2.93
2010-03-13,2009,Birmingham,Everton,2.0,2.0,D,7.0,13.0,4.0,11.0,2.94,3.22,2.42,3.21,3.36,2.5
2010-03-13,2009,Bolton,Wigan,4.0,0.0,H,8.0,13.0,6.0,7.0,2.09,3.26,3.57,2.2,3.43,3.8
2010-03-13,2009,Burnley,Wolves,1.0,2.0,A,22.0,7.0,11.0,3.0,2.28,3.22,3.16,2.4,3.31,3.35
2010-03-13,2009,Chelsea,West Ham,4.0,1.0,H,22.0,4.0,15.0,2.0,1.22,5.72,14.21,1.25,6.4,18.0
2010-03-13,2009,Hull,Arsenal,1.0,2.0,A,7.0,18.0,2.0,9.0,7.94,4.38,1.41,9.03,4.82,1.44
2010-03-13,2009,Stoke,Aston Villa,0.0,0.0,D,13.0,10.0,6.0,5.0,3.19,3.22,2.25,3.44,3.34,2.38
2010-03-13,2009,Tottenham,Blackburn,3.0,1.0,H,14.0,10.0,7.0,7.0,1.44,4.21,7.68,1.47,4.63,8.86
2010-03-14,2009,Man United,Fulham,3.0,0.0,H,33.0,8.0,19.0,5.0,1.22,5.65,14.06,1.25,6.52,18.0
2010-03-14,2009,Sunderland,Man City,1.0,1.0,D,12.0,13.0,7.0,9.0,3.44,3.29,2.12,3.75,3.43,2.2
2010-03-15,2009,Liverpool,Portsmouth,4.0,1.0,H,23.0,7.0,12.0,3.0,1.25,5.34,12.35,1.28,6.06,15.0
2010-03-16,2009,Wigan,Aston Villa,1.0,2.0,A,10.0,18.0,6.0,10.0,3.52,3.27,2.11,3.93,3.4,2.2
2010-03-20,2009,Arsenal,West Ham,2.0,0.0,H,9.0,8.0,5.0,4.0,1.22,5.85,13.95,1.25,6.81,16.29
2010-03-20,2009,Aston Villa,Wolves,2.0,2.0,D,11.0,7.0,3.0,4.0,1.39,4.34,8.76,1.44,4.61,10.0
2010-03-20,2009,Everton,Bolton,2.0,0.0,H,18.0,6.0,11.0,4.0,1.53,3.81,6.64,1.57,4.24,7.33
2010-03-20,2009,Portsmouth,Hull,3.0,2.0,H,18.0,9.0,10.0,5.0,2.14,3.28,3.42,2.23,3.47,3.64
2010-03-20,2009,Stoke,Tottenham,1.0,2.0,A,8.0,16.0,4.0,9.0,3.44,3.25,2.16,3.75,3.35,2.3
2010-03-20,2009,Sunderland,Birmingham,3.0,1.0,H,11.0,21.0,9.0,14.0,2.16,3.23,3.43,2.25,3.37,3.77
2010-03-20,2009,Wigan,Burnley,1.0,0.0,H,21.0,13.0,11.0,8.0,1.79,3.44,4.67,1.87,3.65,5.07
2010-03-21,2009,Blackburn,Chelsea,1.0,1.0,D,8.0,14.0,4.0,8.0,7.59,4.16,1.44,8.51,4.68,1.5
2010-03-21,2009,Fulham,Man City,1.0,2.0,A,10.0,14.0,4.0,9.0,3.14,3.26,2.28,3.4,3.36,2.38
2010-03-21,2009,Man United,Liverpool,2.0,1.0,H,10.0,4.0,5.0,2.0,1.68,3.58,5.29,1.74,4.0,5.75
2010-03-23,2009,West Ham,Wolves,1.0,3.0,A,17.0,5.0,10.0,4.0,1.77,3.49,4.71,1.86,3.74,5.05
2010-03-24,2009,Aston Villa,Sunderland,1.0,1.0,D,11.0,10.0,4.0,5.0,1.55,3.79,6.47,1.62,4.16,7.0
2010-03-24,2009,Blackburn,Birmingham,2.0,1.0,H,9.0,8.0,7.0,5.0,2.02,3.28,3.79,2.13,3.43,4.07
2010-03-24,2009,Man City,Everton,0.0,2.0,A,12.0,10.0,5.0,7.0,1.89,3.4,4.16,2.0,3.6,4.5
2010-03-24,2009,Portsmouth,Chelsea,0.0,5.0,A,10.0,20.0,6.0,11.0,11.53,5.25,1.27,14.0,5.63,1.3
2010-03-27,2009,Birmingham,Arsenal,1.0,1.0,D,7.0,13.0,3.0,8.0,6.52,3.92,1.53,7.0,4.31,1.56
2010-03-27,2009,Bolton,Man United,0.0,4.0,A,14.0,13.0,10.0,8.0,8.03,4.36,1.41,8.95,4.75,1.44
2010-03-27,2009,Chelsea,Aston Villa,7.0,1.0,H,13.0,7.0,11.0,5.0,1.39,4.46,8.4,1.44,5.0,9.42
2010-03-27,2009,Hull,Fulham,2.0,0.0,H,7.0,12.0,4.0,9.0,2.4,3.26,2.94,2.5,3.36,3.24
2010-03-27,2009,Tottenham,Portsmouth,2.0,0.0,H,16.0,8.0,8.0,3.0,1.22,5.89,14.19,1.25,6.7,17.8
2010-03-27,2009,West Ham,Stoke,0.0,1.0,A,17.0,12.0,7.0,7.0,2.11,3.27,3.48,2.23,3.4,3.71
2010-03-27,2009,Wolves,Everton,0.0,0.0,D,9.0,22.0,2.0,13.0,3.65,3.33,2.05,4.02,3.52,2.1
2010-03-28,2009,Burnley,Blackburn,0.0,1.0,A,7.0,12.0,3.0,5.0,2.57,3.27,2.71,2.7,3.4,2.91
2010-03-28,2009,Liverpool,Sunderland,3.0,0.0,H,25.0,7.0,16.0,2.0,1.3,4.97,10.66,1.33,5.5,12.5
2010-03-29,2009,Man City,Wigan,3.0,0.0,H,10.0,9.0,8.0,3.0,1.34,4.69,9.97,1.4,5.27,11.92
2010-04-03,2009,Arsenal,Wolves,1.0,0.0,H,23.0,3.0,13.0,2.0,1.22,5.85,13.3,1.27,6.5,16.0
2010-04-03,2009,Bolton,Aston Villa,0.0,1.0,A,14.0,13.0,10.0,9.0,2.92,3.24,2.43,3.0,3.35,2.6
2010-04-03,2009,Burnley,Man City,1.0,6.0,A,14.0,20.0,7.0,14.0,4.99,3.63,1.7,5.5,3.9,1.75
2010-04-03,2009,Man United,Chelsea,1.0,2.0,A,9.0,11.0,3.0,5.0,2.6,3.17,2.75,2.79,3.25,2.91
2010-04-03,2009,Portsmouth,Blackburn,0.0,0.0,D,6.0,16.0,3.0,8.0,3.27,3.34,2.18,3.62,3.52,2.25
2010-04-03,2009,Stoke,Hull,2.0,0.0,H,9.0,5.0,3.0,3.0,1.79,3.43,4.71,1.85,3.68,5.25
2010-04-03,2009,Sunderland,Tottenham,3.0,1.0,H,11.0,12.0,10.0,9.0,3.53,3.31,2.09,3.82,3.46,2.15
2010-04-04,2009,Birmingham,Liverpool,1.0,1.0,D,8.0,16.0,3.0,8.0,4.58,3.45,1.8,5.0,3.63,1.89
2010-04-04,2009,Everton,West Ham,2.0,2.0,D,10.0,10.0,5.0,5.0,1.43,4.17,7.99,1.45,4.62,9.06
2010-04-04,2009,Fulham,Wigan,2.0,1.0,H,7.0,12.0,5.0,7.0,2.02,3.29,3.8,2.19,3.4,4.05
2010-04-10,2009,Hull,Burnley,1.0,4.0,A,11.0,9.0,4.0,7.0,1.72,3.56,4.95,1.8,3.78,5.5
2010-04-10,2009,West Ham,Sunderland,1.0,0.0,H,10.0,9.0,6.0,7.0,2.03,3.36,3.69,2.1,3.49,4.01
2010-04-11,2009,Blackburn,Man United,0.0,0.0,D,8.0,13.0,7.0,6.0,7.1,4.09,1.48,8.5,4.33,1.54
2010-04-11,2009,Liverpool,Fulham,0.0,0.0,D,18.0,2.0,9.0,2.0,1.3,4.87,11.46,1.35,5.5,13.5
2010-04-11,2009,Man City,Birmingham,5.0,1.0,H,17.0,5.0,8.0,3.0,1.41,4.33,8.09,1.44,4.75,8.9
2010-04-11,2009,Wolves,Stoke,0.0,0.0,D,10.0,9.0,8.0,1.0,2.26,3.24,3.2,2.37,3.3,3.4
2010-04-13,2009,Chelsea,Bolton,1.0,0.0,H,18.0,7.0,8.0,2.0,1.13,7.72,19.69,1.15,9.4,26.0
2010-04-14,2009,Aston Villa,Everton,2.0,2.0,D,10.0,13.0,7.0,10.0,2.23,3.26,3.21,2.38,3.4,3.4
2010-04-14,2009,Tottenham,Arsenal,2.0,1.0,H,13.0,19.0,10.0,11.0,3.12,3.3,2.26,3.43,3.4,2.35
2010-04-14,2009,Wigan,Portsmouth,0.0,0.0,D,24.0,6.0,14.0,2.0,1.55,3.81,6.17,1.62,4.21,7.0
2010-04-17,2009,Birmingham,Hull,0.0,0.0,D,10.0,11.0,7.0,4.0,1.75,3.49,4.79,1.8,3.71,5.5
2010-04-17,2009,Blackburn,Everton,2.0,3.0,A,15.0,11.0,10.0,4.0,2.7,3.24,2.58,2.97,3.36,2.7
2010-04-17,2009,Fulham,Wolves,0.0,0.0,D,11.0,5.0,4.0,1.0,2.06,3.24,3.66,2.2,3.4,4.0
2010-04-17,2009,Man City,Man United,0.0,1.0,A,8.0,13.0,5.0,3.0,2.76,3.38,2.46,2.9,3.63,2.54
2010-04-17,2009,Stoke,Bolton,1.0,2.0,A,11.0,13.0,5.0,8.0,2.02,3.26,3.81,2.18,3.4,4.0
2010-04-17,2009,Sunderland,Burnley,2.0,1.0,H,16.0,9.0,11.0,4.0,1.57,3.76,6.08,1.65,4.05,6.75
2010-04-17,2009,Tottenham,Chelsea,2.0,1.0,H,20.0,9.0,10.0,6.0,4.04,3.44,1.9,4.33,3.65,2.0
2010-04-18,2009,Portsmouth,Aston Villa,1.0,2.0,A,16.0,12.0,12.0,9.0,5.36,3.66,1.65,6.1,4.03,1.7
2010-04-18,2009,Wigan,Arsenal,3.0,2.0,H,16.0,11.0,11.0,8.0,6.21,3.87,1.55,6.8,4.26,1.59
2010-04-19,2009,Liverpool,West Ham,3.0,0.0,H,17.0,6.0,8.0,2.0,1.35,4.56,9.03,1.4,5.0,11.0
2010-04-21,2009,Hull,Aston Villa,0.0,2.0,A,14.0,11.0,10.0,5.0,3.45,3.34,2.09,3.8,3.61,2.2
2010-04-24,2009,Arsenal,Man City,0.0,0.0,D,9.0,3.0,4.0,2.0,1.96,3.45,3.81,2.04,3.65,4.06
2010-04-24,2009,Bolton,Portsmouth,2.0,2.0,D,14.0,13.0,10.0,6.0,1.55,3.86,6.28,1.58,4.22,7.06
2010-04-24,2009,Hull,Sunderland,0.0,1.0,A,14.0,10.0,8.0,5.0,2.36,3.28,3.0,2.51,3.41,3.2
2010-04-24,2009,Man United,Tottenham,3.0,1.0,H,15.0,9.0,8.0,3.0,1.46,4.33,6.8,1.5,4.71,7.6
2010-04-24,2009,West Ham,Wigan,3.0,2.0,H,9.0,12.0,7.0,10.0,1.82,3.51,4.4,1.86,3.76,4.74
2010-04-24,2009,Wolves,Blackburn,1.0,1.0,D,14.0,12.0,5.0,8.0,2.27,3.2,3.23,2.38,3.32,3.61
2010-04-25,2009,Aston Villa,Birmingham,1.0,0.0,H,10.0,16.0,6.0,14.0,1.6,3.78,5.77,1.67,4.14,6.42
2010-04-25,2009,Burnley,Liverpool,0.0,4.0,A,12.0,12.0,6.0,10.0,5.84,3.83,1.58,6.55,4.26,1.62
2010-04-25,2009,Chelsea,Stoke,7.0,0.0,H,29.0,3.0,18.0,2.0,1.14,7.52,19.2,1.17,9.2,25.0
2010-04-25,2009,Everton,Fulham,2.0,1.0,H,15.0,8.0,9.0,6.0,1.4,4.38,8.52,1.45,4.83,10.0
2010-05-01,2009,Birmingham,Burnley,2.0,1.0,H,13.0,12.0,4.0,7.0,1.51,3.88,6.88,1.55,4.33,7.43
2010-05-01,2009,Man City,Aston Villa,3.0,1.0,H,17.0,10.0,12.0,6.0,1.85,3.48,4.22,1.91,3.7,4.65
2010-05-01,2009,Portsmouth,Wolves,3.0,1.0,H,12.0,18.0,8.0,11.0,2.38,3.26,2.96,2.5,3.37,3.25
2010-05-01,2009,Stoke,Everton,0.0,0.0,D,12.0,11.0,6.0,9.0,3.61,3.31,2.06,3.98,3.5,2.1
2010-05-01,2009,Tottenham,Bolton,1.0,0.0,H,25.0,11.0,12.0,7.0,1.25,5.49,11.55,1.29,6.2,13.5
2010-05-02,2009,Fulham,West Ham,3.0,2.0,H,5.0,7.0,3.0,5.0,2.28,3.27,3.12,2.43,3.4,3.3
2010-05-02,2009,Liverpool,Chelsea,0.0,2.0,A,7.0,15.0,2.0,11.0,4.09,3.61,1.84,4.38,3.94,1.91
2010-05-02,2009,Sunderland,Man United,0.0,1.0,A,10.0,14.0,2.0,9.0,8.54,4.63,1.37,9.5,5.25,1.4
2010-05-03,2009,Blackburn,Arsenal,2.0,1.0,H,11.0,6.0,7.0,4.0,3.57,3.35,2.06,3.81,3.5,2.16
2010-05-03,2009,Wigan,Hull,2.0,2.0,D,13.0,6.0,7.0,3.0,1.79,3.52,4.47,1.83,3.76,4.92
2010-05-05,2009,Fulham,Stoke,0.0,1.0,A,12.0,5.0,6.0,2.0,2.07,3.32,3.59,2.15,3.46,4.0
2010-05-05,2009,Man City,Tottenham,0.0,1.0,A,10.0,10.0,5.0,6.0,2.0,3.42,3.7,2.09,3.6,3.85
2010-05-09,2009,Arsenal,Fulham,4.0,0.0,H,16.0,5.0,11.0,2.0,1.18,6.59,14.2,1.2,8.0,17.0
2010-05-09,2009,Aston Villa,Blackburn,0.0,1.0,A,16.0,9.0,12.0,3.0,1.55,3.85,6.18,1.61,4.16,6.8
2010-05-09,2009,Bolton,Birmingham,2.0,1.0,H,14.0,10.0,8.0,5.0,2.2,3.27,3.26,2.25,3.47,3.5
2010-05-09,2009,Burnley,Tottenham,4.0,2.0,H,16.0,16.0,12.0,11.0,6.51,4.14,1.48,7.75,4.48,1.53
2010-05-09,2009,Chelsea,Wigan,8.0,0.0,H,17.0,4.0,10.0,3.0,1.09,9.03,23.31,1.12,12.0,29.0
2010-05-09,2009,Everton,Portsmouth,1.0,0.0,H,21.0,10.0,13.0,4.0,1.28,5.23,10.38,1.3,6.0,12.44
2010-05-09,2009,Hull,Liverpool,0.0,0.0,D,11.0,19.0,6.0,7.0,6.22,3.91,1.54,7.26,4.35,1.59
2010-05-09,2009,Man United,Stoke,4.0,0.0,H,18.0,4.0,13.0,4.0,1.12,7.98,20.73,1.15,9.6,26.5
2010-05-09,2009,West Ham,Man City,1.0,1.0,D,12.0,17.0,8.0,6.0,4.1,3.51,1.85,4.35,3.75,1.96
2010-05-09,2009,Wolves,Sunderland,2.0,1.0,H,14.0,11.0,7.0,5.0,2.3,3.25,3.08,2.39,3.4,3.33
2010-08-14,2010,Aston Villa,West Ham,3.0,0.0,H,23.0,12.0,11.0,2.0,1.96,3.3,4.03,2.09,3.4,4.33
2010-08-14,2010,Blackburn,Everton,1.0,0.0,H,7.0,17.0,2.0,12.0,2.92,3.25,2.44,3.15,3.4,2.55
2010-08-14,2010,Bolton,Fulham,0.0,0.0,D,13.0,12.0,9.0,7.0,2.2,3.26,3.32,2.3,3.42,3.58
2010-08-14,2010,Chelsea,West Brom,6.0,0.0,H,18.0,10.0,13.0,4.0,1.16,6.9,17.47,1.19,7.71,21.0
2010-08-14,2010,Sunderland,Birmingham,2.0,2.0,D,6.0,13.0,2.0,7.0,2.18,3.25,3.39,2.31,3.4,3.6
2010-08-14,2010,Tottenham,Man City,0.0,0.0,D,22.0,11.0,18.0,7.0,2.39,3.28,2.95,2.5,3.41,3.12
2010-08-14,2010,Wigan,Blackpool,0.0,4.0,A,11.0,9.0,6.0,7.0,1.82,3.45,4.5,1.9,3.64,5.0
2010-08-14,2010,Wolves,Stoke,2.0,1.0,H,13.0,10.0,7.0,6.0,2.33,3.22,3.11,2.4,3.3,3.38
2010-08-15,2010,Liverpool,Arsenal,1.0,1.0,D,7.0,14.0,4.0,7.0,2.47,3.24,2.89,2.6,3.35,3.07
2010-08-16,2010,Man United,Newcastle,3.0,0.0,H,18.0,7.0,10.0,3.0,1.23,5.63,13.11,1.26,6.19,16.0
2010-08-21,2010,Arsenal,Blackpool,6.0,0.0,H,26.0,3.0,16.0,1.0,1.16,6.86,17.04,1.18,8.51,23.0
2010-08-21,2010,Birmingham,Blackburn,2.0,1.0,H,10.0,7.0,7.0,2.0,2.25,3.22,3.27,2.31,3.27,3.7
2010-08-21,2010,Everton,Wolves,1.0,1.0,D,14.0,9.0,6.0,4.0,1.48,4.0,7.3,1.53,4.39,8.38
2010-08-21,2010,Stoke,Tottenham,1.0,2.0,A,15.0,7.0,10.0,6.0,3.27,3.23,2.24,3.4,3.4,2.43
2010-08-21,2010,West Brom,Sunderland,1.0,0.0,H,11.0,10.0,5.0,4.0,2.46,3.24,2.87,2.54,3.35,3.12
2010-08-21,2010,West Ham,Bolton,1.0,3.0,A,17.0,12.0,10.0,8.0,2.22,3.27,3.26,2.3,3.4,3.66
2010-08-21,2010,Wigan,Chelsea,0.0,6.0,A,17.0,10.0,12.0,8.0,13.11,5.55,1.24,15.0,6.15,1.28
2010-08-22,2010,Fulham,Man United,2.0,2.0,D,16.0,14.0,8.0,7.0,6.1,3.81,1.57,6.9,4.11,1.62
2010-08-22,2010,Newcastle,Aston Villa,6.0,0.0,H,20.0,3.0,14.0,1.0,3.04,3.25,2.34,3.3,3.31,2.47
2010-08-23,2010,Man City,Liverpool,3.0,0.0,H,8.0,13.0,3.0,7.0,2.33,3.22,3.11,2.4,3.27,3.42
2010-08-28,2010,Blackburn,Arsenal,1.0,2.0,A,15.0,14.0,7.0,9.0,5.66,3.76,1.61,6.0,4.04,1.67
2010-08-28,2010,Blackpool,Fulham,2.0,2.0,D,14.0,12.0,5.0,7.0,3.07,3.31,2.29,3.25,3.5,2.4
2010-08-28,2010,Chelsea,Stoke,2.0,0.0,H,15.0,9.0,6.0,3.0,1.11,8.3,23.36,1.13,10.61,30.0
2010-08-28,2010,Man United,West Ham,3.0,0.0,H,18.0,7.0,11.0,2.0,1.14,7.43,20.05,1.17,11.0,26.0
2010-08-28,2010,Tottenham,Wigan,0.0,1.0,A,12.0,13.0,7.0,5.0,1.24,5.65,12.39,1.27,6.46,14.0
2010-08-28,2010,Wolves,Newcastle,1.0,1.0,D,5.0,11.0,2.0,6.0,2.4,3.24,2.97,2.5,3.3,3.24
2010-08-29,2010,Aston Villa,Everton,1.0,0.0,H,12.0,15.0,6.0,9.0,2.52,3.22,2.8,2.71,3.3,3.0
2010-08-29,2010,Bolton,Birmingham,2.0,2.0,D,11.0,9.0,8.0,5.0,2.09,3.27,3.52,2.2,3.4,3.9
2010-08-29,2010,Liverpool,West Brom,1.0,0.0,H,11.0,14.0,7.0,5.0,1.22,5.79,13.58,1.26,6.35,16.0
2010-08-29,2010,Sunderland,Man City,1.0,0.0,H,12.0,9.0,4.0,7.0,4.31,3.47,1.84,4.75,3.71,1.91
2010-09-11,2010,Arsenal,Bolton,4.0,1.0,H,23.0,7.0,14.0,6.0,1.24,5.56,12.9,1.29,6.1,15.01
2010-09-11,2010,Everton,Man United,3.0,3.0,D,23.0,13.0,14.0,8.0,4.21,3.39,1.89,4.5,3.58,1.97
2010-09-11,2010,Fulham,Wolves,2.0,1.0,H,13.0,4.0,6.0,2.0,1.83,3.41,4.54,1.92,3.59,4.8
2010-09-11,2010,Man City,Blackburn,1.0,1.0,D,20.0,4.0,14.0,2.0,1.34,4.7,9.71,1.38,5.2,11.0
2010-09-11,2010,Newcastle,Blackpool,0.0,2.0,A,16.0,7.0,13.0,4.0,1.56,3.89,6.03,1.62,4.28,6.66
2010-09-11,2010,West Brom,Tottenham,1.0,1.0,D,15.0,16.0,8.0,9.0,3.61,3.33,2.07,3.83,3.45,2.18
2010-09-11,2010,West Ham,Chelsea,1.0,3.0,A,13.0,17.0,7.0,9.0,9.84,4.92,1.32,11.0,5.65,1.34
2010-09-11,2010,Wigan,Sunderland,1.0,1.0,D,17.0,4.0,4.0,2.0,2.46,3.25,2.87,2.55,3.4,3.08
2010-09-12,2010,Birmingham,Liverpool,0.0,0.0,D,15.0,14.0,3.0,8.0,3.12,3.22,2.32,3.31,3.3,2.45
2010-09-13,2010,Stoke,Aston Villa,2.0,1.0,H,20.0,10.0,12.0,6.0,2.47,3.22,2.86,2.64,3.3,3.0
2010-09-18,2010,Aston Villa,Bolton,1.0,1.0,D,13.0,13.0,6.0,7.0,1.78,3.49,4.71,1.83,3.76,5.3
2010-09-18,2010,Blackburn,Fulham,1.0,1.0,D,9.0,9.0,5.0,4.0,2.02,3.28,3.82,2.1,3.4,4.2
2010-09-18,2010,Everton,Newcastle,0.0,1.0,A,6.0,9.0,3.0,4.0,1.6,3.69,5.99,1.65,3.94,6.8
2010-09-18,2010,Stoke,West Ham,1.0,1.0,D,9.0,13.0,3.0,6.0,1.92,3.37,4.14,1.97,3.55,4.5
2010-09-18,2010,Sunderland,Arsenal,1.0,1.0,D,16.0,16.0,5.0,7.0,5.42,3.62,1.66,5.94,4.0,1.7
2010-09-18,2010,Tottenham,Wolves,3.0,1.0,H,20.0,5.0,11.0,2.0,1.43,4.23,7.92,1.5,4.59,8.75
2010-09-18,2010,West Brom,Birmingham,3.0,1.0,H,16.0,6.0,10.0,3.0,2.28,3.23,3.19,2.38,3.34,3.59
2010-09-19,2010,Chelsea,Blackpool,4.0,0.0,H,27.0,11.0,15.0,4.0,1.1,9.14,24.78,1.11,11.8,33.0
2010-09-19,2010,Man United,Liverpool,3.0,2.0,H,16.0,7.0,7.0,1.0,1.7,3.57,5.22,1.74,3.82,5.7
2010-09-19,2010,Wigan,Man City,0.0,2.0,A,9.0,11.0,3.0,5.0,4.89,3.53,1.74,5.2,3.75,1.8
2010-09-25,2010,Arsenal,West Brom,2.0,3.0,A,24.0,7.0,12.0,5.0,1.21,6.05,14.58,1.27,6.85,17.0
2010-09-25,2010,Birmingham,Wigan,0.0,0.0,D,10.0,17.0,4.0,10.0,1.81,3.43,4.59,1.87,3.6,5.15
2010-09-25,2010,Blackpool,Blackburn,1.0,2.0,A,11.0,13.0,8.0,8.0,3.12,3.29,2.28,3.35,3.4,2.4
2010-09-25,2010,Fulham,Everton,0.0,0.0,D,12.0,15.0,2.0,7.0,2.68,3.21,2.66,2.89,3.4,2.8
2010-09-25,2010,Liverpool,Sunderland,2.0,2.0,D,13.0,10.0,5.0,1.0,1.45,4.09,7.86,1.5,4.5,9.18
2010-09-25,2010,Man City,Chelsea,1.0,0.0,H,8.0,15.0,6.0,4.0,3.41,3.29,2.15,3.65,3.42,2.23
2010-09-25,2010,West Ham,Tottenham,1.0,0.0,H,22.0,17.0,15.0,11.0,3.58,3.34,2.07,3.85,3.56,2.11
2010-09-26,2010,Bolton,Man United,2.0,2.0,D,15.0,12.0,9.0,6.0,7.11,4.01,1.49,8.17,4.48,1.53
2010-09-26,2010,Newcastle,Stoke,1.0,2.0,A,11.0,8.0,7.0,2.0,1.94,3.38,3.98,2.01,3.52,4.23
2010-09-26,2010,Wolves,Aston Villa,1.0,2.0,A,14.0,10.0,12.0,8.0,2.83,3.25,2.5,3.02,3.4,2.61
2010-10-02,2010,Birmingham,Everton,0.0,2.0,A,6.0,11.0,3.0,6.0,2.72,3.18,2.63,2.95,3.3,2.71
2010-10-02,2010,Stoke,Blackburn,1.0,0.0,H,18.0,7.0,11.0,4.0,2.26,3.23,3.21,2.37,3.32,3.42
2010-10-02,2010,Sunderland,Man United,0.0,0.0,D,14.0,10.0,8.0,4.0,4.93,3.45,1.75,5.5,3.66,1.83
2010-10-02,2010,Tottenham,Aston Villa,2.0,1.0,H,19.0,13.0,10.0,4.0,1.96,3.39,3.88,2.01,3.64,4.13
2010-10-02,2010,West Brom,Bolton,1.0,1.0,D,17.0,10.0,9.0,5.0,2.13,3.29,3.44,2.2,3.48,3.85
2010-10-02,2010,West Ham,Fulham,1.0,1.0,D,12.0,17.0,5.0,5.0,2.26,3.24,3.2,2.35,3.37,3.5
2010-10-02,2010,Wigan,Wolves,2.0,0.0,H,24.0,2.0,17.0,0.0,2.27,3.24,3.18,2.38,3.34,3.51
2010-10-03,2010,Chelsea,Arsenal,2.0,0.0,H,11.0,13.0,6.0,5.0,1.7,3.63,5.01,1.75,3.97,5.5
2010-10-03,2010,Liverpool,Blackpool,1.0,2.0,A,19.0,11.0,10.0,7.0,1.32,4.9,10.2,1.36,5.5,12.3
2010-10-03,2010,Man City,Newcastle,2.0,1.0,H,9.0,8.0,5.0,4.0,1.43,4.2,7.94,1.48,4.5,8.86
2010-10-16,2010,Arsenal,Birmingham,2.0,1.0,H,18.0,6.0,13.0,4.0,1.3,5.12,10.21,1.33,6.02,12.98
2010-10-16,2010,Aston Villa,Chelsea,0.0,0.0,D,11.0,13.0,5.0,6.0,4.64,3.47,1.78,5.0,3.7,1.9
2010-10-16,2010,Bolton,Stoke,2.0,1.0,H,11.0,8.0,6.0,3.0,2.18,3.23,3.38,2.28,3.38,3.65
2010-10-16,2010,Fulham,Tottenham,1.0,2.0,A,11.0,14.0,5.0,6.0,2.84,3.21,2.5,3.04,3.3,2.6
2010-10-16,2010,Man United,West Brom,2.0,2.0,D,16.0,7.0,9.0,2.0,1.26,5.56,11.54,1.29,6.0,13.0
2010-10-16,2010,Newcastle,Wigan,2.0,2.0,D,9.0,8.0,4.0,4.0,1.82,3.44,4.46,1.9,3.64,4.78
2010-10-16,2010,Wolves,West Ham,1.0,1.0,D,9.0,9.0,5.0,7.0,2.24,3.24,3.25,2.34,3.35,3.46
2010-10-17,2010,Blackpool,Man City,2.0,3.0,A,16.0,13.0,5.0,8.0,5.66,3.81,1.61,6.0,4.14,1.65
2010-10-17,2010,Everton,Liverpool,2.0,0.0,H,9.0,15.0,6.0,9.0,2.42,3.21,2.95,2.55,3.3,3.12
2010-10-18,2010,Blackburn,Sunderland,0.0,0.0,D,9.0,16.0,3.0,7.0,2.08,3.26,3.58,2.15,3.39,4.01
2010-10-23,2010,Birmingham,Blackpool,2.0,0.0,H,17.0,14.0,8.0,6.0,1.85,3.48,4.31,1.95,3.77,4.7
2010-10-23,2010,Chelsea,Wolves,2.0,0.0,H,17.0,12.0,10.0,9.0,1.13,7.96,20.7,1.14,9.54,31.0
2010-10-23,2010,Sunderland,Aston Villa,1.0,0.0,H,13.0,11.0,6.0,7.0,2.4,3.22,2.99,2.48,3.3,3.33
2010-10-23,2010,Tottenham,Everton,1.0,1.0,D,13.0,7.0,8.0,3.0,2.04,3.31,3.71,2.2,3.48,4.09
2010-10-23,2010,West Brom,Fulham,2.0,1.0,H,14.0,9.0,7.0,3.0,2.12,3.26,3.51,2.2,3.43,3.83
2010-10-23,2010,West Ham,Newcastle,1.0,2.0,A,5.0,13.0,1.0,8.0,2.3,3.27,3.1,2.38,3.4,3.4
2010-10-23,2010,Wigan,Bolton,1.0,1.0,D,15.0,9.0,9.0,2.0,2.4,3.23,2.96,2.5,3.28,3.26
2010-10-24,2010,Liverpool,Blackburn,2.0,1.0,H,17.0,4.0,10.0,2.0,1.66,3.64,5.43,1.7,3.94,6.27
2010-10-24,2010,Man City,Arsenal,0.0,3.0,A,9.0,12.0,6.0,8.0,2.43,3.24,2.93,2.54,3.36,3.12
2010-10-24,2010,Stoke,Man United,1.0,2.0,A,6.0,12.0,2.0,5.0,5.27,3.59,1.69,6.16,3.76,1.76
2010-10-30,2010,Arsenal,West Ham,1.0,0.0,H,20.0,6.0,13.0,3.0,1.18,6.77,16.36,1.2,8.1,20.0
2010-10-30,2010,Blackburn,Chelsea,1.0,2.0,A,13.0,16.0,6.0,9.0,7.7,4.22,1.44,8.65,4.5,1.5
2010-10-30,2010,Everton,Stoke,1.0,0.0,H,18.0,9.0,10.0,1.0,1.56,3.77,6.46,1.62,4.07,7.29
2010-10-30,2010,Fulham,Wigan,2.0,0.0,H,15.0,8.0,9.0,3.0,1.87,3.38,4.32,1.94,3.63,4.55
2010-10-30,2010,Man United,Tottenham,2.0,0.0,H,18.0,11.0,10.0,5.0,1.59,3.87,5.74,1.65,4.21,6.09
2010-10-30,2010,Wolves,Man City,2.0,1.0,H,10.0,17.0,6.0,9.0,5.07,3.49,1.74,5.5,3.75,1.81
2010-10-31,2010,Aston Villa,Birmingham,0.0,0.0,D,7.0,10.0,3.0,6.0,1.82,3.4,4.67,1.87,3.6,5.24
2010-10-31,2010,Bolton,Liverpool,0.0,1.0,A,14.0,10.0,10.0,4.0,3.21,3.27,2.27,3.49,3.4,2.32
2010-10-31,2010,Newcastle,Sunderland,5.0,1.0,H,16.0,11.0,12.0,5.0,2.16,3.26,3.43,2.25,3.32,3.76
2010-11-01,2010,Blackpool,West Brom,2.0,1.0,H,21.0,12.0,8.0,5.0,2.79,3.25,2.54,3.0,3.39,2.65
2010-11-06,2010,Birmingham,West Ham,2.0,2.0,D,8.0,16.0,5.0,8.0,1.95,3.32,4.02,2.01,3.48,4.45
2010-11-06,2010,Blackburn,Wigan,2.0,1.0,H,10.0,16.0,3.0,10.0,1.79,3.53,4.57,1.87,3.84,5.0
2010-11-06,2010,Blackpool,Everton,2.0,2.0,D,11.0,20.0,8.0,14.0,4.52,3.51,1.8,5.0,3.75,1.83
2010-11-06,2010,Bolton,Tottenham,4.0,2.0,H,18.0,11.0,8.0,6.0,2.97,3.26,2.39,3.09,3.41,2.5
2010-11-06,2010,Fulham,Aston Villa,1.0,1.0,D,14.0,15.0,10.0,8.0,2.16,3.26,3.44,2.28,3.35,3.8
2010-11-06,2010,Man United,Wolves,2.0,1.0,H,14.0,8.0,10.0,6.0,1.22,5.92,14.22,1.26,6.5,17.0
2010-11-06,2010,Sunderland,Stoke,2.0,0.0,H,14.0,11.0,7.0,5.0,2.07,3.25,3.7,2.15,3.32,4.11
2010-11-07,2010,Arsenal,Newcastle,0.0,1.0,A,11.0,7.0,8.0,2.0,1.27,5.44,11.19,1.3,6.11,14.04
2010-11-07,2010,Liverpool,Chelsea,2.0,0.0,H,9.0,11.0,7.0,7.0,3.73,3.29,2.04,4.0,3.44,2.14
2010-11-07,2010,West Brom,Man City,0.0,2.0,A,13.0,9.0,7.0,5.0,3.64,3.32,2.05,3.8,3.51,2.13
2010-11-09,2010,Stoke,Birmingham,3.0,2.0,H,19.0,14.0,12.0,10.0,2.08,3.23,3.69,2.15,3.35,4.05
2010-11-09,2010,Tottenham,Sunderland,1.0,1.0,D,20.0,8.0,12.0,4.0,1.54,3.89,6.43,1.6,4.25,7.35
2010-11-10,2010,Aston Villa,Blackpool,3.0,2.0,H,19.0,12.0,12.0,6.0,1.62,3.68,5.7,1.69,3.84,6.5
2010-11-10,2010,Chelsea,Fulham,1.0,0.0,H,19.0,5.0,10.0,3.0,1.2,6.12,14.78,1.23,6.75,20.0
2010-11-10,2010,Everton,Bolton,1.0,1.0,D,23.0,10.0,12.0,5.0,1.63,3.63,5.68,1.67,3.98,6.2
2010-11-10,2010,Man City,Man United,0.0,0.0,D,6.0,7.0,4.0,4.0,2.57,3.22,2.75,2.7,3.34,2.98
2010-11-10,2010,Newcastle,Blackburn,1.0,2.0,A,9.0,7.0,3.0,5.0,1.94,3.37,3.96,2.0,3.61,4.3
2010-11-10,2010,West Ham,West Brom,2.0,2.0,D,8.0,14.0,5.0,6.0,2.29,3.27,3.1,2.38,3.44,3.47
2010-11-10,2010,Wigan,Liverpool,1.0,1.0,D,10.0,8.0,8.0,3.0,4.62,3.58,1.76,5.0,3.82,1.81
2010-11-10,2010,Wolves,Arsenal,0.0,2.0,A,14.0,12.0,7.0,8.0,5.71,3.63,1.63,6.3,3.8,1.7
2010-11-13,2010,Aston Villa,Man United,2.0,2.0,D,12.0,16.0,6.0,10.0,4.75,3.49,1.77,5.5,3.72,1.85
2010-11-13,2010,Man City,Birmingham,0.0,0.0,D,21.0,5.0,11.0,3.0,1.42,4.28,8.15,1.46,4.62,9.5
2010-11-13,2010,Newcastle,Fulham,0.0,0.0,D,13.0,10.0,7.0,8.0,1.95,3.33,4.01,2.05,3.43,4.33
2010-11-13,2010,Stoke,Liverpool,2.0,0.0,H,14.0,10.0,7.0,6.0,3.7,3.25,2.06,3.97,3.4,2.19
2010-11-13,2010,Tottenham,Blackburn,4.0,2.0,H,20.0,12.0,12.0,8.0,1.61,3.7,5.96,1.66,4.0,6.5
2010-11-13,2010,West Ham,Blackpool,0.0,0.0,D,17.0,16.0,4.0,5.0,1.87,3.54,4.06,1.95,3.81,4.41
2010-11-13,2010,Wigan,West Brom,1.0,0.0,H,13.0,12.0,4.0,6.0,2.46,3.26,2.87,2.6,3.36,3.0
2010-11-13,2010,Wolves,Bolton,2.0,3.0,A,10.0,13.0,6.0,7.0,2.34,3.23,3.08,2.44,3.31,3.28
2010-11-14,2010,Chelsea,Sunderland,0.0,3.0,A,14.0,19.0,7.0,9.0,1.22,5.92,13.97,1.25,6.5,17.0
2010-11-14,2010,Everton,Arsenal,1.0,2.0,A,14.0,13.0,7.0,8.0,3.25,3.29,2.22,3.45,3.45,2.32
2010-11-20,2010,Arsenal,Tottenham,2.0,3.0,A,12.0,10.0,7.0,6.0,1.64,3.79,5.36,1.69,4.2,5.61
2010-11-20,2010,Birmingham,Chelsea,1.0,0.0,H,1.0,24.0,1.0,9.0,5.17,3.51,1.72,5.55,3.75,1.79
2010-11-20,2010,Blackpool,Wolves,2.0,1.0,H,13.0,19.0,9.0,10.0,2.5,3.29,2.8,2.65,3.46,3.0
2010-11-20,2010,Bolton,Newcastle,5.0,1.0,H,18.0,6.0,9.0,1.0,2.13,3.31,3.45,2.24,3.44,3.75
2010-11-20,2010,Liverpool,West Ham,3.0,0.0,H,19.0,6.0,11.0,1.0,1.53,3.85,6.75,1.57,4.18,7.5
2010-11-20,2010,Man United,Wigan,2.0,0.0,H,17.0,10.0,12.0,4.0,1.21,6.09,14.5,1.25,6.68,17.6
2010-11-20,2010,West Brom,Stoke,0.0,3.0,A,15.0,6.0,8.0,4.0,2.2,3.21,3.38,2.32,3.36,3.62
2010-11-21,2010,Blackburn,Aston Villa,2.0,0.0,H,14.0,16.0,5.0,11.0,2.29,3.24,3.16,2.4,3.36,3.45
2010-11-21,2010,Fulham,Man City,1.0,4.0,A,9.0,11.0,3.0,8.0,3.11,3.2,2.34,3.36,3.32,2.45
2010-11-22,2010,Sunderland,Everton,2.0,2.0,D,13.0,10.0,8.0,8.0,2.54,3.21,2.81,2.73,3.3,2.9
2010-11-27,2010,Aston Villa,Arsenal,2.0,4.0,A,6.0,17.0,4.0,10.0,3.35,3.3,2.17,3.6,3.45,2.3
2010-11-27,2010,Bolton,Blackpool,2.0,2.0,D,24.0,16.0,14.0,10.0,1.57,3.96,5.82,1.65,4.3,6.6
2010-11-27,2010,Everton,West Brom,1.0,4.0,A,12.0,7.0,4.0,3.0,1.55,3.87,6.3,1.62,4.2,7.1
2010-11-27,2010,Fulham,Birmingham,1.0,1.0,D,11.0,7.0,7.0,3.0,2.06,3.23,3.75,2.15,3.35,4.2
2010-11-27,2010,Man United,Blackburn,7.0,1.0,H,15.0,3.0,11.0,2.0,1.26,5.44,12.14,1.3,6.0,14.92
2010-11-27,2010,Stoke,Man City,1.0,1.0,D,16.0,9.0,9.0,4.0,3.42,3.26,2.16,3.84,3.38,2.25
2010-11-27,2010,West Ham,Wigan,3.0,1.0,H,15.0,10.0,9.0,10.0,2.01,3.35,3.79,2.1,3.5,4.09
2010-11-27,2010,Wolves,Sunderland,3.0,2.0,H,14.0,15.0,8.0,9.0,2.55,3.24,2.76,2.7,3.4,2.92
2010-11-28,2010,Newcastle,Chelsea,1.0,1.0,D,5.0,17.0,3.0,13.0,5.0,3.65,1.7,5.65,3.87,1.75
2010-11-28,2010,Tottenham,Liverpool,2.0,1.0,H,20.0,12.0,13.0,8.0,2.06,3.34,3.63,2.12,3.5,4.0
2010-12-04,2010,Arsenal,Fulham,2.0,1.0,H,15.0,11.0,9.0,7.0,1.28,5.17,11.25,1.32,5.74,13.6
2010-12-04,2010,Birmingham,Tottenham,1.0,1.0,D,13.0,10.0,5.0,5.0,3.44,3.34,2.12,3.7,3.49,2.3
2010-12-04,2010,Blackburn,Wolves,3.0,0.0,H,10.0,10.0,7.0,7.0,1.76,3.55,4.67,1.8,3.85,5.11
2010-12-04,2010,Chelsea,Everton,1.0,1.0,D,12.0,16.0,5.0,7.0,1.37,4.55,8.66,1.41,5.0,9.45
2010-12-04,2010,Man City,Bolton,1.0,0.0,H,19.0,7.0,10.0,2.0,1.53,3.84,6.65,1.57,4.2,7.2
2010-12-04,2010,Wigan,Stoke,2.0,2.0,D,15.0,11.0,8.0,7.0,2.7,3.2,2.64,2.89,3.34,2.75
2010-12-05,2010,Sunderland,West Ham,1.0,0.0,H,17.0,8.0,12.0,2.0,1.84,3.49,4.32,1.91,3.69,4.72
2010-12-05,2010,West Brom,Newcastle,3.0,1.0,H,20.0,11.0,12.0,7.0,2.24,3.28,3.23,2.32,3.45,3.55
2010-12-06,2010,Liverpool,Aston Villa,3.0,0.0,H,12.0,5.0,7.0,2.0,1.59,3.75,6.0,1.65,4.01,6.69
2010-12-11,2010,Aston Villa,West Brom,2.0,1.0,H,6.0,11.0,3.0,4.0,2.1,3.3,3.53,2.3,3.48,3.75
2010-12-11,2010,Everton,Wigan,0.0,0.0,D,16.0,5.0,8.0,4.0,1.43,4.21,8.2,1.47,4.64,9.23
2010-12-11,2010,Fulham,Sunderland,0.0,0.0,D,14.0,11.0,13.0,2.0,2.15,3.23,3.5,2.25,3.36,3.95
2010-12-11,2010,Newcastle,Liverpool,3.0,1.0,H,8.0,16.0,5.0,7.0,3.57,3.31,2.08,3.76,3.5,2.23
2010-12-11,2010,Stoke,Blackpool,0.0,1.0,A,16.0,10.0,5.0,5.0,1.62,3.86,5.41,1.67,4.2,6.0
2010-12-11,2010,West Ham,Man City,1.0,3.0,A,13.0,12.0,3.0,7.0,4.11,3.39,1.91,4.4,3.52,2.16
2010-12-12,2010,Bolton,Blackburn,2.0,1.0,H,12.0,16.0,7.0,11.0,2.03,3.32,3.72,2.1,3.5,4.1
2010-12-12,2010,Tottenham,Chelsea,1.0,1.0,D,10.0,13.0,3.0,7.0,2.84,3.28,2.49,3.03,3.41,2.63
2010-12-12,2010,Wolves,Birmingham,1.0,0.0,H,14.0,3.0,9.0,0.0,2.4,3.22,2.99,2.5,3.3,3.26
2010-12-13,2010,Man United,Arsenal,1.0,0.0,H,14.0,11.0,10.0,6.0,1.95,3.4,3.92,2.0,3.61,4.38
2010-12-18,2010,Blackburn,West Ham,1.0,1.0,D,13.0,11.0,5.0,3.0,1.78,3.5,4.65,1.84,3.75,4.87
2010-12-18,2010,Sunderland,Bolton,1.0,0.0,H,13.0,12.0,5.0,8.0,2.11,3.26,3.57,2.2,3.41,3.83
2010-12-20,2010,Man City,Everton,1.0,2.0,A,25.0,4.0,15.0,3.0,1.71,3.54,5.11,1.75,3.82,5.66
2010-12-26,2010,Aston Villa,Tottenham,1.0,2.0,A,26.0,13.0,15.0,8.0,3.06,3.29,2.32,3.25,3.46,2.4
2010-12-26,2010,Blackburn,Stoke,0.0,2.0,A,12.0,11.0,8.0,9.0,2.28,3.23,3.21,2.4,3.4,3.4
2010-12-26,2010,Bolton,West Brom,2.0,0.0,H,12.0,15.0,8.0,9.0,2.07,3.32,3.65,2.18,3.44,3.83
2010-12-26,2010,Fulham,West Ham,1.0,3.0,A,13.0,10.0,6.0,7.0,1.92,3.34,4.13,2.0,3.5,4.51
2010-12-26,2010,Man United,Sunderland,2.0,0.0,H,14.0,6.0,10.0,2.0,1.26,5.45,12.67,1.29,6.15,15.6
2010-12-26,2010,Newcastle,Man City,1.0,3.0,A,20.0,9.0,10.0,6.0,3.22,3.28,2.25,3.4,3.4,2.37
2010-12-26,2010,Wolves,Wigan,1.0,2.0,A,8.0,13.0,4.0,8.0,2.09,3.26,3.62,2.15,3.4,4.01
2010-12-27,2010,Arsenal,Chelsea,3.0,1.0,H,10.0,10.0,8.0,4.0,2.57,3.22,2.77,2.7,3.35,2.88
2010-12-28,2010,Birmingham,Man United,1.0,1.0,D,8.0,10.0,3.0,4.0,6.89,4.05,1.5,7.65,4.5,1.54
2010-12-28,2010,Man City,Aston Villa,4.0,0.0,H,11.0,9.0,8.0,4.0,1.47,4.15,7.48,1.52,4.5,8.5
2010-12-28,2010,Stoke,Fulham,0.0,2.0,A,14.0,4.0,8.0,3.0,1.87,3.34,4.43,1.95,3.5,4.95
2010-12-28,2010,Sunderland,Blackpool,0.0,2.0,A,32.0,9.0,16.0,4.0,1.6,3.81,5.82,1.64,4.05,6.5
2010-12-28,2010,Tottenham,Newcastle,2.0,0.0,H,13.0,12.0,8.0,8.0,1.52,4.03,6.5,1.58,4.5,7.0
2010-12-28,2010,West Brom,Blackburn,1.0,3.0,A,21.0,6.0,11.0,4.0,1.82,3.48,4.49,1.9,3.71,4.9
2010-12-28,2010,West Ham,Everton,1.0,1.0,D,11.0,13.0,2.0,5.0,3.39,3.28,2.18,3.75,3.4,2.3
2010-12-29,2010,Chelsea,Bolton,1.0,0.0,H,12.0,6.0,7.0,2.0,1.29,5.17,10.65,1.33,5.75,12.0
2010-12-29,2010,Liverpool,Wolves,0.0,1.0,A,9.0,7.0,5.0,3.0,1.32,4.89,10.36,1.35,5.5,11.66
2010-12-29,2010,Wigan,Arsenal,2.0,2.0,D,7.0,15.0,5.0,9.0,6.87,4.04,1.5,7.5,4.37,1.53
2011-01-01,2010,Birmingham,Arsenal,0.0,3.0,A,2.0,18.0,1.0,11.0,5.37,3.73,1.65,5.75,4.07,1.7
2011-01-01,2010,Liverpool,Bolton,2.0,1.0,H,16.0,10.0,7.0,4.0,1.67,3.65,5.39,1.72,3.85,6.0
2011-01-01,2010,Man City,Blackpool,1.0,0.0,H,15.0,8.0,4.0,6.0,1.27,5.43,10.68,1.3,6.05,13.0
2011-01-01,2010,Stoke,Everton,2.0,0.0,H,7.0,15.0,3.0,10.0,2.71,3.19,2.64,2.97,3.3,2.8
2011-01-01,2010,Sunderland,Blackburn,3.0,0.0,H,13.0,11.0,7.0,3.0,1.85,3.4,4.42,1.96,3.54,4.95
2011-01-01,2010,Tottenham,Fulham,1.0,0.0,H,13.0,12.0,9.0,4.0,1.45,4.14,7.58,1.54,4.5,8.5
2011-01-01,2010,West Brom,Man United,1.0,2.0,A,17.0,5.0,8.0,3.0,5.9,4.02,1.56,6.5,4.33,1.67
2011-01-01,2010,West Ham,Wolves,2.0,0.0,H,11.0,15.0,6.0,10.0,2.0,3.35,3.85,2.06,3.49,4.1
2011-01-02,2010,Chelsea,Aston Villa,3.0,3.0,D,15.0,16.0,10.0,10.0,1.25,5.64,12.53,1.27,6.16,15.0
2011-01-02,2010,Wigan,Newcastle,0.0,1.0,A,9.0,13.0,4.0,5.0,2.45,3.24,2.9,2.55,3.36,3.14
2011-01-04,2010,Blackpool,Birmingham,1.0,2.0,A,19.0,11.0,13.0,7.0,2.3,3.26,3.12,2.4,3.4,3.3
2011-01-04,2010,Fulham,West Brom,3.0,0.0,H,12.0,12.0,6.0,4.0,2.16,3.25,3.43,2.23,3.41,3.75
2011-01-04,2010,Man United,Stoke,2.0,1.0,H,18.0,5.0,7.0,1.0,1.27,5.33,11.45,1.31,5.75,13.25
2011-01-05,2010,Arsenal,Man City,0.0,0.0,D,13.0,5.0,8.0,0.0,1.94,3.49,3.86,2.05,3.77,4.17
2011-01-05,2010,Aston Villa,Sunderland,0.0,1.0,A,8.0,11.0,2.0,5.0,2.15,3.26,3.39,2.21,3.5,3.73
2011-01-05,2010,Blackburn,Liverpool,3.0,1.0,H,10.0,13.0,4.0,9.0,3.39,3.28,2.15,3.84,3.42,2.25
2011-01-05,2010,Bolton,Wigan,1.0,1.0,D,14.0,10.0,7.0,7.0,1.7,3.55,5.21,1.74,3.75,5.77
2011-01-05,2010,Everton,Tottenham,2.0,1.0,H,19.0,13.0,12.0,5.0,2.66,3.24,2.64,2.8,3.4,2.86
2011-01-05,2010,Newcastle,West Ham,5.0,0.0,H,11.0,13.0,7.0,6.0,1.86,3.45,4.19,1.91,3.68,4.59
2011-01-05,2010,Wolves,Chelsea,1.0,0.0,H,3.0,17.0,2.0,8.0,7.73,4.16,1.44,9.0,4.48,1.5
2011-01-12,2010,Blackpool,Liverpool,2.0,1.0,H,13.0,10.0,9.0,6.0,3.87,3.57,1.91,4.21,3.82,1.96
2011-01-15,2010,Chelsea,Blackburn,2.0,0.0,H,27.0,3.0,11.0,2.0,1.27,5.42,11.73,1.3,6.26,13.68
2011-01-15,2010,Man City,Wolves,4.0,3.0,H,15.0,10.0,12.0,7.0,1.32,4.88,10.43,1.35,5.28,12.13
2011-01-15,2010,Stoke,Bolton,2.0,0.0,H,12.0,13.0,5.0,6.0,2.12,3.25,3.59,2.15,3.36,3.93
2011-01-15,2010,West Brom,Blackpool,3.0,2.0,H,18.0,9.0,11.0,2.0,1.78,3.68,4.48,1.83,3.93,4.82
2011-01-15,2010,West Ham,Arsenal,0.0,3.0,A,7.0,19.0,6.0,13.0,6.29,3.9,1.56,6.77,4.29,1.62
2011-01-15,2010,Wigan,Fulham,1.0,1.0,D,8.0,14.0,5.0,5.0,2.55,3.19,2.84,2.68,3.3,3.0
2011-01-16,2010,Birmingham,Aston Villa,1.0,1.0,D,14.0,13.0,4.0,3.0,2.41,3.2,3.01,2.5,3.28,3.25
2011-01-16,2010,Liverpool,Everton,2.0,2.0,D,19.0,10.0,14.0,5.0,2.2,3.22,3.43,2.32,3.35,3.71
2011-01-16,2010,Sunderland,Newcastle,1.0,1.0,D,10.0,9.0,7.0,2.0,2.11,3.25,3.61,2.17,3.39,4.0
2011-01-16,2010,Tottenham,Man United,0.0,0.0,D,16.0,7.0,6.0,4.0,2.84,3.27,2.49,3.0,3.4,2.64
2011-01-22,2010,Arsenal,Wigan,3.0,0.0,H,23.0,3.0,15.0,1.0,1.2,6.37,14.19,1.22,7.8,17.01
2011-01-22,2010,Aston Villa,Man City,1.0,0.0,H,10.0,24.0,8.0,14.0,3.52,3.29,2.1,3.75,3.46,2.2
2011-01-22,2010,Blackpool,Sunderland,1.0,2.0,A,13.0,11.0,7.0,6.0,2.47,3.28,2.82,2.55,3.45,3.03
2011-01-22,2010,Everton,West Ham,2.0,2.0,D,11.0,13.0,6.0,5.0,1.49,3.95,7.03,1.53,4.41,7.71
2011-01-22,2010,Fulham,Stoke,2.0,0.0,H,10.0,9.0,7.0,1.0,2.18,3.19,3.43,2.25,3.3,3.83
2011-01-22,2010,Man United,Birmingham,5.0,0.0,H,23.0,6.0,9.0,1.0,1.2,6.25,14.19,1.22,7.12,17.95
2011-01-22,2010,Newcastle,Tottenham,1.0,1.0,D,13.0,14.0,6.0,9.0,3.39,3.34,2.13,3.75,3.5,2.25
2011-01-22,2010,Wolves,Liverpool,0.0,3.0,A,11.0,15.0,4.0,10.0,3.21,3.22,2.27,3.51,3.32,2.35
2011-01-23,2010,Blackburn,West Brom,2.0,0.0,H,17.0,24.0,12.0,20.0,2.22,3.27,3.24,2.31,3.51,3.5
2011-01-24,2010,Bolton,Chelsea,0.0,4.0,A,11.0,14.0,8.0,11.0,5.5,3.66,1.63,6.0,4.1,1.67
2011-01-25,2010,Blackpool,Man United,2.0,3.0,A,6.0,17.0,4.0,13.0,8.57,4.94,1.35,10.0,5.6,1.38
2011-01-25,2010,Wigan,Aston Villa,1.0,2.0,A,19.0,11.0,8.0,10.0,3.23,3.26,2.24,3.61,3.4,2.38
2011-01-26,2010,Liverpool,Fulham,1.0,0.0,H,11.0,12.0,7.0,8.0,1.53,3.88,6.44,1.57,4.22,7.33
2011-02-01,2010,Arsenal,Everton,2.0,1.0,H,19.0,4.0,10.0,4.0,1.44,4.21,7.56,1.5,4.5,8.5
2011-02-01,2010,Man United,Aston Villa,3.0,1.0,H,18.0,9.0,11.0,5.0,1.32,5.09,9.34,1.38,5.55,10.5
2011-02-01,2010,Sunderland,Chelsea,2.0,4.0,A,4.0,21.0,3.0,14.0,5.33,3.6,1.68,5.75,3.8,1.8
2011-02-01,2010,West Brom,Wigan,2.0,2.0,D,21.0,11.0,10.0,7.0,1.71,3.58,5.13,1.8,3.86,5.66
2011-02-02,2010,Birmingham,Man City,2.0,2.0,D,14.0,12.0,7.0,9.0,4.37,3.42,1.84,4.73,3.62,1.9
2011-02-02,2010,Blackburn,Tottenham,0.0,1.0,A,17.0,6.0,9.0,5.0,3.12,3.27,2.29,3.38,3.42,2.38
2011-02-02,2010,Blackpool,West Ham,1.0,3.0,A,13.0,12.0,8.0,10.0,2.33,3.3,3.0,2.4,3.46,3.21
2011-02-02,2010,Bolton,Wolves,1.0,0.0,H,13.0,11.0,8.0,5.0,1.83,3.44,4.4,1.9,3.6,4.89
2011-02-02,2010,Fulham,Newcastle,1.0,0.0,H,11.0,4.0,9.0,3.0,2.06,3.27,3.68,2.12,3.44,4.06
2011-02-02,2010,Liverpool,Stoke,2.0,0.0,H,13.0,6.0,9.0,1.0,1.6,3.7,5.87,1.67,4.0,6.3
2011-02-05,2010,Aston Villa,Fulham,2.0,2.0,D,10.0,13.0,5.0,9.0,1.93,3.38,3.99,2.02,3.53,4.33
2011-02-05,2010,Everton,Blackpool,5.0,3.0,H,23.0,11.0,16.0,7.0,1.45,4.35,6.97,1.5,4.87,8.0
2011-02-05,2010,Man City,West Brom,3.0,0.0,H,13.0,17.0,9.0,9.0,1.41,4.38,7.78,1.46,4.7,9.0
2011-02-05,2010,Newcastle,Arsenal,4.0,4.0,D,16.0,13.0,8.0,10.0,5.21,3.77,1.65,5.8,4.03,1.7
2011-02-05,2010,Stoke,Sunderland,3.0,2.0,H,18.0,11.0,9.0,7.0,2.08,3.25,3.62,2.15,3.4,4.0
2011-02-05,2010,Tottenham,Bolton,2.0,1.0,H,13.0,8.0,7.0,3.0,1.57,3.83,6.04,1.64,4.0,6.5
2011-02-05,2010,Wigan,Blackburn,4.0,3.0,H,11.0,9.0,7.0,5.0,2.49,3.21,2.85,2.62,3.31,3.06
2011-02-05,2010,Wolves,Man United,2.0,1.0,H,6.0,14.0,5.0,7.0,7.83,4.31,1.42,8.8,4.57,1.46
2011-02-06,2010,Chelsea,Liverpool,0.0,1.0,A,14.0,7.0,4.0,4.0,1.6,3.87,5.57,1.64,4.2,6.33
2011-02-06,2010,West Ham,Birmingham,0.0,1.0,A,16.0,9.0,9.0,3.0,2.04,3.32,3.65,2.11,3.5,4.02
2011-02-12,2010,Arsenal,Wolves,2.0,0.0,H,17.0,2.0,8.0,0.0,1.23,5.83,12.79,1.28,6.5,15.14
2011-02-12,2010,Birmingham,Stoke,1.0,0.0,H,10.0,15.0,4.0,5.0,2.47,3.18,2.93,2.6,3.28,3.15
2011-02-12,2010,Blackburn,Newcastle,0.0,0.0,D,4.0,12.0,0.0,6.0,2.11,3.28,3.51,2.19,3.47,3.8
2011-02-12,2010,Blackpool,Aston Villa,1.0,1.0,D,14.0,7.0,5.0,4.0,3.21,3.42,2.18,3.45,3.66,2.25
2011-02-12,2010,Liverpool,Wigan,1.0,1.0,D,13.0,8.0,5.0,2.0,1.36,4.56,9.43,1.4,5.09,10.5
2011-02-12,2010,Man United,Man City,2.0,1.0,H,11.0,13.0,6.0,8.0,1.77,3.57,4.61,1.85,3.88,5.07
2011-02-12,2010,Sunderland,Tottenham,1.0,2.0,A,16.0,11.0,10.0,5.0,2.71,3.23,2.61,2.85,3.32,2.82
2011-02-12,2010,West Brom,West Ham,3.0,3.0,D,15.0,18.0,11.0,11.0,1.93,3.52,3.86,2.0,3.82,4.16
2011-02-13,2010,Bolton,Everton,2.0,0.0,H,11.0,9.0,5.0,4.0,2.69,3.22,2.64,2.8,3.35,2.79
2011-02-14,2010,Fulham,Chelsea,0.0,0.0,D,12.0,23.0,8.0,9.0,4.89,3.52,1.74,5.37,3.75,1.8
2011-02-15,2010,Birmingham,Newcastle,0.0,2.0,A,11.0,10.0,5.0,7.0,2.52,3.21,2.87,2.6,3.31,3.06
2011-02-20,2010,West Brom,Wolves,1.0,1.0,D,19.0,6.0,11.0,2.0,1.86,3.4,4.33,1.92,3.61,4.74
2011-02-22,2010,Blackpool,Tottenham,3.0,1.0,H,8.0,25.0,4.0,10.0,4.21,3.67,1.84,5.0,3.8,1.92
2011-02-23,2010,Arsenal,Stoke,1.0,0.0,H,9.0,7.0,4.0,4.0,1.29,5.14,10.75,1.32,5.54,13.0
2011-02-26,2010,Aston Villa,Blackburn,4.0,1.0,H,17.0,5.0,10.0,2.0,1.75,3.58,4.87,1.8,3.82,5.14
2011-02-26,2010,Everton,Sunderland,2.0,0.0,H,17.0,12.0,9.0,7.0,1.72,3.55,5.08,1.76,3.84,5.6
2011-02-26,2010,Newcastle,Bolton,1.0,1.0,D,13.0,17.0,6.0,10.0,2.08,3.29,3.61,2.16,3.46,3.88
2011-02-26,2010,Wigan,Man United,0.0,4.0,A,10.0,14.0,4.0,9.0,6.46,3.85,1.55,7.0,4.07,1.62
2011-02-26,2010,Wolves,Blackpool,4.0,0.0,H,15.0,2.0,11.0,1.0,1.83,3.58,4.28,1.91,3.86,4.5
2011-02-27,2010,Man City,Fulham,1.0,1.0,D,14.0,11.0,4.0,5.0,1.5,3.91,7.17,1.54,4.2,8.12
2011-02-27,2010,West Ham,Liverpool,3.0,1.0,H,17.0,12.0,11.0,8.0,3.44,3.27,2.15,3.75,3.4,2.29
2011-02-28,2010,Stoke,West Brom,1.0,1.0,D,6.0,16.0,3.0,11.0,1.92,3.39,4.09,1.97,3.54,4.35
2011-03-01,2010,Chelsea,Man United,2.0,1.0,H,17.0,12.0,11.0,7.0,2.16,3.22,3.56,2.25,3.4,3.94
2011-03-05,2010,Arsenal,Sunderland,0.0,0.0,D,14.0,6.0,7.0,3.0,1.46,4.14,7.52,1.53,4.5,8.5
2011-03-05,2010,Birmingham,West Brom,1.0,3.0,A,9.0,9.0,4.0,5.0,2.33,3.18,3.17,2.52,3.3,3.4
2011-03-05,2010,Bolton,Aston Villa,3.0,2.0,H,15.0,10.0,9.0,6.0,2.26,3.28,3.2,2.32,3.44,3.45
2011-03-05,2010,Fulham,Blackburn,3.0,2.0,H,15.0,12.0,11.0,9.0,1.71,3.57,5.15,1.75,3.84,5.61
2011-03-05,2010,Man City,Wigan,1.0,0.0,H,7.0,12.0,3.0,5.0,1.37,4.51,9.32,1.4,5.0,10.5
2011-03-05,2010,Newcastle,Everton,1.0,2.0,A,10.0,13.0,8.0,8.0,2.58,3.23,2.75,2.66,3.4,2.89
2011-03-05,2010,West Ham,Stoke,3.0,0.0,H,15.0,7.0,10.0,5.0,2.21,3.27,3.3,2.25,3.37,3.61
2011-03-06,2010,Liverpool,Man United,3.0,1.0,H,17.0,12.0,10.0,7.0,2.81,3.22,2.55,2.94,3.35,2.67
2011-03-06,2010,Wolves,Tottenham,3.0,3.0,D,13.0,15.0,4.0,10.0,2.94,3.25,2.42,3.1,3.4,2.57
2011-03-07,2010,Blackpool,Chelsea,1.0,3.0,A,14.0,18.0,5.0,11.0,9.77,5.31,1.3,11.12,6.02,1.34
2011-03-09,2010,Everton,Birmingham,1.0,1.0,D,17.0,5.0,11.0,3.0,1.54,3.82,6.66,1.58,4.16,7.37
2011-03-19,2010,Aston Villa,Wolves,0.0,1.0,A,11.0,8.0,5.0,5.0,1.88,3.45,4.22,1.98,3.61,4.5
2011-03-19,2010,Blackburn,Blackpool,2.0,2.0,D,24.0,8.0,7.0,6.0,1.82,3.6,4.33,1.87,3.88,4.53
2011-03-19,2010,Everton,Fulham,2.0,1.0,H,16.0,12.0,12.0,6.0,2.01,3.27,3.91,2.08,3.4,4.33
2011-03-19,2010,Man United,Bolton,1.0,0.0,H,14.0,11.0,8.0,6.0,1.4,4.41,8.54,1.45,4.75,9.5
2011-03-19,2010,Stoke,Newcastle,4.0,0.0,H,8.0,14.0,6.0,9.0,2.2,3.25,3.39,2.3,3.31,3.78
2011-03-19,2010,Tottenham,West Ham,0.0,0.0,D,26.0,11.0,14.0,5.0,1.57,3.91,6.0,1.62,4.26,6.5
2011-03-19,2010,West Brom,Arsenal,2.0,2.0,D,4.0,18.0,3.0,11.0,4.67,3.59,1.76,5.0,3.82,1.84
2011-03-19,2010,Wigan,Birmingham,2.0,1.0,H,16.0,7.0,13.0,4.0,2.16,3.25,3.47,2.25,3.36,3.75
2011-03-20,2010,Chelsea,Man City,2.0,0.0,H,16.0,5.0,11.0,2.0,1.65,3.67,5.64,1.7,3.92,6.28
2011-03-20,2010,Sunderland,Liverpool,0.0,2.0,A,3.0,10.0,1.0,4.0,2.65,3.19,2.72,2.77,3.3,2.85
2011-04-02,2010,Arsenal,Blackburn,0.0,0.0,D,19.0,7.0,11.0,2.0,1.25,5.8,12.02,1.29,6.65,15.0
2011-04-02,2010,Birmingham,Bolton,2.0,1.0,H,9.0,19.0,6.0,12.0,2.5,3.25,2.86,2.6,3.4,3.06
2011-04-02,2010,Everton,Aston Villa,2.0,2.0,D,14.0,7.0,7.0,5.0,1.85,3.49,4.35,1.94,3.66,4.7
2011-04-02,2010,Newcastle,Wolves,4.0,1.0,H,17.0,13.0,13.0,9.0,1.99,3.39,3.86,2.09,3.52,4.2
2011-04-02,2010,Stoke,Chelsea,1.0,1.0,D,13.0,20.0,6.0,10.0,5.42,3.61,1.68,6.2,3.85,1.73
2011-04-02,2010,West Brom,Liverpool,2.0,1.0,H,17.0,13.0,14.0,9.0,3.04,3.26,2.37,3.2,3.4,2.46
2011-04-02,2010,West Ham,Man United,2.0,4.0,A,6.0,18.0,2.0,9.0,4.52,3.56,1.8,4.8,3.87,1.85
2011-04-02,2010,Wigan,Tottenham,0.0,0.0,D,14.0,10.0,5.0,6.0,3.08,3.27,2.35,3.3,3.4,2.46
2011-04-03,2010,Fulham,Blackpool,3.0,0.0,H,13.0,10.0,11.0,6.0,1.55,4.09,5.98,1.6,4.47,6.5
2011-04-03,2010,Man City,Sunderland,5.0,0.0,H,14.0,8.0,12.0,4.0,1.52,3.96,6.9,1.54,4.3,7.5
2011-04-09,2010,Blackburn,Birmingham,1.0,1.0,D,15.0,6.0,5.0,5.0,2.01,3.3,3.91,2.05,3.41,4.27
2011-04-09,2010,Bolton,West Ham,3.0,0.0,H,23.0,14.0,12.0,8.0,2.15,3.29,3.49,2.25,3.46,3.75
2011-04-09,2010,Chelsea,Wigan,1.0,0.0,H,21.0,11.0,13.0,7.0,1.21,6.14,14.89,1.23,6.95,18.0
2011-04-09,2010,Man United,Fulham,2.0,0.0,H,16.0,12.0,12.0,5.0,1.45,4.22,7.58,1.52,4.5,8.6
2011-04-09,2010,Sunderland,West Brom,2.0,3.0,A,7.0,12.0,4.0,8.0,2.2,3.25,3.39,2.3,3.4,3.6
2011-04-09,2010,Tottenham,Stoke,3.0,2.0,H,9.0,10.0,8.0,5.0,1.74,3.55,4.95,1.8,3.82,5.74
2011-04-09,2010,Wolves,Everton,0.0,3.0,A,11.0,9.0,7.0,6.0,2.55,3.25,2.8,2.65,3.4,2.92
2011-04-10,2010,Aston Villa,Newcastle,1.0,0.0,H,13.0,6.0,7.0,4.0,1.84,3.54,4.31,1.91,3.78,4.62
2011-04-10,2010,Blackpool,Arsenal,1.0,3.0,A,12.0,16.0,6.0,7.0,7.92,4.79,1.39,8.65,5.42,1.42
2011-04-11,2010,Liverpool,Man City,3.0,0.0,H,15.0,13.0,7.0,4.0,2.59,3.21,2.76,2.76,3.34,2.9
2011-04-16,2010,Birmingham,Sunderland,2.0,0.0,H,10.0,15.0,4.0,7.0,2.15,3.29,3.46,2.25,3.46,3.83
2011-04-16,2010,Blackpool,Wigan,1.0,3.0,A,14.0,9.0,9.0,5.0,2.34,3.37,2.98,2.45,3.54,3.2
2011-04-16,2010,Everton,Blackburn,2.0,0.0,H,17.0,4.0,7.0,2.0,1.68,3.65,5.32,1.73,3.9,6.06
2011-04-16,2010,West Brom,Chelsea,1.0,3.0,A,12.0,19.0,6.0,11.0,5.2,3.62,1.7,5.79,3.85,1.73
2011-04-16,2010,West Ham,Aston Villa,1.0,2.0,A,12.0,21.0,7.0,11.0,2.27,3.33,3.15,2.35,3.5,3.34
2011-04-17,2010,Arsenal,Liverpool,1.0,1.0,D,12.0,9.0,6.0,5.0,1.72,3.63,4.99,1.75,4.0,5.59
2011-04-19,2010,Newcastle,Man United,0.0,0.0,D,12.0,18.0,5.0,8.0,5.49,3.74,1.66,6.03,4.0,1.7
2011-04-20,2010,Chelsea,Birmingham,3.0,1.0,H,17.0,6.0,7.0,3.0,1.21,6.1,14.72,1.23,7.0,17.19
2011-04-20,2010,Tottenham,Arsenal,3.0,3.0,D,16.0,13.0,9.0,9.0,2.82,3.35,2.48,2.95,3.5,2.6
2011-04-23,2010,Aston Villa,Stoke,1.0,1.0,D,7.0,4.0,2.0,3.0,1.82,3.49,4.5,1.87,3.66,4.84
2011-04-23,2010,Blackpool,Newcastle,1.0,1.0,D,18.0,9.0,7.0,6.0,2.86,3.39,2.41,3.0,3.61,2.51
2011-04-23,2010,Chelsea,West Ham,3.0,0.0,H,16.0,12.0,11.0,7.0,1.22,6.06,13.52,1.25,7.03,16.64
2011-04-23,2010,Liverpool,Birmingham,5.0,0.0,H,17.0,10.0,13.0,6.0,1.46,4.18,7.62,1.5,4.52,8.5
2011-04-23,2010,Man United,Everton,1.0,0.0,H,21.0,5.0,12.0,3.0,1.45,4.21,7.72,1.5,4.6,8.9
2011-04-23,2010,Sunderland,Wigan,4.0,2.0,H,11.0,11.0,7.0,7.0,2.09,3.27,3.66,2.18,3.4,4.0
2011-04-23,2010,Tottenham,West Brom,2.0,2.0,D,19.0,10.0,9.0,4.0,1.56,3.98,6.01,1.6,4.23,6.58
2011-04-23,2010,Wolves,Fulham,1.0,1.0,D,12.0,15.0,3.0,5.0,2.5,3.24,2.86,2.63,3.3,3.02
2011-04-24,2010,Bolton,Arsenal,2.0,1.0,H,11.0,17.0,10.0,7.0,4.74,3.7,1.74,5.15,4.0,1.8
2011-04-25,2010,Blackburn,Man City,0.0,1.0,A,12.0,10.0,6.0,5.0,3.59,3.31,2.1,3.93,3.42,2.15
2011-04-26,2010,Stoke,Wolves,3.0,0.0,H,17.0,5.0,8.0,1.0,1.82,3.46,4.59,1.87,3.6,5.15
2011-04-27,2010,Fulham,Bolton,3.0,0.0,H,18.0,14.0,7.0,6.0,1.82,3.47,4.51,1.87,3.64,5.02
2011-04-30,2010,Blackburn,Bolton,1.0,0.0,H,17.0,11.0,8.0,3.0,1.99,3.41,3.81,2.07,3.54,4.0
2011-04-30,2010,Blackpool,Stoke,0.0,0.0,D,11.0,9.0,6.0,6.0,2.66,3.38,2.57,2.8,3.6,2.7
2011-04-30,2010,Chelsea,Tottenham,2.0,1.0,H,16.0,12.0,10.0,7.0,1.48,4.18,6.95,1.53,4.63,7.93
2011-04-30,2010,Sunderland,Fulham,0.0,3.0,A,11.0,9.0,7.0,6.0,2.55,3.18,2.84,2.69,3.3,3.0
2011-04-30,2010,West Brom,Aston Villa,2.0,1.0,H,8.0,11.0,4.0,6.0,2.31,3.29,3.09,2.4,3.4,3.3
2011-04-30,2010,Wigan,Everton,1.0,1.0,D,13.0,3.0,9.0,3.0,2.8,3.26,2.53,3.0,3.4,2.63
2011-05-01,2010,Arsenal,Man United,1.0,0.0,H,9.0,11.0,2.0,7.0,2.52,3.28,2.8,2.63,3.48,2.96
2011-05-01,2010,Birmingham,Wolves,1.0,1.0,D,8.0,7.0,1.0,2.0,2.09,3.29,3.6,2.2,3.4,4.0
2011-05-01,2010,Liverpool,Newcastle,3.0,0.0,H,9.0,7.0,5.0,3.0,1.47,4.11,7.26,1.51,4.5,8.0
2011-05-01,2010,Man City,West Ham,2.0,1.0,H,19.0,7.0,12.0,4.0,1.4,4.45,8.47,1.44,4.87,9.56
2011-05-07,2010,Aston Villa,Wigan,1.0,1.0,D,10.0,7.0,7.0,4.0,1.8,3.55,4.52,1.85,3.75,5.08
2011-05-07,2010,Bolton,Sunderland,1.0,2.0,A,17.0,10.0,9.0,6.0,1.79,3.52,4.67,1.85,3.72,5.5
2011-05-07,2010,Everton,Man City,2.0,1.0,H,10.0,12.0,6.0,7.0,2.72,3.24,2.62,2.85,3.4,2.8
2011-05-07,2010,Newcastle,Birmingham,2.0,1.0,H,19.0,5.0,14.0,2.0,1.92,3.39,4.1,2.0,3.55,4.5
2011-05-07,2010,Tottenham,Blackpool,1.0,1.0,D,20.0,13.0,11.0,7.0,1.3,5.46,9.6,1.33,6.12,11.0
2011-05-07,2010,West Ham,Blackburn,1.0,1.0,D,24.0,8.0,15.0,4.0,1.98,3.44,3.79,2.05,3.66,4.0
2011-05-08,2010,Man United,Chelsea,2.0,1.0,H,13.0,19.0,8.0,11.0,2.34,3.27,3.08,2.45,3.41,3.33
2011-05-08,2010,Stoke,Arsenal,3.0,1.0,H,12.0,14.0,7.0,5.0,5.02,3.67,1.71,5.5,4.0,1.75
2011-05-08,2010,Wolves,West Brom,3.0,1.0,H,14.0,14.0,10.0,6.0,2.19,3.32,3.33,2.29,3.5,3.6
2011-05-09,2010,Fulham,Liverpool,2.0,5.0,A,10.0,16.0,7.0,11.0,2.91,3.25,2.45,3.05,3.35,2.55
2011-05-10,2010,Man City,Tottenham,1.0,0.0,H,7.0,14.0,4.0,7.0,1.93,3.38,4.09,2.0,3.52,4.5
2011-05-14,2010,Blackburn,Man United,1.0,1.0,D,6.0,9.0,2.0,4.0,5.39,3.46,1.72,6.05,3.6,1.75
2011-05-14,2010,Blackpool,Bolton,4.0,3.0,H,12.0,17.0,8.0,9.0,2.15,3.47,3.3,2.2,3.64,3.52
2011-05-14,2010,Sunderland,Wolves,1.0,3.0,A,14.0,10.0,9.0,6.0,2.59,3.3,2.72,2.77,3.49,2.9
2011-05-14,2010,West Brom,Everton,1.0,0.0,H,14.0,23.0,9.0,10.0,2.63,3.28,2.69,2.75,3.4,2.81
2011-05-15,2010,Arsenal,Aston Villa,1.0,2.0,A,24.0,8.0,15.0,5.0,1.36,4.86,8.69,1.4,5.3,10.0
2011-05-15,2010,Birmingham,Fulham,0.0,2.0,A,7.0,18.0,2.0,9.0,2.19,3.26,3.4,2.31,3.37,3.75
2011-05-15,2010,Chelsea,Newcastle,2.0,2.0,D,15.0,13.0,7.0,9.0,1.23,6.12,13.07,1.26,6.94,15.17
2011-05-15,2010,Liverpool,Tottenham,0.0,2.0,A,10.0,8.0,2.0,4.0,1.74,3.7,4.67,1.8,3.96,5.11
2011-05-15,2010,Wigan,West Ham,3.0,2.0,H,19.0,13.0,10.0,10.0,2.15,3.39,3.38,2.22,3.5,3.6
2011-05-17,2010,Man City,Stoke,3.0,0.0,H,16.0,4.0,9.0,2.0,1.42,4.34,8.23,1.48,4.6,9.2
2011-05-22,2010,Aston Villa,Liverpool,1.0,0.0,H,10.0,9.0,8.0,4.0,3.11,3.3,2.28,3.34,3.47,2.38
2011-05-22,2010,Bolton,Man City,0.0,2.0,A,16.0,16.0,8.0,10.0,4.92,3.72,1.69,5.45,4.06,1.73
2011-05-22,2010,Everton,Chelsea,1.0,0.0,H,11.0,19.0,3.0,9.0,3.04,3.32,2.31,3.25,3.52,2.43
2011-05-22,2010,Fulham,Arsenal,2.0,2.0,D,10.0,12.0,6.0,6.0,3.63,3.46,2.01,3.85,3.67,2.12
2011-05-22,2010,Man United,Blackpool,4.0,2.0,H,18.0,14.0,11.0,7.0,1.56,4.13,5.57,1.6,4.46,6.61
2011-05-22,2010,Newcastle,West Brom,3.0,3.0,D,15.0,13.0,10.0,7.0,2.03,3.38,3.63,2.14,3.6,3.88
2011-05-22,2010,Stoke,Wigan,0.0,1.0,A,11.0,11.0,5.0,9.0,2.76,3.42,2.45,2.9,3.7,2.61
2011-05-22,2010,Tottenham,Birmingham,2.0,1.0,H,22.0,7.0,16.0,3.0,1.53,4.07,6.13,1.57,4.5,6.87
2011-05-22,2010,West Ham,Sunderland,0.0,3.0,A,17.0,17.0,12.0,12.0,1.97,3.44,3.74,2.03,3.62,4.0
2011-05-22,2010,Wolves,Blackburn,2.0,3.0,A,12.0,13.0,5.0,10.0,2.13,3.11,3.68,2.23,3.2,4.04
2011-08-13,2011,Blackburn,Wolves,1.0,2.0,A,16.0,13.0,8.0,4.0,2.13,3.29,3.52,2.22,3.43,3.75
2011-08-13,2011,Fulham,Aston Villa,0.0,0.0,D,13.0,7.0,9.0,1.0,2.12,3.28,3.53,2.2,3.43,3.86
2011-08-13,2011,Liverpool,Sunderland,1.0,1.0,D,11.0,15.0,4.0,6.0,1.5,3.92,7.3,1.57,4.2,8.04
2011-08-13,2011,Newcastle,Arsenal,0.0,0.0,D,6.0,9.0,1.0,4.0,3.68,3.35,2.05,4.0,3.52,2.15
2011-08-13,2011,QPR,Bolton,0.0,4.0,A,13.0,13.0,7.0,7.0,2.3,3.26,3.14,2.4,3.4,3.4
2011-08-13,2011,Wigan,Norwich,1.0,1.0,D,18.0,13.0,11.0,3.0,2.1,3.31,3.55,2.2,3.46,3.85
2011-08-14,2011,Stoke,Chelsea,0.0,0.0,D,6.0,20.0,3.0,11.0,5.54,3.61,1.66,6.2,3.8,1.72
2011-08-14,2011,West Brom,Man United,1.0,2.0,A,14.0,11.0,8.0,5.0,6.66,4.02,1.51,7.25,4.33,1.56
2011-08-15,2011,Man City,Swansea,4.0,0.0,H,26.0,8.0,19.0,5.0,1.26,5.47,12.43,1.29,6.1,15.0
2011-08-20,2011,Arsenal,Liverpool,0.0,2.0,A,10.0,13.0,6.0,8.0,2.53,3.2,2.86,2.67,3.3,3.02
2011-08-20,2011,Aston Villa,Blackburn,3.0,1.0,H,9.0,10.0,6.0,6.0,1.72,3.49,5.2,1.78,3.64,6.0
2011-08-20,2011,Chelsea,West Brom,2.0,1.0,H,22.0,6.0,12.0,4.0,1.29,5.28,10.68,1.33,5.63,12.0
2011-08-20,2011,Everton,QPR,0.0,1.0,A,14.0,4.0,7.0,3.0,1.53,3.83,6.89,1.58,4.09,7.81
2011-08-20,2011,Sunderland,Newcastle,0.0,1.0,A,15.0,12.0,5.0,10.0,2.13,3.27,3.53,2.2,3.4,3.9
2011-08-20,2011,Swansea,Wigan,0.0,0.0,D,12.0,10.0,6.0,4.0,2.14,3.27,3.51,2.2,3.34,3.94
2011-08-21,2011,Bolton,Man City,2.0,3.0,A,6.0,17.0,4.0,9.0,4.69,3.46,1.8,5.2,3.63,1.85
2011-08-21,2011,Norwich,Stoke,1.0,1.0,D,9.0,15.0,7.0,5.0,2.52,3.24,2.82,2.63,3.4,3.0
2011-08-21,2011,Wolves,Fulham,2.0,0.0,H,17.0,8.0,7.0,4.0,2.33,3.25,3.11,2.4,3.35,3.34
2011-08-22,2011,Man United,Tottenham,3.0,0.0,H,27.0,20.0,21.0,12.0,1.63,3.72,5.59,1.67,3.95,6.09
2011-08-27,2011,Aston Villa,Wolves,0.0,0.0,D,15.0,3.0,5.0,2.0,2.02,3.3,3.81,2.1,3.5,4.2
2011-08-27,2011,Blackburn,Everton,0.0,1.0,A,14.0,9.0,6.0,4.0,3.14,3.26,2.3,3.49,3.35,2.4
2011-08-27,2011,Chelsea,Norwich,3.0,1.0,H,16.0,9.0,8.0,6.0,1.2,6.18,14.66,1.23,7.21,19.47
2011-08-27,2011,Liverpool,Bolton,3.0,1.0,H,17.0,7.0,9.0,4.0,1.41,4.35,8.11,1.45,4.75,8.96
2011-08-27,2011,Swansea,Sunderland,0.0,0.0,D,15.0,12.0,6.0,8.0,2.41,3.24,2.96,2.54,3.4,3.25
2011-08-27,2011,Wigan,QPR,2.0,0.0,H,13.0,19.0,10.0,9.0,2.28,3.25,3.15,2.4,3.34,3.41
2011-08-28,2011,Man United,Arsenal,8.0,2.0,H,25.0,19.0,15.0,13.0,1.48,4.16,6.95,1.53,4.52,7.8
2011-08-28,2011,Newcastle,Fulham,2.0,1.0,H,13.0,16.0,9.0,9.0,2.11,3.26,3.55,2.2,3.4,3.8
2011-08-28,2011,Tottenham,Man City,1.0,5.0,A,15.0,22.0,10.0,12.0,2.85,3.28,2.47,3.1,3.4,2.54
2011-08-28,2011,West Brom,Stoke,0.0,1.0,A,16.0,7.0,7.0,1.0,2.06,3.27,3.68,2.16,3.4,4.0
2011-09-10,2011,Arsenal,Swansea,1.0,0.0,H,18.0,10.0,8.0,5.0,1.35,4.66,9.19,1.39,5.17,11.0
2011-09-10,2011,Bolton,Man United,0.0,5.0,A,20.0,13.0,13.0,9.0,7.91,4.41,1.42,9.0,5.0,1.45
2011-09-10,2011,Everton,Aston Villa,2.0,2.0,D,17.0,7.0,10.0,3.0,2.04,3.27,3.76,2.16,3.5,4.04
2011-09-10,2011,Man City,Wigan,3.0,0.0,H,23.0,9.0,10.0,5.0,1.17,6.88,16.27,1.2,7.85,20.18
2011-09-10,2011,Stoke,Liverpool,1.0,0.0,H,3.0,20.0,1.0,11.0,3.33,3.25,2.21,3.55,3.4,2.33
2011-09-10,2011,Sunderland,Chelsea,1.0,2.0,A,14.0,16.0,7.0,8.0,5.19,3.6,1.69,5.62,3.79,1.74
2011-09-10,2011,Wolves,Tottenham,0.0,2.0,A,10.0,17.0,6.0,11.0,2.91,3.29,2.42,3.16,3.4,2.5
2011-09-11,2011,Fulham,Blackburn,1.0,1.0,D,13.0,10.0,8.0,5.0,1.67,3.56,5.44,1.73,3.83,6.06
2011-09-11,2011,Norwich,West Brom,0.0,1.0,A,17.0,14.0,5.0,9.0,2.49,3.27,2.82,2.62,3.45,2.92
2011-09-12,2011,QPR,Newcastle,0.0,0.0,D,14.0,8.0,5.0,3.0,2.43,3.23,2.94,2.52,3.4,3.18
2011-09-17,2011,Aston Villa,Newcastle,1.0,1.0,D,10.0,21.0,2.0,13.0,1.93,3.36,4.09,2.0,3.52,4.5
2011-09-17,2011,Blackburn,Arsenal,4.0,3.0,H,10.0,24.0,5.0,16.0,4.27,3.42,1.87,4.66,3.57,1.93
2011-09-17,2011,Bolton,Norwich,1.0,2.0,A,7.0,11.0,7.0,5.0,1.76,3.52,4.77,1.83,3.75,5.25
2011-09-17,2011,Everton,Wigan,3.0,1.0,H,17.0,9.0,10.0,4.0,1.52,3.84,6.94,1.57,4.14,8.0
2011-09-17,2011,Swansea,West Brom,3.0,0.0,H,7.0,13.0,5.0,8.0,2.64,3.2,2.71,2.8,3.32,2.9
2011-09-17,2011,Wolves,QPR,0.0,3.0,A,13.0,17.0,6.0,12.0,1.94,3.38,4.02,2.01,3.6,4.5
2011-09-18,2011,Fulham,Man City,2.0,2.0,D,14.0,18.0,11.0,11.0,6.28,3.8,1.57,7.0,4.08,1.62
2011-09-18,2011,Man United,Chelsea,3.0,1.0,H,12.0,20.0,7.0,9.0,1.82,3.44,4.36,1.88,3.75,4.8
2011-09-18,2011,Sunderland,Stoke,4.0,0.0,H,8.0,9.0,7.0,5.0,2.38,3.2,3.05,2.47,3.3,3.33
2011-09-18,2011,Tottenham,Liverpool,4.0,0.0,H,24.0,5.0,16.0,2.0,2.62,3.26,2.68,2.72,3.4,2.84
2011-09-24,2011,Arsenal,Bolton,3.0,0.0,H,23.0,3.0,14.0,3.0,1.44,4.27,7.55,1.47,4.8,8.61
2011-09-24,2011,Chelsea,Swansea,4.0,1.0,H,15.0,5.0,7.0,4.0,1.2,6.51,13.75,1.23,7.33,19.0
2011-09-24,2011,Liverpool,Wolves,2.0,1.0,H,14.0,11.0,6.0,6.0,1.38,4.59,8.62,1.4,5.0,10.0
2011-09-24,2011,Man City,Everton,2.0,0.0,H,18.0,7.0,8.0,3.0,1.43,4.32,7.8,1.48,4.75,9.0
2011-09-24,2011,Newcastle,Blackburn,3.0,1.0,H,19.0,4.0,8.0,1.0,1.85,3.41,4.39,1.91,3.61,5.0
2011-09-24,2011,Stoke,Man United,1.0,1.0,D,14.0,13.0,8.0,9.0,6.53,3.94,1.53,7.18,4.33,1.58
2011-09-24,2011,West Brom,Fulham,0.0,0.0,D,8.0,18.0,5.0,9.0,2.3,3.25,3.13,2.4,3.35,3.38
2011-09-24,2011,Wigan,Tottenham,1.0,2.0,A,5.0,14.0,4.0,7.0,3.97,3.43,1.93,4.49,3.65,2.0
2011-09-25,2011,QPR,Aston Villa,1.0,1.0,D,17.0,8.0,9.0,4.0,2.31,3.23,3.14,2.4,3.36,3.36
2011-09-26,2011,Norwich,Sunderland,2.0,1.0,H,11.0,12.0,8.0,6.0,2.46,3.26,2.87,2.6,3.4,3.1
2011-10-01,2011,Aston Villa,Wigan,2.0,0.0,H,16.0,14.0,10.0,9.0,1.62,3.71,5.79,1.7,4.0,6.5
2011-10-01,2011,Blackburn,Man City,0.0,4.0,A,5.0,19.0,4.0,12.0,5.99,3.9,1.57,6.72,4.2,1.62
2011-10-01,2011,Everton,Liverpool,0.0,2.0,A,12.0,15.0,4.0,9.0,2.94,3.22,2.44,3.21,3.32,2.57
2011-10-01,2011,Man United,Norwich,2.0,0.0,H,17.0,13.0,9.0,6.0,1.16,7.16,17.04,1.19,8.28,25.0
2011-10-01,2011,Sunderland,West Brom,2.0,2.0,D,12.0,7.0,7.0,3.0,2.23,3.31,3.24,2.34,3.43,3.4
2011-10-01,2011,Wolves,Newcastle,1.0,2.0,A,25.0,10.0,12.0,6.0,2.43,3.26,2.92,2.54,3.4,3.1
2011-10-02,2011,Bolton,Chelsea,1.0,5.0,A,14.0,21.0,10.0,14.0,6.52,4.0,1.52,7.2,4.46,1.57
2011-10-02,2011,Fulham,QPR,6.0,0.0,H,19.0,17.0,13.0,10.0,1.97,3.33,3.94,2.03,3.6,4.16
2011-10-02,2011,Swansea,Stoke,2.0,0.0,H,9.0,11.0,5.0,6.0,2.59,3.21,2.76,2.8,3.31,2.95
2011-10-02,2011,Tottenham,Arsenal,2.0,1.0,H,16.0,13.0,8.0,7.0,2.12,3.4,3.39,2.2,3.62,3.7
2011-10-15,2011,Chelsea,Everton,3.0,1.0,H,7.0,9.0,5.0,5.0,1.35,4.66,9.43,1.39,5.1,11.0
2011-10-15,2011,Liverpool,Man United,1.0,1.0,D,14.0,10.0,8.0,3.0,2.95,3.25,2.43,3.2,3.4,2.57
2011-10-15,2011,Man City,Aston Villa,4.0,1.0,H,15.0,8.0,10.0,6.0,1.34,4.83,9.5,1.37,5.4,10.89
2011-10-15,2011,Norwich,Swansea,3.0,1.0,H,15.0,12.0,8.0,4.0,2.19,3.28,3.33,2.25,3.46,3.6
2011-10-15,2011,QPR,Blackburn,1.0,1.0,D,12.0,10.0,6.0,9.0,1.85,3.42,4.37,1.95,3.65,4.8
2011-10-15,2011,Stoke,Fulham,2.0,0.0,H,14.0,4.0,6.0,1.0,2.14,3.21,3.53,2.24,3.3,3.8
2011-10-15,2011,Wigan,Bolton,1.0,3.0,A,13.0,14.0,9.0,11.0,2.29,3.28,3.12,2.38,3.42,3.3
2011-10-16,2011,Arsenal,Sunderland,2.0,1.0,H,20.0,8.0,11.0,4.0,1.44,4.28,7.63,1.49,4.63,8.5
2011-10-16,2011,Newcastle,Tottenham,2.0,2.0,D,12.0,11.0,7.0,8.0,2.9,3.29,2.42,3.13,3.5,2.5
2011-10-16,2011,West Brom,Wolves,2.0,0.0,H,17.0,13.0,11.0,10.0,2.01,3.32,3.83,2.1,3.51,4.12
2011-10-22,2011,Aston Villa,West Brom,1.0,2.0,A,3.0,8.0,0.0,5.0,2.0,3.29,3.86,2.11,3.4,4.33
2011-10-22,2011,Bolton,Sunderland,0.0,2.0,A,15.0,18.0,8.0,10.0,2.21,3.23,3.33,2.32,3.4,3.6
2011-10-22,2011,Liverpool,Norwich,1.0,1.0,D,25.0,12.0,15.0,10.0,1.29,5.16,10.77,1.33,5.72,12.12
2011-10-22,2011,Newcastle,Wigan,1.0,0.0,H,13.0,12.0,10.0,5.0,1.58,3.75,6.09,1.62,4.06,6.95
2011-10-22,2011,Wolves,Swansea,2.0,2.0,D,20.0,16.0,13.0,14.0,1.99,3.35,3.81,2.05,3.6,4.2
2011-10-23,2011,Arsenal,Stoke,3.0,1.0,H,9.0,5.0,5.0,2.0,1.55,3.88,6.33,1.6,4.33,7.06
2011-10-23,2011,Blackburn,Tottenham,1.0,2.0,A,19.0,9.0,8.0,7.0,4.02,3.5,1.9,4.44,3.72,1.95
2011-10-23,2011,Fulham,Everton,1.0,3.0,A,15.0,11.0,8.0,7.0,2.34,3.22,3.09,2.44,3.4,3.3
2011-10-23,2011,Man United,Man City,1.0,6.0,A,12.0,19.0,8.0,12.0,2.05,3.35,3.63,2.12,3.5,3.89
2011-10-23,2011,QPR,Chelsea,1.0,0.0,H,8.0,14.0,3.0,7.0,8.84,4.64,1.36,10.16,5.0,1.4
2011-10-29,2011,Chelsea,Arsenal,3.0,5.0,A,12.0,13.0,10.0,8.0,1.61,3.8,5.61,1.67,4.1,6.05
2011-10-29,2011,Everton,Man United,0.0,1.0,A,18.0,7.0,11.0,6.0,4.57,3.55,1.78,5.0,3.83,1.9
2011-10-29,2011,Man City,Wolves,3.0,1.0,H,18.0,9.0,9.0,2.0,1.16,7.02,18.49,1.18,8.5,24.0
2011-10-29,2011,Norwich,Blackburn,3.0,3.0,D,13.0,12.0,6.0,7.0,1.96,3.42,3.87,2.05,3.61,4.16
2011-10-29,2011,Sunderland,Aston Villa,2.0,2.0,D,13.0,10.0,8.0,5.0,2.15,3.27,3.45,2.25,3.4,3.86
2011-10-29,2011,Swansea,Bolton,3.0,1.0,H,20.0,8.0,12.0,3.0,2.09,3.32,3.54,2.16,3.5,3.84
2011-10-29,2011,West Brom,Liverpool,0.0,2.0,A,10.0,17.0,6.0,7.0,3.77,3.32,2.02,4.0,3.5,2.1
2011-10-29,2011,Wigan,Fulham,0.0,2.0,A,18.0,7.0,9.0,5.0,2.91,3.23,2.46,3.18,3.34,2.55
2011-10-30,2011,Tottenham,QPR,3.0,1.0,H,22.0,12.0,13.0,8.0,1.37,4.66,8.56,1.41,5.2,9.5
2011-10-31,2011,Stoke,Newcastle,1.0,3.0,A,10.0,6.0,4.0,2.0,2.13,3.25,3.52,2.22,3.4,3.8
2011-11-05,2011,Arsenal,West Brom,3.0,0.0,H,12.0,9.0,7.0,4.0,1.41,4.5,7.76,1.45,5.0,9.0
2011-11-05,2011,Aston Villa,Norwich,3.0,2.0,H,12.0,9.0,6.0,7.0,1.82,3.53,4.38,1.91,3.72,4.7
2011-11-05,2011,Blackburn,Chelsea,0.0,1.0,A,13.0,12.0,8.0,8.0,7.09,4.3,1.45,8.06,4.64,1.5
2011-11-05,2011,Liverpool,Swansea,0.0,0.0,D,18.0,9.0,10.0,3.0,1.3,5.15,10.42,1.36,5.65,12.0
2011-11-05,2011,Man United,Sunderland,1.0,0.0,H,15.0,9.0,9.0,3.0,1.24,5.77,12.84,1.27,6.5,15.0
2011-11-05,2011,Newcastle,Everton,2.0,1.0,H,10.0,14.0,6.0,6.0,2.24,3.26,3.23,2.38,3.4,3.48
2011-11-05,2011,QPR,Man City,2.0,3.0,A,18.0,16.0,9.0,8.0,9.29,4.92,1.34,11.0,5.28,1.4
2011-11-06,2011,Bolton,Stoke,5.0,0.0,H,20.0,9.0,16.0,6.0,2.36,3.26,3.0,2.5,3.41,3.3
2011-11-06,2011,Fulham,Tottenham,1.0,3.0,A,26.0,8.0,20.0,8.0,3.15,3.29,2.27,3.4,3.46,2.42
2011-11-06,2011,Wolves,Wigan,3.0,1.0,H,13.0,13.0,12.0,7.0,1.9,3.38,4.2,2.0,3.5,4.63
2011-11-19,2011,Everton,Wolves,2.0,1.0,H,13.0,4.0,9.0,1.0,1.59,3.7,6.08,1.67,3.96,7.04
2011-11-19,2011,Man City,Newcastle,3.0,1.0,H,12.0,10.0,9.0,7.0,1.29,5.22,10.3,1.33,5.94,11.61
2011-11-19,2011,Norwich,Arsenal,1.0,2.0,A,7.0,20.0,4.0,14.0,5.06,3.66,1.69,5.5,3.85,1.75
2011-11-19,2011,Stoke,QPR,2.0,3.0,A,17.0,9.0,7.0,8.0,1.8,3.47,4.56,1.87,3.64,5.0
2011-11-19,2011,Sunderland,Fulham,0.0,0.0,D,13.0,13.0,8.0,9.0,2.33,3.22,3.11,2.4,3.35,3.35
2011-11-19,2011,Swansea,Man United,0.0,1.0,A,9.0,13.0,6.0,7.0,7.03,4.02,1.49,8.0,4.27,1.53
2011-11-19,2011,West Brom,Bolton,2.0,1.0,H,16.0,8.0,9.0,6.0,2.0,3.35,3.78,2.1,3.51,4.05
2011-11-19,2011,Wigan,Blackburn,3.0,3.0,D,21.0,6.0,11.0,2.0,2.47,3.27,2.84,2.62,3.41,3.08
2011-11-20,2011,Chelsea,Liverpool,1.0,2.0,A,18.0,9.0,5.0,3.0,1.81,3.47,4.51,1.91,3.67,4.8
2011-11-21,2011,Tottenham,Aston Villa,2.0,0.0,H,20.0,5.0,9.0,1.0,1.53,3.98,6.32,1.6,4.4,7.02
2011-11-26,2011,Arsenal,Fulham,1.0,1.0,D,20.0,10.0,12.0,6.0,1.45,4.19,7.65,1.5,4.53,9.0
2011-11-26,2011,Bolton,Everton,0.0,2.0,A,8.0,17.0,7.0,14.0,3.01,3.25,2.37,3.25,3.42,2.42
2011-11-26,2011,Chelsea,Wolves,3.0,0.0,H,17.0,7.0,11.0,2.0,1.23,5.85,13.01,1.25,6.5,15.5
2011-11-26,2011,Man United,Newcastle,1.0,1.0,D,23.0,8.0,13.0,6.0,1.37,4.55,8.74,1.4,5.0,10.0
2011-11-26,2011,Norwich,QPR,2.0,1.0,H,15.0,13.0,8.0,4.0,2.18,3.33,3.3,2.25,3.52,3.59
2011-11-26,2011,Stoke,Blackburn,3.0,1.0,H,8.0,16.0,5.0,12.0,1.8,3.48,4.53,1.85,3.67,5.0
2011-11-26,2011,Sunderland,Wigan,1.0,2.0,A,17.0,7.0,11.0,4.0,1.68,3.57,5.29,1.73,3.84,5.83
2011-11-26,2011,West Brom,Tottenham,1.0,3.0,A,9.0,23.0,5.0,14.0,3.99,3.49,1.9,4.38,3.75,2.0
2011-11-27,2011,Liverpool,Man City,1.0,1.0,D,17.0,7.0,9.0,3.0,2.78,3.26,2.51,2.9,3.43,2.71
2011-11-27,2011,Swansea,Aston Villa,0.0,0.0,D,6.0,9.0,2.0,4.0,2.22,3.28,3.25,2.3,3.5,3.53
2011-12-03,2011,Aston Villa,Man United,0.0,1.0,A,7.0,11.0,3.0,5.0,5.16,3.6,1.69,5.75,3.82,1.75
2011-12-03,2011,Blackburn,Swansea,4.0,2.0,H,14.0,10.0,9.0,5.0,2.15,3.31,3.38,2.25,3.5,3.6
2011-12-03,2011,Man City,Norwich,5.0,1.0,H,21.0,5.0,16.0,2.0,1.18,6.73,15.43,1.21,7.83,20.21
2011-12-03,2011,Newcastle,Chelsea,0.0,3.0,A,16.0,21.0,9.0,13.0,3.56,3.37,2.07,3.9,3.6,2.2
2011-12-03,2011,QPR,West Brom,1.0,1.0,D,14.0,15.0,4.0,10.0,2.24,3.29,3.21,2.3,3.45,3.45
2011-12-03,2011,Tottenham,Bolton,3.0,0.0,H,25.0,13.0,16.0,9.0,1.3,5.02,10.69,1.35,5.5,13.0
2011-12-03,2011,Wigan,Arsenal,0.0,4.0,A,7.0,16.0,4.0,10.0,6.05,3.93,1.56,6.62,4.33,1.6
2011-12-04,2011,Everton,Stoke,0.0,1.0,A,11.0,7.0,4.0,4.0,1.71,3.51,5.18,1.75,3.69,5.75
2011-12-04,2011,Wolves,Sunderland,2.0,1.0,H,15.0,18.0,10.0,12.0,2.39,3.26,2.97,2.5,3.4,3.22
2011-12-05,2011,Fulham,Liverpool,1.0,0.0,H,19.0,17.0,13.0,9.0,3.37,3.27,2.17,3.6,3.43,2.25
2011-12-10,2011,Arsenal,Everton,1.0,0.0,H,12.0,7.0,7.0,1.0,1.55,3.89,6.39,1.57,4.28,7.0
2011-12-10,2011,Bolton,Aston Villa,1.0,2.0,A,17.0,17.0,12.0,11.0,2.47,3.27,2.85,2.59,3.4,3.09
2011-12-10,2011,Liverpool,QPR,1.0,0.0,H,21.0,6.0,15.0,2.0,1.31,4.92,10.5,1.33,5.54,12.0
2011-12-10,2011,Man United,Wolves,4.0,1.0,H,22.0,11.0,18.0,8.0,1.22,5.91,13.86,1.25,6.7,16.0
2011-12-10,2011,Norwich,Newcastle,4.0,2.0,H,13.0,11.0,11.0,8.0,2.42,3.34,2.87,2.5,3.57,3.06
2011-12-10,2011,Swansea,Fulham,2.0,0.0,H,16.0,12.0,8.0,7.0,2.59,3.21,2.75,2.72,3.34,2.93
2011-12-10,2011,West Brom,Wigan,1.0,2.0,A,13.0,7.0,8.0,4.0,1.66,3.65,5.45,1.73,4.0,6.09
2011-12-11,2011,Stoke,Tottenham,2.0,1.0,H,10.0,15.0,7.0,12.0,3.6,3.39,2.05,4.0,3.55,2.12
2011-12-11,2011,Sunderland,Blackburn,2.0,1.0,H,22.0,3.0,12.0,2.0,1.88,3.47,4.19,1.95,3.64,4.6
2011-12-12,2011,Chelsea,Man City,2.0,1.0,H,13.0,7.0,7.0,4.0,2.41,3.32,2.9,2.5,3.5,3.11
2011-12-17,2011,Blackburn,West Brom,1.0,2.0,A,17.0,13.0,14.0,6.0,2.35,3.31,3.0,2.46,3.53,3.2
2011-12-17,2011,Everton,Norwich,1.0,1.0,D,28.0,7.0,15.0,1.0,1.62,3.71,5.83,1.67,4.0,6.25
2011-12-17,2011,Fulham,Bolton,2.0,0.0,H,16.0,14.0,9.0,6.0,1.63,3.68,5.72,1.7,3.96,6.4
2011-12-17,2011,Newcastle,Swansea,0.0,0.0,D,17.0,3.0,6.0,0.0,1.8,3.49,4.59,1.85,3.75,5.0
2011-12-17,2011,Wigan,Chelsea,1.0,1.0,D,15.0,10.0,7.0,5.0,8.73,4.57,1.38,10.02,5.08,1.4
2011-12-17,2011,Wolves,Stoke,1.0,2.0,A,10.0,8.0,5.0,4.0,2.49,3.26,2.85,2.6,3.35,3.08
2011-12-18,2011,Aston Villa,Liverpool,0.0,2.0,A,16.0,19.0,8.0,12.0,4.06,3.38,1.93,4.55,3.56,2.0
2011-12-18,2011,Man City,Arsenal,1.0,0.0,H,15.0,12.0,9.0,8.0,1.69,3.68,5.07,1.75,3.92,5.5
2011-12-18,2011,QPR,Man United,0.0,2.0,A,11.0,19.0,3.0,12.0,7.26,4.14,1.47,8.1,4.6,1.5
2011-12-18,2011,Tottenham,Sunderland,1.0,0.0,H,16.0,8.0,12.0,4.0,1.37,4.62,8.73,1.4,5.12,9.8
2011-12-20,2011,Blackburn,Bolton,1.0,2.0,A,17.0,8.0,7.0,5.0,2.12,3.34,3.49,2.22,3.6,3.8
2011-12-20,2011,Wolves,Norwich,2.0,2.0,D,18.0,18.0,9.0,14.0,2.07,3.41,3.58,2.2,3.58,3.87
2011-12-21,2011,Aston Villa,Arsenal,1.0,2.0,A,10.0,8.0,4.0,6.0,4.8,3.57,1.75,5.22,3.8,1.8
2011-12-21,2011,Everton,Swansea,1.0,0.0,H,13.0,4.0,6.0,4.0,1.59,3.69,6.27,1.63,3.9,7.0
2011-12-21,2011,Fulham,Man United,0.0,5.0,A,13.0,14.0,8.0,12.0,5.08,3.57,1.71,5.5,3.8,1.76
2011-12-21,2011,Man City,Stoke,3.0,0.0,H,20.0,2.0,16.0,0.0,1.23,5.85,13.01,1.25,6.68,17.0
2011-12-21,2011,Newcastle,West Brom,2.0,3.0,A,21.0,14.0,11.0,8.0,1.94,3.4,3.95,2.04,3.6,4.33
2011-12-21,2011,QPR,Sunderland,2.0,3.0,A,17.0,17.0,9.0,13.0,2.43,3.25,2.92,2.58,3.4,3.1
2011-12-21,2011,Wigan,Liverpool,0.0,0.0,D,15.0,18.0,10.0,10.0,6.96,3.9,1.51,7.69,4.33,1.57
2011-12-22,2011,Tottenham,Chelsea,1.0,1.0,D,16.0,20.0,10.0,10.0,2.55,3.31,2.71,2.63,3.53,2.82
2011-12-26,2011,Bolton,Newcastle,0.0,2.0,A,4.0,12.0,3.0,7.0,2.49,3.31,2.79,2.62,3.55,2.9
2011-12-26,2011,Chelsea,Fulham,1.0,1.0,D,24.0,9.0,15.0,6.0,1.3,5.0,11.08,1.33,5.55,12.7
2011-12-26,2011,Liverpool,Blackburn,1.0,1.0,D,28.0,5.0,13.0,2.0,1.25,5.52,13.17,1.3,6.28,16.82
2011-12-26,2011,Man United,Wigan,5.0,0.0,H,17.0,9.0,9.0,5.0,1.16,7.24,18.27,1.2,8.53,23.35
2011-12-26,2011,Stoke,Aston Villa,0.0,0.0,D,7.0,10.0,2.0,4.0,1.91,3.4,4.13,2.0,3.56,4.49
2011-12-26,2011,Sunderland,Everton,1.0,1.0,D,12.0,9.0,8.0,3.0,2.41,3.24,2.94,2.51,3.4,3.12
2011-12-26,2011,West Brom,Man City,0.0,0.0,D,7.0,18.0,3.0,9.0,7.41,4.42,1.43,8.0,4.75,1.47
2011-12-27,2011,Arsenal,Wolves,1.0,1.0,D,23.0,6.0,17.0,4.0,1.22,6.02,13.56,1.25,6.75,16.0
2011-12-27,2011,Norwich,Tottenham,0.0,2.0,A,8.0,19.0,4.0,8.0,4.48,3.62,1.78,4.8,3.81,1.85
2011-12-27,2011,Swansea,QPR,1.0,1.0,D,7.0,12.0,4.0,7.0,2.04,3.33,3.71,2.1,3.48,4.03
2011-12-30,2011,Liverpool,Newcastle,3.0,1.0,H,15.0,5.0,7.0,2.0,1.54,3.94,6.53,1.6,4.35,7.4
2011-12-31,2011,Arsenal,QPR,1.0,0.0,H,16.0,6.0,7.0,3.0,1.26,5.47,12.33,1.29,6.2,15.0
2011-12-31,2011,Bolton,Wolves,1.0,1.0,D,13.0,8.0,9.0,5.0,2.2,3.31,3.29,2.3,3.52,3.5
2011-12-31,2011,Chelsea,Aston Villa,1.0,3.0,A,16.0,12.0,5.0,9.0,1.27,5.28,11.78,1.3,6.0,14.2
2011-12-31,2011,Man United,Blackburn,2.0,3.0,A,26.0,10.0,13.0,5.0,1.13,7.89,22.98,1.15,9.95,33.0
2011-12-31,2011,Norwich,Fulham,1.0,1.0,D,18.0,11.0,9.0,6.0,2.55,3.31,2.72,2.65,3.41,2.9
2011-12-31,2011,Stoke,Wigan,2.0,2.0,D,12.0,10.0,3.0,6.0,1.68,3.64,5.21,1.75,3.84,5.5
2011-12-31,2011,Swansea,Tottenham,1.0,1.0,D,14.0,12.0,8.0,7.0,5.14,3.64,1.69,5.5,3.9,1.74
2012-01-01,2011,Sunderland,Man City,1.0,0.0,H,8.0,25.0,5.0,11.0,6.38,3.98,1.53,7.0,4.33,1.6
2012-01-01,2011,West Brom,Everton,0.0,1.0,A,10.0,13.0,2.0,8.0,2.58,3.25,2.75,2.67,3.4,2.9
2012-01-02,2011,Aston Villa,Swansea,0.0,2.0,A,10.0,8.0,2.0,4.0,1.82,3.39,4.6,1.86,3.55,5.01
2012-01-02,2011,Blackburn,Stoke,1.0,2.0,A,14.0,8.0,7.0,3.0,2.49,3.27,2.82,2.6,3.46,3.0
2012-01-02,2011,Fulham,Arsenal,2.0,1.0,H,21.0,17.0,8.0,10.0,3.94,3.41,1.94,4.33,3.6,2.02
2012-01-02,2011,QPR,Norwich,1.0,2.0,A,9.0,13.0,6.0,6.0,2.1,3.32,3.47,2.18,3.52,3.69
2012-01-02,2011,Wolves,Chelsea,1.0,2.0,A,9.0,15.0,5.0,10.0,6.31,3.87,1.55,7.02,4.21,1.6
2012-01-03,2011,Man City,Liverpool,3.0,0.0,H,10.0,18.0,8.0,10.0,1.89,3.4,4.32,1.97,3.6,4.6
2012-01-03,2011,Tottenham,West Brom,1.0,0.0,H,20.0,8.0,14.0,2.0,1.35,4.84,9.26,1.43,5.21,11.0
2012-01-03,2011,Wigan,Sunderland,1.0,4.0,A,20.0,10.0,10.0,9.0,2.63,3.23,2.73,2.75,3.38,2.82
2012-01-04,2011,Everton,Bolton,1.0,2.0,A,10.0,12.0,4.0,7.0,1.51,3.99,6.79,1.55,4.44,7.85
2012-01-04,2011,Newcastle,Man United,3.0,0.0,H,10.0,6.0,6.0,6.0,5.05,3.55,1.72,5.5,3.75,1.79
2012-01-11,2011,Tottenham,Everton,2.0,0.0,H,14.0,11.0,7.0,4.0,1.55,3.83,6.41,1.6,4.0,7.15
2012-01-14,2011,Aston Villa,Everton,1.0,1.0,D,17.0,7.0,11.0,4.0,2.4,3.24,2.99,2.54,3.35,3.2
2012-01-14,2011,Blackburn,Fulham,3.0,1.0,H,15.0,17.0,11.0,7.0,2.87,3.27,2.46,3.1,3.41,2.55
2012-01-14,2011,Chelsea,Sunderland,1.0,0.0,H,21.0,9.0,10.0,4.0,1.39,4.58,8.36,1.44,4.92,9.04
2012-01-14,2011,Liverpool,Stoke,0.0,0.0,D,13.0,3.0,5.0,1.0,1.42,4.28,8.06,1.45,4.62,9.22
2012-01-14,2011,Man United,Bolton,3.0,0.0,H,19.0,11.0,9.0,5.0,1.16,7.46,16.99,1.18,8.5,22.0
2012-01-14,2011,Tottenham,Wolves,1.0,1.0,D,22.0,5.0,10.0,3.0,1.27,5.49,10.91,1.3,6.08,13.37
2012-01-14,2011,West Brom,Norwich,1.0,2.0,A,16.0,7.0,8.0,4.0,2.07,3.33,3.61,2.2,3.5,3.8
2012-01-15,2011,Newcastle,QPR,1.0,0.0,H,9.0,15.0,4.0,9.0,1.75,3.54,4.81,1.83,3.75,5.2
2012-01-15,2011,Swansea,Arsenal,3.0,2.0,H,9.0,14.0,5.0,9.0,4.72,3.51,1.77,5.0,3.75,1.85
2012-01-16,2011,Wigan,Man City,0.0,1.0,A,7.0,12.0,4.0,8.0,8.59,4.39,1.4,10.0,4.75,1.45
2012-01-21,2011,Bolton,Liverpool,3.0,1.0,H,15.0,11.0,8.0,8.0,5.87,3.7,1.62,6.53,4.02,1.67
2012-01-21,2011,Everton,Blackburn,1.0,1.0,D,15.0,14.0,8.0,8.0,1.55,3.8,6.62,1.62,4.14,7.24
2012-01-21,2011,Fulham,Newcastle,5.0,2.0,H,10.0,15.0,7.0,9.0,2.0,3.36,3.78,2.1,3.55,4.1
2012-01-21,2011,Norwich,Chelsea,0.0,0.0,D,5.0,19.0,3.0,9.0,5.66,3.84,1.6,6.0,4.2,1.65
2012-01-21,2011,QPR,Wigan,3.0,1.0,H,16.0,9.0,8.0,4.0,2.04,3.3,3.73,2.12,3.5,4.0
2012-01-21,2011,Stoke,West Brom,1.0,2.0,A,10.0,15.0,3.0,6.0,1.93,3.4,4.02,2.02,3.59,4.33
2012-01-21,2011,Sunderland,Swansea,2.0,0.0,H,7.0,11.0,2.0,4.0,1.87,3.35,4.37,1.95,3.5,4.77
2012-01-21,2011,Wolves,Aston Villa,2.0,3.0,A,13.0,11.0,9.0,5.0,2.51,3.24,2.82,2.64,3.4,2.98
2012-01-22,2011,Arsenal,Man United,1.0,2.0,A,12.0,9.0,6.0,5.0,2.81,3.29,2.51,2.97,3.5,2.62
2012-01-22,2011,Man City,Tottenham,3.0,2.0,H,13.0,12.0,7.0,7.0,1.88,3.53,4.13,1.95,3.82,4.33
2012-01-31,2011,Everton,Man City,1.0,0.0,H,9.0,17.0,4.0,11.0,4.49,3.49,1.82,4.78,3.68,1.87
2012-01-31,2011,Man United,Stoke,2.0,0.0,H,11.0,8.0,7.0,3.0,1.31,5.15,10.32,1.35,5.5,12.0
2012-01-31,2011,Swansea,Chelsea,1.0,1.0,D,7.0,20.0,5.0,10.0,4.14,3.29,1.96,4.5,3.4,2.04
2012-01-31,2011,Tottenham,Wigan,3.0,1.0,H,20.0,10.0,13.0,6.0,1.22,6.12,14.22,1.25,6.81,17.0
2012-01-31,2011,Wolves,Liverpool,0.0,3.0,A,5.0,23.0,1.0,14.0,5.16,3.66,1.7,5.74,3.93,1.75
2012-02-01,2011,Aston Villa,QPR,2.0,2.0,D,23.0,3.0,15.0,3.0,1.79,3.46,4.65,1.85,3.69,5.19
2012-02-01,2011,Blackburn,Newcastle,0.0,2.0,A,23.0,9.0,12.0,5.0,2.59,3.29,2.68,2.7,3.41,2.85
2012-02-01,2011,Bolton,Arsenal,0.0,0.0,D,14.0,16.0,8.0,7.0,5.13,3.7,1.68,5.71,4.05,1.73
2012-02-01,2011,Fulham,West Brom,1.0,1.0,D,13.0,15.0,6.0,11.0,1.83,3.45,4.45,1.91,3.63,4.77
2012-02-01,2011,Sunderland,Norwich,3.0,0.0,H,10.0,12.0,6.0,4.0,1.85,3.43,4.35,1.93,3.6,4.75
2012-02-04,2011,Arsenal,Blackburn,7.0,1.0,H,20.0,3.0,11.0,3.0,1.28,5.33,10.95,1.3,6.0,13.0
2012-02-04,2011,Man City,Fulham,3.0,0.0,H,16.0,11.0,10.0,8.0,1.29,5.23,10.84,1.33,5.8,13.0
2012-02-04,2011,Norwich,Bolton,2.0,0.0,H,22.0,10.0,9.0,6.0,2.02,3.39,3.63,2.1,3.63,3.85
2012-02-04,2011,QPR,Wolves,1.0,2.0,A,13.0,14.0,8.0,6.0,1.9,3.49,4.02,2.0,3.7,4.45
2012-02-04,2011,Stoke,Sunderland,0.0,1.0,A,9.0,4.0,6.0,2.0,2.19,3.26,3.35,2.3,3.44,3.59
2012-02-04,2011,West Brom,Swansea,1.0,2.0,A,18.0,15.0,11.0,8.0,2.1,3.29,3.54,2.16,3.4,3.82
2012-02-04,2011,Wigan,Everton,1.0,1.0,D,2.0,8.0,1.0,4.0,3.45,3.28,2.13,3.7,3.44,2.2
2012-02-05,2011,Chelsea,Man United,3.0,3.0,D,19.0,14.0,10.0,10.0,2.51,3.24,2.84,2.62,3.37,2.98
2012-02-05,2011,Newcastle,Aston Villa,2.0,1.0,H,16.0,13.0,8.0,8.0,2.09,3.31,3.57,2.2,3.45,3.9
2012-02-06,2011,Liverpool,Tottenham,0.0,0.0,D,15.0,9.0,10.0,6.0,2.09,3.33,3.54,2.15,3.48,3.9
2012-02-11,2011,Blackburn,QPR,3.0,2.0,H,7.0,25.0,5.0,13.0,2.34,3.28,3.04,2.42,3.41,3.3
2012-02-11,2011,Bolton,Wigan,1.0,2.0,A,13.0,10.0,8.0,6.0,2.0,3.43,3.71,2.09,3.67,3.95
2012-02-11,2011,Everton,Chelsea,2.0,0.0,H,10.0,8.0,7.0,7.0,3.26,3.26,2.24,3.48,3.4,2.33
2012-02-11,2011,Fulham,Stoke,2.0,1.0,H,11.0,12.0,4.0,4.0,1.97,3.34,3.92,2.02,3.5,4.36
2012-02-11,2011,Man United,Liverpool,2.0,1.0,H,11.0,9.0,6.0,6.0,1.85,3.49,4.3,1.95,3.68,4.52
2012-02-11,2011,Sunderland,Arsenal,1.0,2.0,A,8.0,10.0,5.0,8.0,3.52,3.37,2.08,3.83,3.6,2.2
2012-02-11,2011,Swansea,Norwich,2.0,3.0,A,16.0,18.0,9.0,11.0,1.85,3.48,4.3,1.91,3.66,4.61
2012-02-11,2011,Tottenham,Newcastle,5.0,0.0,H,18.0,7.0,9.0,3.0,1.46,4.22,7.21,1.53,4.62,7.8
2012-02-12,2011,Aston Villa,Man City,0.0,1.0,A,9.0,17.0,5.0,10.0,5.27,3.65,1.68,5.82,3.9,1.73
2012-02-12,2011,Wolves,West Brom,1.0,5.0,A,10.0,26.0,8.0,16.0,2.43,3.24,2.95,2.6,3.4,3.1
2012-02-25,2011,Chelsea,Bolton,3.0,0.0,H,25.0,8.0,16.0,1.0,1.28,5.39,10.66,1.33,6.03,12.71
2012-02-25,2011,Man City,Blackburn,3.0,0.0,H,20.0,2.0,13.0,2.0,1.17,6.9,16.29,1.2,8.2,21.0
2012-02-25,2011,Newcastle,Wolves,2.0,2.0,D,13.0,7.0,8.0,6.0,1.59,3.83,5.9,1.64,4.12,6.5
2012-02-25,2011,QPR,Fulham,0.0,1.0,A,17.0,7.0,8.0,3.0,2.59,3.25,2.72,2.75,3.36,2.85
2012-02-25,2011,West Brom,Sunderland,4.0,0.0,H,18.0,10.0,13.0,4.0,2.4,3.26,2.94,2.51,3.43,3.15
2012-02-25,2011,Wigan,Aston Villa,0.0,0.0,D,14.0,10.0,6.0,3.0,2.74,3.25,2.57,2.82,3.4,2.73
2012-02-26,2011,Arsenal,Tottenham,5.0,2.0,H,21.0,8.0,13.0,4.0,2.46,3.36,2.8,2.54,3.6,2.98
2012-02-26,2011,Norwich,Man United,1.0,2.0,A,16.0,11.0,7.0,9.0,6.14,4.08,1.53,6.75,4.42,1.6
2012-02-26,2011,Stoke,Swansea,2.0,0.0,H,9.0,11.0,6.0,6.0,2.11,3.28,3.53,2.25,3.4,3.75
2012-03-03,2011,Blackburn,Aston Villa,1.0,1.0,D,15.0,17.0,9.0,12.0,2.37,3.3,2.96,2.47,3.44,3.2
2012-03-03,2011,Liverpool,Arsenal,1.0,2.0,A,12.0,10.0,4.0,7.0,2.0,3.41,3.74,2.1,3.66,4.05
2012-03-03,2011,Man City,Bolton,2.0,0.0,H,23.0,8.0,10.0,5.0,1.13,7.96,21.06,1.15,9.96,26.0
2012-03-03,2011,QPR,Everton,1.0,1.0,D,22.0,8.0,10.0,5.0,3.05,3.26,2.35,3.3,3.39,2.41
2012-03-03,2011,Stoke,Norwich,1.0,0.0,H,11.0,7.0,7.0,5.0,1.86,3.44,4.29,1.91,3.64,4.65
2012-03-03,2011,West Brom,Chelsea,1.0,0.0,H,19.0,13.0,11.0,6.0,4.02,3.42,1.93,4.4,3.56,2.0
2012-03-03,2011,Wigan,Swansea,0.0,2.0,A,14.0,12.0,8.0,8.0,2.44,3.25,2.89,2.52,3.35,3.11
2012-03-04,2011,Fulham,Wolves,5.0,0.0,H,25.0,8.0,19.0,3.0,1.58,3.79,6.08,1.67,4.15,6.8
2012-03-04,2011,Newcastle,Sunderland,1.0,1.0,D,24.0,7.0,12.0,6.0,2.09,3.31,3.54,2.2,3.42,3.9
2012-03-04,2011,Tottenham,Man United,1.0,3.0,A,18.0,6.0,9.0,5.0,2.86,3.32,2.44,3.05,3.48,2.51
2012-03-10,2011,Aston Villa,Fulham,1.0,0.0,H,19.0,5.0,8.0,1.0,2.46,3.24,2.88,2.53,3.35,3.11
2012-03-10,2011,Bolton,QPR,2.0,1.0,H,11.0,17.0,7.0,11.0,2.41,3.27,2.94,2.5,3.44,3.2
2012-03-10,2011,Chelsea,Stoke,1.0,0.0,H,21.0,8.0,11.0,3.0,1.39,4.44,8.47,1.44,4.83,10.0
2012-03-10,2011,Everton,Tottenham,1.0,0.0,H,9.0,21.0,5.0,9.0,2.84,3.27,2.48,3.03,3.37,2.63
2012-03-10,2011,Sunderland,Liverpool,1.0,0.0,H,6.0,9.0,1.0,5.0,3.87,3.34,1.98,4.33,3.47,2.01
2012-03-10,2011,Wolves,Blackburn,0.0,2.0,A,14.0,12.0,7.0,8.0,2.32,3.31,3.02,2.4,3.5,3.2
2012-03-11,2011,Man United,West Brom,2.0,0.0,H,20.0,6.0,9.0,3.0,1.28,5.4,10.67,1.33,6.0,12.5
2012-03-11,2011,Norwich,Wigan,1.0,1.0,D,13.0,18.0,6.0,9.0,1.84,3.47,4.25,1.91,3.7,4.55
2012-03-11,2011,Swansea,Man City,1.0,0.0,H,8.0,18.0,5.0,13.0,6.28,3.7,1.57,7.0,4.0,1.63
2012-03-12,2011,Arsenal,Newcastle,2.0,1.0,H,21.0,5.0,13.0,3.0,1.47,4.14,6.98,1.5,4.5,8.1
2012-03-13,2011,Liverpool,Everton,3.0,0.0,H,15.0,5.0,10.0,3.0,1.74,3.5,5.11,1.8,3.7,5.5
2012-03-17,2011,Fulham,Swansea,0.0,3.0,A,14.0,10.0,7.0,7.0,1.84,3.42,4.43,1.91,3.56,4.88
2012-03-17,2011,Wigan,West Brom,1.0,1.0,D,20.0,8.0,6.0,2.0,2.75,3.28,2.55,2.88,3.4,2.7
2012-03-18,2011,Newcastle,Norwich,1.0,0.0,H,15.0,12.0,10.0,5.0,1.78,3.65,4.43,1.85,3.85,4.83
2012-03-18,2011,Wolves,Man United,0.0,5.0,A,7.0,22.0,3.0,18.0,8.83,4.89,1.34,10.5,5.4,1.36
2012-03-20,2011,Blackburn,Sunderland,2.0,0.0,H,16.0,2.0,9.0,0.0,2.36,3.33,2.98,2.45,3.5,3.19
2012-03-21,2011,Everton,Arsenal,0.0,1.0,A,7.0,12.0,2.0,8.0,3.03,3.29,2.34,3.2,3.45,2.42
2012-03-21,2011,Man City,Chelsea,2.0,1.0,H,20.0,6.0,10.0,5.0,1.89,3.48,4.13,1.94,3.72,4.4
2012-03-21,2011,QPR,Liverpool,3.0,2.0,H,10.0,18.0,5.0,11.0,4.59,3.52,1.79,5.0,3.8,1.83
2012-03-21,2011,Tottenham,Stoke,1.0,1.0,D,24.0,8.0,18.0,2.0,1.41,4.33,8.15,1.45,4.7,9.0
2012-03-24,2011,Arsenal,Aston Villa,3.0,0.0,H,20.0,3.0,12.0,2.0,1.35,4.76,9.41,1.38,5.31,11.0
2012-03-24,2011,Bolton,Blackburn,2.0,1.0,H,12.0,10.0,6.0,4.0,2.4,3.34,2.91,2.51,3.52,3.0
2012-03-24,2011,Chelsea,Tottenham,0.0,0.0,D,10.0,19.0,5.0,7.0,1.88,3.49,4.14,1.95,3.72,4.5
2012-03-24,2011,Liverpool,Wigan,1.0,2.0,A,12.0,6.0,9.0,5.0,1.29,5.16,11.29,1.35,5.58,13.24
2012-03-24,2011,Norwich,Wolves,2.0,1.0,H,15.0,10.0,11.0,6.0,1.75,3.6,4.67,1.8,3.93,5.2
2012-03-24,2011,Stoke,Man City,1.0,1.0,D,10.0,16.0,3.0,11.0,5.91,3.67,1.62,6.33,3.89,1.67
2012-03-24,2011,Sunderland,QPR,3.0,1.0,H,15.0,10.0,8.0,6.0,2.01,3.33,3.79,2.1,3.5,4.0
2012-03-24,2011,Swansea,Everton,0.0,2.0,A,10.0,15.0,3.0,8.0,2.18,3.25,3.39,2.26,3.4,3.65
2012-03-25,2011,West Brom,Newcastle,1.0,3.0,A,14.0,10.0,6.0,7.0,2.29,3.3,3.09,2.4,3.45,3.39
2012-03-26,2011,Man United,Fulham,1.0,0.0,H,19.0,5.0,16.0,4.0,1.24,5.62,13.1,1.27,6.2,16.19
2012-03-31,2011,Aston Villa,Chelsea,2.0,4.0,A,9.0,12.0,5.0,9.0,4.49,3.46,1.83,5.0,3.67,1.9
2012-03-31,2011,Everton,West Brom,2.0,0.0,H,16.0,9.0,9.0,5.0,1.82,3.48,4.48,1.88,3.66,4.8
2012-03-31,2011,Fulham,Norwich,2.0,1.0,H,14.0,16.0,9.0,8.0,1.7,3.65,5.05,1.75,3.95,5.5
2012-03-31,2011,Man City,Sunderland,3.0,3.0,D,19.0,8.0,10.0,4.0,1.22,5.95,13.95,1.25,6.9,16.1
2012-03-31,2011,QPR,Arsenal,2.0,1.0,H,10.0,13.0,8.0,7.0,5.62,3.88,1.6,6.1,4.23,1.63
2012-03-31,2011,Wigan,Stoke,2.0,0.0,H,13.0,6.0,11.0,2.0,2.6,3.22,2.74,2.7,3.36,2.9
2012-03-31,2011,Wolves,Bolton,2.0,3.0,A,14.0,19.0,8.0,11.0,2.31,3.35,3.03,2.4,3.58,3.25
2012-04-01,2011,Newcastle,Liverpool,2.0,0.0,H,11.0,9.0,7.0,6.0,2.95,3.35,2.37,3.2,3.54,2.5
2012-04-01,2011,Tottenham,Swansea,3.0,1.0,H,15.0,11.0,10.0,7.0,1.4,4.39,8.46,1.44,4.95,9.5
2012-04-02,2011,Blackburn,Man United,0.0,2.0,A,11.0,14.0,6.0,6.0,8.56,4.53,1.38,9.6,5.11,1.41
2012-04-06,2011,Swansea,Newcastle,0.0,2.0,A,19.0,5.0,13.0,4.0,2.37,3.31,2.96,2.41,3.49,3.27
2012-04-07,2011,Bolton,Fulham,0.0,3.0,A,13.0,11.0,7.0,8.0,2.57,3.3,2.71,2.66,3.46,2.86
2012-04-07,2011,Chelsea,Wigan,2.0,1.0,H,19.0,13.0,10.0,7.0,1.27,5.42,11.57,1.31,6.2,14.0
2012-04-07,2011,Liverpool,Aston Villa,1.0,1.0,D,21.0,5.0,5.0,3.0,1.44,4.26,7.78,1.5,4.69,8.9
2012-04-07,2011,Norwich,Everton,2.0,2.0,D,14.0,9.0,11.0,5.0,2.9,3.27,2.43,3.1,3.41,2.5
2012-04-07,2011,Stoke,Wolves,2.0,1.0,H,14.0,9.0,6.0,5.0,1.61,3.77,5.74,1.67,4.09,6.5
2012-04-07,2011,Sunderland,Tottenham,0.0,0.0,D,12.0,15.0,9.0,8.0,3.26,3.38,2.19,3.55,3.55,2.3
2012-04-07,2011,West Brom,Blackburn,3.0,0.0,H,9.0,16.0,6.0,10.0,1.95,3.44,3.89,2.0,3.64,4.2
2012-04-08,2011,Arsenal,Man City,1.0,0.0,H,12.0,7.0,7.0,2.0,2.47,3.36,2.81,2.63,3.51,3.0
2012-04-08,2011,Man United,QPR,2.0,0.0,H,24.0,9.0,14.0,7.0,1.17,7.01,15.71,1.2,8.5,19.0
2012-04-09,2011,Aston Villa,Stoke,1.0,1.0,D,7.0,7.0,3.0,3.0,2.21,3.25,3.38,2.3,3.35,3.64
2012-04-09,2011,Everton,Sunderland,4.0,0.0,H,22.0,3.0,12.0,0.0,1.94,3.38,4.04,2.0,3.61,4.32
2012-04-09,2011,Fulham,Chelsea,1.0,1.0,D,11.0,12.0,9.0,4.0,3.46,3.33,2.15,3.61,3.5,2.25
2012-04-09,2011,Newcastle,Bolton,2.0,0.0,H,8.0,9.0,4.0,6.0,1.57,4.02,5.87,1.62,4.34,6.52
2012-04-09,2011,Tottenham,Norwich,1.0,2.0,A,13.0,12.0,9.0,6.0,1.31,5.27,9.84,1.35,5.84,12.33
2012-04-10,2011,Blackburn,Liverpool,2.0,3.0,A,10.0,16.0,4.0,12.0,3.49,3.37,2.09,3.8,3.53,2.2
2012-04-11,2011,Man City,West Brom,4.0,0.0,H,17.0,4.0,12.0,1.0,1.24,5.75,12.17,1.29,6.5,15.0
2012-04-11,2011,QPR,Swansea,3.0,0.0,H,16.0,9.0,8.0,6.0,2.13,3.31,3.42,2.2,3.51,3.72
2012-04-11,2011,Wigan,Man United,1.0,0.0,H,11.0,8.0,8.0,3.0,8.85,4.7,1.36,10.0,5.0,1.41
2012-04-11,2011,Wolves,Arsenal,0.0,3.0,A,9.0,10.0,6.0,7.0,6.73,4.37,1.46,7.9,4.73,1.5
2012-04-14,2011,Norwich,Man City,1.0,6.0,A,16.0,22.0,8.0,17.0,6.18,4.06,1.53,7.0,4.36,1.57
2012-04-14,2011,Sunderland,Wolves,0.0,0.0,D,15.0,12.0,6.0,8.0,1.5,4.14,6.57,1.55,4.55,7.4
2012-04-14,2011,Swansea,Blackburn,3.0,0.0,H,16.0,7.0,8.0,2.0,1.99,3.42,3.8,2.1,3.64,4.1
2012-04-14,2011,West Brom,QPR,1.0,0.0,H,15.0,16.0,10.0,6.0,2.12,3.33,3.46,2.25,3.5,3.7
2012-04-15,2011,Man United,Aston Villa,4.0,0.0,H,24.0,10.0,16.0,4.0,1.22,6.01,13.57,1.25,6.84,16.58
2012-04-16,2011,Arsenal,Wigan,1.0,2.0,A,18.0,12.0,8.0,7.0,1.26,5.62,11.32,1.3,6.37,13.0
2012-04-21,2011,Arsenal,Chelsea,0.0,0.0,D,13.0,13.0,8.0,7.0,1.99,3.48,3.7,2.05,3.7,3.95
2012-04-21,2011,Aston Villa,Sunderland,0.0,0.0,D,12.0,10.0,7.0,5.0,2.32,3.27,3.09,2.4,3.4,3.39
2012-04-21,2011,Blackburn,Norwich,2.0,0.0,H,9.0,12.0,6.0,5.0,2.07,3.43,3.5,2.15,3.76,3.8
2012-04-21,2011,Bolton,Swansea,1.0,1.0,D,7.0,20.0,5.0,12.0,2.18,3.32,3.35,2.3,3.45,3.7
2012-04-21,2011,Fulham,Wigan,2.0,1.0,H,15.0,9.0,9.0,5.0,1.87,3.49,4.2,1.95,3.73,4.5
2012-04-21,2011,Newcastle,Stoke,3.0,0.0,H,16.0,7.0,11.0,2.0,1.68,3.63,5.32,1.73,3.86,5.8
2012-04-21,2011,QPR,Tottenham,1.0,0.0,H,12.0,17.0,5.0,8.0,3.97,3.51,1.92,4.24,3.78,2.0
2012-04-22,2011,Liverpool,West Brom,0.0,1.0,A,28.0,9.0,12.0,4.0,1.43,4.4,7.52,1.5,4.88,8.74
2012-04-22,2011,Man United,Everton,4.0,4.0,D,20.0,17.0,11.0,10.0,1.31,5.1,9.85,1.36,5.5,11.22
2012-04-22,2011,Wolves,Man City,0.0,2.0,A,7.0,17.0,4.0,9.0,11.78,6.1,1.23,14.6,7.0,1.3
2012-04-24,2011,Aston Villa,Bolton,1.0,2.0,A,17.0,12.0,6.0,11.0,1.95,3.45,3.93,2.0,3.65,4.23
2012-04-28,2011,Everton,Fulham,4.0,0.0,H,11.0,6.0,7.0,5.0,1.83,3.46,4.4,1.88,3.65,5.0
2012-04-28,2011,Norwich,Liverpool,0.0,3.0,A,8.0,15.0,3.0,9.0,3.7,3.45,1.99,4.05,3.69,2.1
2012-04-28,2011,Stoke,Arsenal,1.0,1.0,D,6.0,17.0,4.0,10.0,4.23,3.48,1.86,4.55,3.71,1.92
2012-04-28,2011,Sunderland,Bolton,2.0,2.0,D,12.0,16.0,6.0,9.0,1.95,3.42,3.87,2.05,3.62,4.1
2012-04-28,2011,Swansea,Wolves,4.0,4.0,D,10.0,15.0,8.0,9.0,1.54,3.95,6.24,1.6,4.34,6.98
2012-04-28,2011,West Brom,Aston Villa,0.0,0.0,D,13.0,8.0,7.0,5.0,2.11,3.34,3.46,2.2,3.52,3.8
2012-04-28,2011,Wigan,Newcastle,4.0,0.0,H,10.0,11.0,8.0,3.0,2.78,3.33,2.49,2.92,3.51,2.62
2012-04-29,2011,Chelsea,QPR,6.0,1.0,H,25.0,11.0,18.0,7.0,1.39,4.59,8.07,1.44,5.0,9.5
2012-04-29,2011,Tottenham,Blackburn,2.0,0.0,H,19.0,0.0,8.0,0.0,1.38,4.73,7.85,1.42,5.32,8.92
2012-04-30,2011,Man City,Man United,1.0,0.0,H,12.0,4.0,5.0,2.0,2.14,3.39,3.36,2.25,3.63,3.55
2012-05-01,2011,Liverpool,Fulham,0.0,1.0,A,18.0,7.0,5.0,4.0,1.6,3.88,5.83,1.64,4.15,6.28
2012-05-01,2011,Stoke,Everton,1.0,1.0,D,10.0,11.0,5.0,4.0,2.95,3.25,2.45,3.23,3.38,2.62
2012-05-02,2011,Bolton,Tottenham,1.0,4.0,A,14.0,13.0,8.0,10.0,3.92,3.51,1.93,4.21,3.79,2.0
2012-05-02,2011,Chelsea,Newcastle,0.0,2.0,A,17.0,12.0,6.0,6.0,1.5,4.18,6.41,1.55,4.6,7.03
2012-05-05,2011,Arsenal,Norwich,3.0,3.0,D,20.0,12.0,13.0,6.0,1.21,6.22,13.29,1.25,7.16,16.0
2012-05-06,2011,Aston Villa,Tottenham,1.0,1.0,D,4.0,21.0,2.0,10.0,4.08,3.54,1.86,4.33,3.75,1.91
2012-05-06,2011,Bolton,West Brom,2.0,2.0,D,11.0,17.0,6.0,13.0,2.0,3.44,3.65,2.1,3.7,3.8
2012-05-06,2011,Fulham,Sunderland,2.0,1.0,H,20.0,12.0,15.0,7.0,1.86,3.48,4.17,1.91,3.6,4.65
2012-05-06,2011,Man United,Swansea,2.0,0.0,H,26.0,13.0,18.0,9.0,1.17,6.84,15.06,1.2,7.68,19.0
2012-05-06,2011,Newcastle,Man City,0.0,2.0,A,14.0,19.0,9.0,12.0,4.82,3.93,1.66,5.2,4.2,1.73
2012-05-06,2011,QPR,Stoke,1.0,0.0,H,21.0,8.0,12.0,1.0,1.85,3.52,4.15,1.91,3.75,4.5
2012-05-06,2011,Wolves,Everton,0.0,0.0,D,7.0,18.0,1.0,10.0,4.8,3.71,1.71,5.2,4.0,1.75
2012-05-07,2011,Blackburn,Wigan,0.0,1.0,A,12.0,19.0,7.0,9.0,2.44,3.35,2.79,2.5,3.6,2.95
2012-05-08,2011,Liverpool,Chelsea,4.0,1.0,H,23.0,9.0,13.0,5.0,2.15,3.46,3.33,2.38,3.6,3.52
2012-05-13,2011,Chelsea,Blackburn,2.0,1.0,H,18.0,8.0,6.0,5.0,1.3,5.36,9.52,1.35,6.0,11.0
2012-05-13,2011,Everton,Newcastle,3.0,1.0,H,17.0,11.0,11.0,5.0,2.19,3.45,3.18,2.3,3.7,3.47
2012-05-13,2011,Man City,QPR,3.0,2.0,H,35.0,3.0,24.0,3.0,1.13,8.54,18.12,1.14,10.66,23.0
2012-05-13,2011,Norwich,Aston Villa,2.0,0.0,H,21.0,9.0,12.0,5.0,2.18,3.38,3.25,2.26,3.63,3.4
2012-05-13,2011,Stoke,Bolton,2.0,2.0,D,12.0,20.0,8.0,8.0,2.41,3.47,2.79,2.5,3.67,3.04
2012-05-13,2011,Sunderland,Man United,0.0,1.0,A,6.0,17.0,5.0,9.0,7.23,4.51,1.43,8.3,4.9,1.47
2012-05-13,2011,Swansea,Liverpool,1.0,0.0,H,13.0,14.0,8.0,9.0,3.38,3.45,2.1,3.66,3.72,2.2
2012-05-13,2011,Tottenham,Fulham,2.0,0.0,H,15.0,10.0,9.0,7.0,1.4,4.55,8.04,1.41,5.07,9.1
2012-05-13,2011,West Brom,Arsenal,2.0,3.0,A,12.0,12.0,8.0,8.0,5.02,3.93,1.65,5.6,4.28,1.7
2012-05-13,2011,Wigan,Wolves,3.0,2.0,H,14.0,10.0,10.0,7.0,1.57,3.95,5.8,1.62,4.35,6.4
2012-08-18,2012,Arsenal,Sunderland,0.0,0.0,D,14.0,3.0,4.0,2.0,1.4,4.47,8.37,1.44,4.89,9.5
2012-08-18,2012,Fulham,Norwich,5.0,0.0,H,11.0,4.0,9.0,2.0,1.8,3.59,4.44,1.85,3.82,4.8
2012-08-18,2012,Newcastle,Tottenham,2.0,1.0,H,6.0,12.0,4.0,6.0,2.55,3.32,2.73,2.7,3.47,2.85
2012-08-18,2012,QPR,Swansea,0.0,5.0,A,20.0,12.0,11.0,8.0,2.01,3.37,3.76,2.1,3.55,4.2
2012-08-18,2012,Reading,Stoke,1.0,1.0,D,9.0,6.0,3.0,3.0,2.36,3.27,3.03,2.45,3.4,3.26
2012-08-18,2012,West Brom,Liverpool,3.0,0.0,H,15.0,14.0,10.0,7.0,4.01,3.44,1.93,4.38,3.61,2.0
2012-08-18,2012,West Ham,Aston Villa,1.0,0.0,H,8.0,10.0,4.0,6.0,2.23,3.32,3.23,2.3,3.46,3.51
2012-08-19,2012,Man City,Southampton,3.0,2.0,H,20.0,9.0,15.0,6.0,1.18,6.78,15.6,1.21,7.55,19.38
2012-08-19,2012,Wigan,Chelsea,0.0,2.0,A,12.0,5.0,4.0,3.0,6.09,3.84,1.58,6.75,4.0,1.67
2012-08-20,2012,Everton,Man United,1.0,0.0,H,16.0,12.0,7.0,7.0,4.18,3.47,1.88,4.45,3.71,1.91
2012-08-22,2012,Chelsea,Reading,4.0,2.0,H,23.0,7.0,11.0,5.0,1.25,5.56,11.84,1.29,6.2,14.0
2012-08-25,2012,Aston Villa,Everton,1.0,3.0,A,7.0,19.0,3.0,11.0,2.93,3.29,2.42,3.25,3.4,2.6
2012-08-25,2012,Chelsea,Newcastle,2.0,0.0,H,11.0,11.0,6.0,5.0,1.5,4.16,6.55,1.53,4.55,7.0
2012-08-25,2012,Man United,Fulham,3.0,2.0,H,20.0,14.0,11.0,11.0,1.3,5.17,10.39,1.33,5.52,12.0
2012-08-25,2012,Norwich,QPR,1.0,1.0,D,13.0,6.0,4.0,4.0,2.29,3.33,3.11,2.38,3.52,3.25
2012-08-25,2012,Southampton,Wigan,0.0,2.0,A,14.0,12.0,9.0,8.0,2.12,3.36,3.46,2.2,3.53,3.65
2012-08-25,2012,Swansea,West Ham,3.0,0.0,H,10.0,7.0,7.0,6.0,2.09,3.31,3.6,2.15,3.47,3.85
2012-08-25,2012,Tottenham,West Brom,1.0,1.0,D,18.0,10.0,10.0,5.0,1.5,4.13,6.67,1.54,4.53,7.5
2012-08-26,2012,Liverpool,Man City,2.0,2.0,D,15.0,11.0,8.0,5.0,2.98,3.33,2.36,3.15,3.45,2.48
2012-08-26,2012,Stoke,Arsenal,0.0,0.0,D,7.0,16.0,4.0,6.0,3.44,3.32,2.14,3.65,3.44,2.24
2012-09-01,2012,Man City,QPR,3.0,1.0,H,19.0,9.0,12.0,5.0,1.2,6.75,13.62,1.22,7.7,18.0
2012-09-01,2012,Swansea,Sunderland,2.0,2.0,D,14.0,4.0,10.0,3.0,2.17,3.31,3.38,2.25,3.47,3.67
2012-09-01,2012,Tottenham,Norwich,1.0,1.0,D,15.0,10.0,9.0,4.0,1.37,4.85,8.33,1.4,5.35,9.25
2012-09-01,2012,West Brom,Everton,2.0,0.0,H,14.0,12.0,8.0,5.0,2.89,3.29,2.45,3.12,3.4,2.55
2012-09-01,2012,West Ham,Fulham,3.0,0.0,H,17.0,14.0,12.0,13.0,2.49,3.34,2.8,2.63,3.46,3.01
2012-09-01,2012,Wigan,Stoke,2.0,2.0,D,9.0,16.0,5.0,8.0,2.24,3.25,3.3,2.3,3.4,3.57
2012-09-02,2012,Liverpool,Arsenal,0.0,2.0,A,17.0,11.0,8.0,7.0,2.06,3.38,3.63,2.11,3.54,4.0
2012-09-02,2012,Newcastle,Aston Villa,1.0,1.0,D,16.0,13.0,6.0,9.0,1.62,3.8,5.63,1.67,4.08,6.21
2012-09-02,2012,Southampton,Man United,2.0,3.0,A,15.0,18.0,8.0,9.0,6.07,4.11,1.54,6.6,4.48,1.6
2012-09-15,2012,Arsenal,Southampton,6.0,1.0,H,20.0,9.0,12.0,4.0,1.35,4.86,8.96,1.4,5.4,10.0
2012-09-15,2012,Aston Villa,Swansea,2.0,0.0,H,17.0,10.0,13.0,5.0,2.34,3.27,3.08,2.5,3.37,3.33
2012-09-15,2012,Fulham,West Brom,3.0,0.0,H,23.0,10.0,14.0,8.0,2.05,3.32,3.72,2.15,3.5,4.0
2012-09-15,2012,Man United,Wigan,4.0,0.0,H,17.0,8.0,10.0,4.0,1.25,5.68,12.01,1.3,6.25,15.0
2012-09-15,2012,Norwich,West Ham,0.0,0.0,D,20.0,9.0,14.0,4.0,2.36,3.29,3.02,2.5,3.5,3.2
2012-09-15,2012,QPR,Chelsea,0.0,0.0,D,10.0,13.0,6.0,9.0,4.48,3.49,1.83,5.0,3.75,1.91
2012-09-15,2012,Stoke,Man City,1.0,1.0,D,4.0,15.0,3.0,11.0,5.11,3.56,1.72,5.5,3.82,1.76
2012-09-15,2012,Sunderland,Liverpool,1.0,1.0,D,6.0,20.0,4.0,9.0,3.3,3.33,2.2,3.6,3.53,2.3
2012-09-16,2012,Reading,Tottenham,1.0,3.0,A,4.0,22.0,2.0,11.0,3.68,3.4,2.04,3.87,3.66,2.1
2012-09-17,2012,Everton,Newcastle,2.0,2.0,D,17.0,11.0,10.0,7.0,1.78,3.5,4.68,1.85,3.82,5.2
2012-09-22,2012,Chelsea,Stoke,1.0,0.0,H,17.0,13.0,9.0,6.0,1.36,4.71,9.13,1.4,5.1,10.5
2012-09-22,2012,Southampton,Aston Villa,4.0,1.0,H,12.0,8.0,4.0,2.0,2.42,3.3,2.92,2.55,3.45,3.2
2012-09-22,2012,Swansea,Everton,0.0,3.0,A,18.0,30.0,11.0,19.0,2.98,3.29,2.39,3.25,3.4,2.5
2012-09-22,2012,West Brom,Reading,1.0,0.0,H,9.0,8.0,4.0,1.0,1.8,3.55,4.54,1.85,3.83,4.85
2012-09-22,2012,West Ham,Sunderland,1.0,1.0,D,20.0,4.0,11.0,2.0,2.17,3.29,3.39,2.25,3.4,3.68
2012-09-22,2012,Wigan,Fulham,1.0,2.0,A,18.0,12.0,9.0,9.0,2.39,3.29,2.97,2.5,3.4,3.25
2012-09-23,2012,Liverpool,Man United,1.0,2.0,A,13.0,8.0,8.0,4.0,2.69,3.26,2.63,2.88,3.4,2.8
2012-09-23,2012,Man City,Arsenal,1.0,1.0,D,14.0,10.0,10.0,4.0,1.75,3.68,4.7,1.8,4.0,5.0
2012-09-23,2012,Newcastle,Norwich,1.0,0.0,H,16.0,8.0,8.0,3.0,1.76,3.61,4.67,1.85,4.0,5.0
2012-09-23,2012,Tottenham,QPR,2.0,1.0,H,18.0,9.0,14.0,6.0,1.48,4.16,7.02,1.53,4.52,7.8
2012-09-29,2012,Arsenal,Chelsea,1.0,2.0,A,14.0,10.0,5.0,5.0,2.17,3.35,3.34,2.25,3.53,3.6
2012-09-29,2012,Everton,Southampton,3.0,1.0,H,17.0,8.0,9.0,2.0,1.41,4.55,7.74,1.45,5.01,9.0
2012-09-29,2012,Fulham,Man City,1.0,2.0,A,7.0,21.0,3.0,12.0,4.34,3.54,1.83,4.65,3.75,1.91
2012-09-29,2012,Man United,Tottenham,2.0,3.0,A,15.0,10.0,8.0,6.0,1.57,3.97,5.93,1.62,4.34,6.5
2012-09-29,2012,Norwich,Liverpool,2.0,5.0,A,10.0,10.0,7.0,6.0,4.61,3.63,1.77,5.0,3.88,1.85
2012-09-29,2012,Reading,Newcastle,2.0,2.0,D,14.0,8.0,7.0,3.0,2.89,3.29,2.44,3.07,3.41,2.55
2012-09-29,2012,Stoke,Swansea,2.0,0.0,H,10.0,8.0,5.0,0.0,1.9,3.4,4.22,1.95,3.6,4.65
2012-09-29,2012,Sunderland,Wigan,1.0,0.0,H,11.0,8.0,6.0,3.0,2.0,3.37,3.84,2.1,3.5,4.15
2012-09-30,2012,Aston Villa,West Brom,1.0,1.0,D,19.0,14.0,8.0,7.0,2.42,3.27,2.96,2.6,3.4,3.25
2012-10-01,2012,QPR,West Ham,1.0,2.0,A,13.0,17.0,9.0,10.0,2.08,3.33,3.59,2.2,3.5,3.75
2012-10-06,2012,Chelsea,Norwich,4.0,1.0,H,20.0,7.0,13.0,4.0,1.22,6.12,13.15,1.25,7.1,15.9
2012-10-06,2012,Man City,Sunderland,3.0,0.0,H,26.0,8.0,16.0,6.0,1.27,5.49,11.77,1.31,6.2,14.0
2012-10-06,2012,Swansea,Reading,2.0,2.0,D,25.0,8.0,16.0,6.0,1.95,3.43,3.95,2.05,3.61,4.25
2012-10-06,2012,West Brom,QPR,3.0,2.0,H,13.0,13.0,8.0,6.0,1.85,3.57,4.2,1.91,3.8,4.5
2012-10-06,2012,West Ham,Arsenal,1.0,3.0,A,7.0,20.0,3.0,14.0,3.77,3.44,2.0,4.2,3.65,2.08
2012-10-06,2012,Wigan,Everton,2.0,2.0,D,10.0,16.0,6.0,11.0,3.91,3.4,1.97,4.29,3.64,2.05
2012-10-07,2012,Liverpool,Stoke,0.0,0.0,D,16.0,5.0,5.0,3.0,1.48,4.15,7.19,1.53,4.48,8.3
2012-10-07,2012,Newcastle,Man United,0.0,3.0,A,13.0,12.0,3.0,9.0,3.97,3.59,1.9,4.33,3.88,1.95
2012-10-07,2012,Southampton,Fulham,2.0,2.0,D,13.0,14.0,6.0,5.0,2.66,3.34,2.61,2.8,3.45,2.75
2012-10-07,2012,Tottenham,Aston Villa,2.0,0.0,H,23.0,8.0,10.0,5.0,1.45,4.28,7.4,1.5,4.71,8.5
2012-10-20,2012,Fulham,Aston Villa,1.0,0.0,H,17.0,9.0,8.0,4.0,1.81,3.53,4.49,1.87,3.81,4.76
2012-10-20,2012,Liverpool,Reading,1.0,0.0,H,23.0,8.0,13.0,5.0,1.35,4.92,9.02,1.4,5.4,10.0
2012-10-20,2012,Man United,Stoke,4.0,2.0,H,13.0,8.0,8.0,6.0,1.29,5.35,10.92,1.33,5.8,13.0
2012-10-20,2012,Norwich,Arsenal,1.0,0.0,H,7.0,13.0,3.0,7.0,5.96,4.14,1.54,6.5,4.55,1.6
2012-10-20,2012,Swansea,Wigan,2.0,1.0,H,18.0,10.0,11.0,7.0,2.05,3.39,3.64,2.15,3.58,3.85
2012-10-20,2012,Tottenham,Chelsea,2.0,4.0,A,23.0,11.0,16.0,7.0,2.54,3.3,2.76,2.7,3.4,2.94
2012-10-20,2012,West Brom,Man City,1.0,2.0,A,16.0,21.0,8.0,13.0,4.99,3.68,1.71,5.52,3.96,1.75
2012-10-20,2012,West Ham,Southampton,4.0,1.0,H,9.0,11.0,8.0,4.0,1.85,3.61,4.18,1.91,3.85,4.51
2012-10-21,2012,QPR,Everton,1.0,1.0,D,14.0,10.0,6.0,4.0,3.27,3.37,2.2,3.6,3.55,2.3
2012-10-21,2012,Sunderland,Newcastle,1.0,1.0,D,16.0,10.0,6.0,7.0,2.5,3.26,2.86,2.62,3.35,3.06
2012-10-27,2012,Arsenal,QPR,1.0,0.0,H,21.0,4.0,11.0,3.0,1.37,4.82,8.38,1.42,5.25,9.2
2012-10-27,2012,Aston Villa,Norwich,1.0,1.0,D,7.0,14.0,5.0,6.0,1.96,3.41,3.93,2.02,3.75,4.11
2012-10-27,2012,Man City,Swansea,1.0,0.0,H,10.0,9.0,5.0,5.0,1.23,6.09,12.79,1.25,6.9,15.0
2012-10-27,2012,Reading,Fulham,3.0,3.0,D,15.0,16.0,9.0,8.0,2.79,3.34,2.5,2.9,3.53,2.62
2012-10-27,2012,Stoke,Sunderland,0.0,0.0,D,11.0,6.0,6.0,3.0,1.96,3.32,4.07,2.1,3.4,4.63
2012-10-27,2012,Wigan,West Ham,2.0,1.0,H,17.0,15.0,13.0,11.0,2.25,3.35,3.19,2.31,3.55,3.38
2012-10-28,2012,Chelsea,Man United,2.0,3.0,A,14.0,15.0,11.0,7.0,2.4,3.32,2.95,2.5,3.5,3.1
2012-10-28,2012,Everton,Liverpool,2.0,2.0,D,17.0,12.0,8.0,5.0,2.61,3.24,2.74,2.7,3.37,2.9
2012-10-28,2012,Newcastle,West Brom,2.0,1.0,H,10.0,8.0,6.0,4.0,1.98,3.42,3.84,2.05,3.68,4.05
2012-10-28,2012,Southampton,Tottenham,1.0,2.0,A,11.0,11.0,6.0,4.0,4.23,3.66,1.83,4.5,4.03,1.9
2012-11-03,2012,Fulham,Everton,2.0,2.0,D,8.0,26.0,5.0,15.0,2.68,3.33,2.6,2.82,3.5,2.7
2012-11-03,2012,Man United,Arsenal,2.0,1.0,H,11.0,7.0,7.0,3.0,1.69,3.86,4.9,1.74,4.1,5.2
2012-11-03,2012,Norwich,Stoke,1.0,0.0,H,12.0,8.0,8.0,3.0,2.61,3.24,2.74,2.7,3.36,2.91
2012-11-03,2012,Sunderland,Aston Villa,0.0,1.0,A,11.0,9.0,1.0,6.0,2.08,3.28,3.68,2.16,3.41,4.0
2012-11-03,2012,Swansea,Chelsea,1.0,1.0,D,9.0,11.0,7.0,7.0,4.45,3.64,1.8,5.0,3.8,1.88
2012-11-03,2012,Tottenham,Wigan,0.0,1.0,A,13.0,7.0,10.0,4.0,1.47,4.31,6.96,1.52,4.56,7.6
2012-11-03,2012,West Ham,Man City,0.0,0.0,D,6.0,18.0,1.0,8.0,4.98,3.76,1.7,5.3,4.0,1.75
2012-11-04,2012,Liverpool,Newcastle,1.0,1.0,D,20.0,10.0,12.0,3.0,1.55,4.05,6.11,1.62,4.39,6.89
2012-11-04,2012,QPR,Reading,1.0,1.0,D,23.0,18.0,12.0,8.0,1.82,3.61,4.3,1.95,3.86,4.68
2012-11-05,2012,West Brom,Southampton,2.0,0.0,H,16.0,9.0,6.0,5.0,1.72,3.7,4.8,1.76,4.07,5.1
2012-11-10,2012,Arsenal,Fulham,3.0,3.0,D,15.0,9.0,9.0,5.0,1.53,4.06,6.24,1.57,4.45,7.0
2012-11-10,2012,Aston Villa,Man United,2.0,3.0,A,10.0,16.0,7.0,7.0,6.54,4.25,1.49,7.2,4.75,1.53
2012-11-10,2012,Everton,Sunderland,2.0,1.0,H,16.0,6.0,10.0,4.0,1.46,4.15,7.36,1.55,4.5,8.4
2012-11-10,2012,Reading,Norwich,0.0,0.0,D,7.0,10.0,3.0,3.0,2.23,3.35,3.21,2.32,3.59,3.35
2012-11-10,2012,Southampton,Swansea,1.0,1.0,D,11.0,5.0,5.0,3.0,2.39,3.43,2.87,2.5,3.64,3.05
2012-11-10,2012,Stoke,QPR,1.0,0.0,H,10.0,17.0,5.0,8.0,1.9,3.4,4.18,2.0,3.55,4.55
2012-11-10,2012,Wigan,West Brom,1.0,2.0,A,14.0,7.0,6.0,4.0,2.31,3.35,3.07,2.4,3.5,3.35
2012-11-11,2012,Chelsea,Liverpool,1.0,1.0,D,12.0,9.0,3.0,5.0,1.94,3.5,3.85,2.01,3.77,4.05
2012-11-11,2012,Man City,Tottenham,2.0,1.0,H,16.0,6.0,8.0,2.0,1.58,3.99,5.7,1.62,4.4,6.2
2012-11-11,2012,Newcastle,West Ham,0.0,1.0,A,14.0,10.0,9.0,5.0,1.99,3.4,3.81,2.05,3.66,4.05
2012-11-17,2012,Arsenal,Tottenham,5.0,2.0,H,13.0,6.0,10.0,4.0,1.94,3.62,3.79,2.0,3.8,4.14
2012-11-17,2012,Liverpool,Wigan,3.0,0.0,H,22.0,9.0,11.0,3.0,1.46,4.33,6.95,1.5,4.75,8.0
2012-11-17,2012,Man City,Aston Villa,5.0,0.0,H,21.0,10.0,8.0,8.0,1.21,6.51,12.96,1.23,7.5,15.92
2012-11-17,2012,Newcastle,Swansea,1.0,2.0,A,27.0,15.0,10.0,9.0,1.93,3.48,4.0,2.0,3.65,4.33
2012-11-17,2012,Norwich,Man United,1.0,0.0,H,10.0,12.0,5.0,9.0,6.96,4.41,1.45,8.0,4.95,1.49
2012-11-17,2012,QPR,Southampton,1.0,3.0,A,13.0,21.0,7.0,15.0,1.93,3.53,3.93,2.0,3.7,4.2
2012-11-17,2012,Reading,Everton,2.0,1.0,H,12.0,21.0,4.0,11.0,4.27,3.64,1.83,4.6,3.95,1.9
2012-11-17,2012,West Brom,Chelsea,2.0,1.0,H,8.0,19.0,6.0,12.0,3.78,3.52,1.97,4.0,3.81,2.04
2012-11-18,2012,Fulham,Sunderland,1.0,3.0,A,18.0,12.0,13.0,9.0,1.71,3.68,4.95,1.75,3.91,5.51
2012-11-19,2012,West Ham,Stoke,1.0,1.0,D,16.0,12.0,11.0,6.0,2.03,3.34,3.74,2.1,3.45,4.08
2012-11-24,2012,Aston Villa,Arsenal,0.0,0.0,D,10.0,13.0,8.0,6.0,4.86,3.75,1.71,5.41,4.09,1.75
2012-11-24,2012,Everton,Norwich,1.0,1.0,D,14.0,8.0,9.0,4.0,1.48,4.18,6.92,1.54,4.61,7.3
2012-11-24,2012,Man United,QPR,3.0,1.0,H,15.0,10.0,10.0,6.0,1.18,7.25,14.75,1.2,8.2,18.25
2012-11-24,2012,Stoke,Fulham,1.0,0.0,H,12.0,8.0,3.0,5.0,2.14,3.32,3.45,2.25,3.46,3.75
2012-11-24,2012,Sunderland,West Brom,2.0,4.0,A,19.0,11.0,12.0,6.0,2.43,3.3,2.91,2.52,3.4,3.1
2012-11-24,2012,Wigan,Reading,3.0,2.0,H,19.0,16.0,11.0,10.0,1.89,3.54,4.08,1.95,3.75,4.48
2012-11-25,2012,Chelsea,Man City,0.0,0.0,D,5.0,11.0,1.0,7.0,2.54,3.38,2.72,2.62,3.6,2.83
2012-11-25,2012,Southampton,Newcastle,2.0,0.0,H,17.0,8.0,10.0,3.0,2.3,3.44,3.02,2.5,3.62,3.23
2012-11-25,2012,Swansea,Liverpool,0.0,0.0,D,17.0,21.0,8.0,14.0,3.43,3.43,2.11,3.64,3.71,2.15
2012-11-25,2012,Tottenham,West Ham,3.0,1.0,H,25.0,10.0,13.0,6.0,1.65,3.76,5.47,1.7,4.14,6.0
2012-11-27,2012,Aston Villa,Reading,1.0,0.0,H,15.0,11.0,7.0,6.0,1.96,3.47,3.89,2.0,3.67,4.15
2012-11-27,2012,Sunderland,QPR,0.0,0.0,D,13.0,13.0,8.0,9.0,2.22,3.31,3.31,2.28,3.45,3.6
2012-11-28,2012,Chelsea,Fulham,0.0,0.0,D,17.0,8.0,13.0,7.0,1.45,4.37,7.03,1.5,4.82,8.0
2012-11-28,2012,Everton,Arsenal,1.0,1.0,D,14.0,12.0,10.0,9.0,2.45,3.37,2.83,2.5,3.6,3.04
2012-11-28,2012,Man United,West Ham,1.0,0.0,H,23.0,9.0,13.0,3.0,1.24,6.1,11.7,1.26,7.0,15.0
2012-11-28,2012,Southampton,Norwich,1.0,1.0,D,8.0,9.0,2.0,5.0,2.07,3.44,3.51,2.15,3.74,3.8
2012-11-28,2012,Stoke,Newcastle,2.0,1.0,H,11.0,7.0,5.0,6.0,1.96,3.36,3.99,2.0,3.55,4.43
2012-11-28,2012,Swansea,West Brom,3.0,1.0,H,13.0,6.0,8.0,2.0,2.31,3.38,3.04,2.4,3.58,3.26
2012-11-28,2012,Tottenham,Liverpool,2.0,1.0,H,14.0,14.0,7.0,9.0,2.38,3.38,2.93,2.5,3.51,3.2
2012-11-28,2012,Wigan,Man City,0.0,2.0,A,9.0,15.0,4.0,6.0,6.12,4.17,1.52,6.8,4.57,1.6
2012-12-01,2012,Arsenal,Swansea,0.0,2.0,A,10.0,12.0,8.0,10.0,1.46,4.25,7.05,1.5,4.75,8.0
2012-12-01,2012,Fulham,Tottenham,0.0,3.0,A,8.0,10.0,2.0,6.0,2.88,3.34,2.41,3.05,3.5,2.5
2012-12-01,2012,Liverpool,Southampton,1.0,0.0,H,24.0,8.0,11.0,4.0,1.4,4.59,7.86,1.44,5.11,9.0
2012-12-01,2012,Man City,Everton,1.0,1.0,D,9.0,8.0,6.0,5.0,1.53,4.06,6.31,1.55,4.46,7.0
2012-12-01,2012,QPR,Aston Villa,1.0,1.0,D,17.0,7.0,12.0,3.0,1.98,3.4,3.8,2.05,3.6,4.19
2012-12-01,2012,Reading,Man United,3.0,4.0,A,10.0,10.0,7.0,5.0,7.46,4.49,1.42,8.5,5.0,1.47
2012-12-01,2012,West Brom,Stoke,0.0,1.0,A,14.0,6.0,11.0,4.0,2.06,3.31,3.64,2.14,3.45,3.9
2012-12-01,2012,West Ham,Chelsea,3.0,1.0,H,16.0,16.0,13.0,9.0,3.92,3.38,1.96,4.3,3.6,2.04
2012-12-02,2012,Norwich,Sunderland,2.0,1.0,H,7.0,16.0,5.0,6.0,2.09,3.31,3.57,2.2,3.45,3.98
2012-12-03,2012,Newcastle,Wigan,3.0,0.0,H,16.0,9.0,8.0,4.0,1.99,3.37,3.8,2.09,3.5,4.0
2012-12-08,2012,Arsenal,West Brom,2.0,0.0,H,16.0,7.0,7.0,2.0,1.51,4.2,6.45,1.57,4.5,7.0
2012-12-08,2012,Aston Villa,Stoke,0.0,0.0,D,9.0,1.0,5.0,0.0,2.45,3.19,2.97,2.6,3.3,3.26
2012-12-08,2012,Southampton,Reading,1.0,0.0,H,18.0,6.0,9.0,2.0,1.91,3.56,3.94,2.0,3.78,4.25
2012-12-08,2012,Sunderland,Chelsea,1.0,3.0,A,14.0,11.0,10.0,5.0,4.59,3.6,1.78,5.1,3.9,1.83
2012-12-08,2012,Swansea,Norwich,3.0,4.0,A,21.0,10.0,10.0,8.0,1.82,3.59,4.34,1.86,3.75,4.85
2012-12-08,2012,Wigan,QPR,2.0,2.0,D,14.0,8.0,9.0,4.0,2.35,3.37,2.98,2.45,3.55,3.15
2012-12-09,2012,Everton,Tottenham,2.0,1.0,H,17.0,8.0,11.0,6.0,1.99,3.45,3.74,2.1,3.66,4.16
2012-12-09,2012,Man City,Man United,2.0,3.0,A,16.0,8.0,11.0,3.0,2.22,3.41,3.19,2.3,3.61,3.4
2012-12-09,2012,West Ham,Liverpool,2.0,3.0,A,9.0,16.0,6.0,8.0,2.96,3.23,2.43,3.23,3.35,2.55
2012-12-10,2012,Fulham,Newcastle,2.0,1.0,H,16.0,20.0,7.0,13.0,1.92,3.54,3.92,1.98,3.75,4.25
2012-12-11,2012,Sunderland,Reading,3.0,0.0,H,16.0,12.0,11.0,5.0,1.99,3.39,3.89,2.08,3.57,4.1
2012-12-15,2012,Liverpool,Aston Villa,1.0,3.0,A,26.0,9.0,17.0,6.0,1.37,4.61,9.04,1.4,5.13,10.05
2012-12-15,2012,Man United,Sunderland,3.0,1.0,H,15.0,13.0,6.0,10.0,1.2,6.57,14.16,1.22,7.53,17.0
2012-12-15,2012,Newcastle,Man City,1.0,3.0,A,17.0,16.0,8.0,10.0,5.18,3.83,1.66,5.8,4.1,1.73
2012-12-15,2012,Norwich,Wigan,2.0,1.0,H,16.0,12.0,10.0,6.0,2.18,3.39,3.28,2.25,3.55,3.54
2012-12-15,2012,QPR,Fulham,2.0,1.0,H,19.0,6.0,9.0,3.0,2.38,3.39,2.91,2.5,3.56,3.1
2012-12-15,2012,Stoke,Everton,1.0,1.0,D,14.0,9.0,8.0,5.0,3.0,3.2,2.42,3.29,3.3,2.55
2012-12-16,2012,Tottenham,Swansea,1.0,0.0,H,24.0,4.0,16.0,0.0,1.62,3.91,5.42,1.67,4.16,6.1
2012-12-16,2012,West Brom,West Ham,0.0,0.0,D,19.0,10.0,10.0,2.0,2.0,3.41,3.76,2.05,3.65,4.02
2012-12-17,2012,Reading,Arsenal,2.0,5.0,A,7.0,25.0,5.0,17.0,5.07,3.86,1.65,5.6,4.15,1.7
2012-12-22,2012,Liverpool,Fulham,4.0,0.0,H,22.0,7.0,12.0,6.0,1.53,4.0,6.37,1.57,4.36,7.38
2012-12-22,2012,Man City,Reading,1.0,0.0,H,17.0,6.0,10.0,1.0,1.14,8.28,16.79,1.17,10.0,26.0
2012-12-22,2012,Newcastle,QPR,1.0,0.0,H,18.0,5.0,8.0,4.0,2.07,3.36,3.57,2.15,3.55,3.91
2012-12-22,2012,Southampton,Sunderland,0.0,1.0,A,13.0,10.0,7.0,6.0,2.04,3.4,3.6,2.11,3.6,3.85
2012-12-22,2012,Tottenham,Stoke,0.0,0.0,D,21.0,4.0,14.0,2.0,1.61,3.72,5.89,1.67,3.95,6.8
2012-12-22,2012,West Brom,Norwich,2.0,1.0,H,12.0,10.0,8.0,4.0,1.95,3.43,3.87,2.05,3.6,4.25
2012-12-22,2012,West Ham,Everton,1.0,2.0,A,6.0,15.0,5.0,8.0,2.89,3.24,2.46,3.14,3.4,2.56
2012-12-22,2012,Wigan,Arsenal,0.0,1.0,A,13.0,10.0,5.0,8.0,4.63,3.71,1.73,5.1,4.14,1.8
2012-12-23,2012,Chelsea,Aston Villa,8.0,0.0,H,24.0,7.0,18.0,4.0,1.33,5.1,8.97,1.36,5.7,10.36
2012-12-23,2012,Swansea,Man United,1.0,1.0,D,14.0,19.0,10.0,16.0,5.2,3.81,1.65,5.7,4.2,1.7
2012-12-26,2012,Aston Villa,Tottenham,0.0,4.0,A,4.0,20.0,1.0,16.0,3.72,3.44,2.01,4.01,3.63,2.1
2012-12-26,2012,Everton,Wigan,2.0,1.0,H,17.0,10.0,9.0,6.0,1.47,4.28,6.95,1.53,4.6,8.1
2012-12-26,2012,Fulham,Southampton,1.0,1.0,D,10.0,7.0,2.0,3.0,1.9,3.56,4.02,2.02,3.8,4.33
2012-12-26,2012,Man United,Newcastle,4.0,3.0,H,16.0,16.0,10.0,11.0,1.24,6.13,11.58,1.27,6.8,14.0
2012-12-26,2012,Norwich,Chelsea,0.0,1.0,A,8.0,20.0,4.0,11.0,5.73,3.9,1.6,6.6,4.15,1.63
2012-12-26,2012,QPR,West Brom,1.0,2.0,A,18.0,12.0,8.0,6.0,2.25,3.35,3.19,2.36,3.5,3.4
2012-12-26,2012,Reading,Swansea,0.0,0.0,D,3.0,10.0,2.0,4.0,2.88,3.36,2.42,3.1,3.55,2.5
2012-12-26,2012,Stoke,Liverpool,3.0,1.0,H,7.0,12.0,6.0,6.0,3.34,3.19,2.26,3.6,3.3,2.4
2012-12-26,2012,Sunderland,Man City,1.0,0.0,H,12.0,19.0,6.0,12.0,6.64,3.99,1.52,7.5,4.45,1.57
2012-12-29,2012,Arsenal,Newcastle,7.0,3.0,H,16.0,10.0,12.0,8.0,1.42,4.49,7.57,1.5,4.85,8.45
2012-12-29,2012,Aston Villa,Wigan,0.0,3.0,A,11.0,9.0,4.0,6.0,2.37,3.24,3.07,2.47,3.37,3.25
2012-12-29,2012,Fulham,Swansea,1.0,2.0,A,22.0,10.0,13.0,9.0,2.09,3.37,3.53,2.2,3.62,3.75
2012-12-29,2012,Man United,West Brom,2.0,0.0,H,17.0,13.0,14.0,9.0,1.29,5.49,9.97,1.34,6.0,11.0
2012-12-29,2012,Norwich,Man City,3.0,4.0,A,13.0,13.0,8.0,9.0,6.09,4.06,1.55,6.6,4.36,1.6
2012-12-29,2012,Reading,West Ham,1.0,0.0,H,3.0,11.0,2.0,3.0,2.77,3.3,2.54,2.95,3.56,2.63
2012-12-29,2012,Stoke,Southampton,3.0,3.0,D,10.0,8.0,8.0,7.0,1.83,3.43,4.58,1.9,3.6,5.0
2012-12-29,2012,Sunderland,Tottenham,1.0,2.0,A,9.0,18.0,6.0,14.0,3.62,3.36,2.07,3.9,3.55,2.15
2012-12-30,2012,Everton,Chelsea,1.0,2.0,A,12.0,15.0,6.0,10.0,2.86,3.29,2.48,3.0,3.4,2.61
2012-12-30,2012,QPR,Liverpool,0.0,3.0,A,14.0,16.0,7.0,11.0,4.0,3.47,1.92,4.25,3.78,1.96
2013-01-01,2012,Man City,Stoke,3.0,0.0,H,17.0,4.0,9.0,3.0,1.29,5.38,10.96,1.33,5.82,13.0
2013-01-01,2012,Southampton,Arsenal,1.0,1.0,D,9.0,6.0,6.0,4.0,4.85,3.82,1.7,5.2,4.05,1.73
2013-01-01,2012,Swansea,Aston Villa,2.0,2.0,D,23.0,8.0,13.0,6.0,1.59,3.95,5.77,1.62,4.17,6.3
2013-01-01,2012,Tottenham,Reading,3.0,1.0,H,30.0,7.0,20.0,4.0,1.34,4.94,9.49,1.36,5.41,10.92
2013-01-01,2012,West Brom,Fulham,1.0,2.0,A,17.0,10.0,10.0,5.0,2.0,3.48,3.73,2.02,3.65,4.01
2013-01-01,2012,West Ham,Norwich,2.0,1.0,H,14.0,9.0,8.0,3.0,2.09,3.39,3.51,2.2,3.55,3.89
2013-01-01,2012,Wigan,Man United,0.0,4.0,A,7.0,14.0,3.0,9.0,5.96,4.08,1.55,6.8,4.35,1.6
2013-01-02,2012,Chelsea,QPR,0.0,1.0,A,23.0,8.0,11.0,5.0,1.21,6.44,13.66,1.22,7.2,17.1
2013-01-02,2012,Liverpool,Sunderland,3.0,0.0,H,27.0,6.0,16.0,5.0,1.38,4.63,8.51,1.45,5.05,10.25
2013-01-02,2012,Newcastle,Everton,1.0,2.0,A,14.0,7.0,11.0,6.0,3.01,3.38,2.33,3.35,3.5,2.45
2013-01-12,2012,Aston Villa,Southampton,0.0,1.0,A,16.0,11.0,10.0,4.0,2.45,3.37,2.84,2.6,3.48,3.05
2013-01-12,2012,Everton,Swansea,0.0,0.0,D,16.0,4.0,8.0,2.0,1.56,4.05,5.84,1.62,4.41,6.77
2013-01-12,2012,Fulham,Wigan,1.0,1.0,D,14.0,15.0,5.0,6.0,1.97,3.47,3.83,2.08,3.6,4.1
2013-01-12,2012,Norwich,Newcastle,0.0,0.0,D,12.0,9.0,3.0,4.0,2.18,3.39,3.3,2.25,3.6,3.45
2013-01-12,2012,QPR,Tottenham,0.0,0.0,D,4.0,16.0,1.0,8.0,4.27,3.64,1.83,4.65,3.92,1.9
2013-01-12,2012,Reading,West Brom,3.0,2.0,H,7.0,11.0,7.0,6.0,2.86,3.34,2.45,3.05,3.46,2.6
2013-01-12,2012,Stoke,Chelsea,0.0,4.0,A,11.0,11.0,5.0,9.0,4.04,3.4,1.94,4.4,3.55,2.0
2013-01-12,2012,Sunderland,West Ham,3.0,0.0,H,18.0,9.0,14.0,4.0,2.31,3.25,3.17,2.41,3.4,3.34
2013-01-13,2012,Arsenal,Man City,0.0,2.0,A,9.0,16.0,4.0,9.0,2.59,3.37,2.69,2.75,3.5,2.83
2013-01-13,2012,Man United,Liverpool,2.0,1.0,H,15.0,12.0,10.0,5.0,1.87,3.64,4.06,1.95,3.8,4.5
2013-01-16,2012,Chelsea,Southampton,2.0,2.0,D,19.0,7.0,10.0,3.0,1.23,6.15,12.61,1.26,7.0,15.0
2013-01-19,2012,Liverpool,Norwich,5.0,0.0,H,17.0,5.0,10.0,3.0,1.31,5.25,9.66,1.36,5.75,11.0
2013-01-19,2012,Man City,Fulham,2.0,0.0,H,20.0,3.0,11.0,0.0,1.24,5.96,12.12,1.29,6.66,14.0
2013-01-19,2012,Newcastle,Reading,1.0,2.0,A,15.0,6.0,10.0,2.0,1.74,3.72,4.7,1.8,4.0,5.1
2013-01-19,2012,Swansea,Stoke,3.0,1.0,H,12.0,7.0,6.0,2.0,2.17,3.27,3.46,2.25,3.4,3.8
2013-01-19,2012,West Brom,Aston Villa,2.0,2.0,D,25.0,11.0,9.0,7.0,1.73,3.67,4.84,1.8,4.0,5.3
2013-01-19,2012,West Ham,QPR,1.0,1.0,D,22.0,9.0,13.0,6.0,2.05,3.36,3.69,2.1,3.62,3.95
2013-01-19,2012,Wigan,Sunderland,2.0,3.0,A,20.0,10.0,11.0,5.0,2.11,3.34,3.53,2.16,3.52,3.85
2013-01-20,2012,Chelsea,Arsenal,2.0,1.0,H,13.0,12.0,8.0,8.0,1.9,3.58,3.99,1.98,3.8,4.33
2013-01-20,2012,Tottenham,Man United,1.0,1.0,D,23.0,6.0,18.0,4.0,2.86,3.41,2.42,3.1,3.65,2.55
2013-01-21,2012,Southampton,Everton,0.0,0.0,D,14.0,10.0,11.0,7.0,3.7,3.42,2.02,4.11,3.6,2.1
2013-01-23,2012,Arsenal,West Ham,5.0,1.0,H,23.0,7.0,17.0,5.0,1.44,4.38,7.34,1.48,4.8,8.0
2013-01-29,2012,Aston Villa,Newcastle,1.0,2.0,A,10.0,10.0,4.0,7.0,2.75,3.3,2.6,2.9,3.41,2.75
2013-01-29,2012,QPR,Man City,0.0,0.0,D,5.0,15.0,3.0,7.0,7.3,4.41,1.45,8.1,4.82,1.55
2013-01-29,2012,Stoke,Wigan,2.0,2.0,D,9.0,11.0,4.0,6.0,2.12,3.26,3.65,2.23,3.4,4.0
2013-01-29,2012,Sunderland,Swansea,0.0,0.0,D,4.0,18.0,2.0,8.0,2.45,3.26,2.96,2.6,3.4,3.1
2013-01-30,2012,Arsenal,Liverpool,2.0,2.0,D,14.0,10.0,6.0,5.0,2.33,3.36,3.02,2.41,3.57,3.25
2013-01-30,2012,Everton,West Brom,2.0,1.0,H,11.0,7.0,4.0,4.0,1.58,3.95,5.84,1.62,4.28,6.74
2013-01-30,2012,Fulham,West Ham,3.0,1.0,H,13.0,8.0,6.0,4.0,2.16,3.38,3.34,2.22,3.6,3.6
2013-01-30,2012,Man United,Southampton,2.0,1.0,H,11.0,21.0,7.0,10.0,1.22,6.41,12.12,1.25,7.1,15.0
2013-01-30,2012,Norwich,Tottenham,1.0,1.0,D,8.0,12.0,4.0,7.0,4.38,3.57,1.82,4.75,3.8,1.85
2013-01-30,2012,Reading,Chelsea,2.0,2.0,D,5.0,14.0,2.0,5.0,6.73,4.33,1.48,7.54,4.75,1.5
2013-02-02,2012,Arsenal,Stoke,1.0,0.0,H,15.0,6.0,9.0,2.0,1.4,4.45,8.43,1.45,4.87,9.91
2013-02-02,2012,Everton,Aston Villa,3.0,3.0,D,22.0,8.0,13.0,4.0,1.38,4.63,8.7,1.42,5.05,10.0
2013-02-02,2012,Fulham,Man United,0.0,1.0,A,15.0,13.0,8.0,8.0,5.52,3.99,1.6,6.25,4.35,1.65
2013-02-02,2012,Newcastle,Chelsea,3.0,2.0,H,19.0,12.0,13.0,6.0,3.79,3.37,2.02,4.25,3.6,2.14
2013-02-02,2012,QPR,Norwich,0.0,0.0,D,15.0,14.0,7.0,9.0,1.97,3.41,3.92,2.03,3.6,4.25
2013-02-02,2012,Reading,Sunderland,2.0,1.0,H,9.0,10.0,5.0,6.0,2.42,3.28,2.95,2.5,3.4,3.12
2013-02-02,2012,West Ham,Swansea,1.0,0.0,H,18.0,11.0,9.0,7.0,2.34,3.29,3.08,2.45,3.41,3.25
2013-02-02,2012,Wigan,Southampton,2.0,2.0,D,5.0,15.0,3.0,7.0,2.16,3.37,3.38,2.25,3.59,3.6
2013-02-03,2012,Man City,Liverpool,2.0,2.0,D,9.0,21.0,5.0,12.0,1.82,3.61,4.36,1.85,3.91,4.6
2013-02-03,2012,West Brom,Tottenham,0.0,1.0,A,4.0,21.0,3.0,13.0,3.47,3.35,2.13,3.7,3.51,2.2
2013-02-09,2012,Chelsea,Wigan,4.0,1.0,H,25.0,13.0,17.0,10.0,1.32,5.27,9.13,1.36,5.6,10.5
2013-02-09,2012,Norwich,Fulham,0.0,0.0,D,15.0,7.0,8.0,5.0,2.26,3.34,3.18,2.31,3.47,3.45
2013-02-09,2012,Southampton,Man City,3.0,1.0,H,13.0,7.0,7.0,4.0,5.43,3.94,1.62,6.0,4.2,1.67
2013-02-09,2012,Stoke,Reading,2.0,1.0,H,13.0,5.0,10.0,4.0,1.88,3.45,4.3,1.95,3.62,4.7
2013-02-09,2012,Sunderland,Arsenal,0.0,1.0,A,12.0,18.0,7.0,9.0,4.22,3.55,1.86,4.62,3.75,1.91
2013-02-09,2012,Swansea,QPR,4.0,1.0,H,13.0,14.0,12.0,8.0,1.82,3.52,4.51,1.91,3.75,5.04
2013-02-09,2012,Tottenham,Newcastle,2.0,1.0,H,16.0,9.0,9.0,7.0,1.65,3.87,5.24,1.7,4.19,5.7
2013-02-10,2012,Aston Villa,West Ham,2.0,1.0,H,7.0,13.0,2.0,7.0,2.56,3.29,2.76,2.7,3.45,2.9
2013-02-10,2012,Man United,Everton,2.0,0.0,H,10.0,9.0,6.0,8.0,1.72,3.82,4.69,1.8,4.0,5.1
2013-02-11,2012,Liverpool,West Brom,0.0,2.0,A,23.0,4.0,14.0,3.0,1.37,4.77,8.54,1.4,5.28,9.5
2013-02-17,2012,Liverpool,Swansea,5.0,0.0,H,33.0,4.0,18.0,3.0,1.55,4.14,5.84,1.6,4.47,6.5
2013-02-23,2012,Arsenal,Aston Villa,2.0,1.0,H,24.0,5.0,14.0,3.0,1.31,5.27,9.83,1.36,5.8,11.0
2013-02-23,2012,Fulham,Stoke,1.0,0.0,H,20.0,7.0,9.0,2.0,2.13,3.26,3.56,2.25,3.4,3.8
2013-02-23,2012,Norwich,Everton,2.0,1.0,H,10.0,11.0,9.0,5.0,3.62,3.35,2.08,3.9,3.5,2.15
2013-02-23,2012,QPR,Man United,0.0,2.0,A,12.0,13.0,5.0,8.0,6.47,4.03,1.53,7.0,4.4,1.59
2013-02-23,2012,Reading,Wigan,0.0,3.0,A,7.0,14.0,1.0,8.0,2.52,3.33,2.8,2.66,3.48,3.1
2013-02-23,2012,West Brom,Sunderland,2.0,1.0,H,17.0,10.0,7.0,6.0,2.0,3.41,3.8,2.05,3.56,4.3
2013-02-24,2012,Man City,Chelsea,2.0,0.0,H,15.0,4.0,11.0,1.0,1.92,3.54,3.98,2.0,3.82,4.33
2013-02-24,2012,Newcastle,Southampton,4.0,2.0,H,11.0,11.0,5.0,7.0,2.11,3.39,3.48,2.2,3.6,3.75
2013-02-25,2012,West Ham,Tottenham,2.0,3.0,A,8.0,25.0,6.0,16.0,3.39,3.34,2.16,3.65,3.5,2.22
2013-03-02,2012,Chelsea,West Brom,1.0,0.0,H,25.0,8.0,19.0,4.0,1.41,4.57,7.91,1.44,5.0,9.0
2013-03-02,2012,Everton,Reading,3.0,1.0,H,18.0,12.0,12.0,6.0,1.38,4.68,8.63,1.42,5.2,10.0
2013-03-02,2012,Man United,Norwich,4.0,0.0,H,13.0,1.0,10.0,1.0,1.33,5.08,9.53,1.37,5.55,12.0
2013-03-02,2012,Southampton,QPR,1.0,2.0,A,17.0,5.0,9.0,3.0,1.84,3.57,4.29,1.91,3.8,4.7
2013-03-02,2012,Stoke,West Ham,0.0,1.0,A,10.0,10.0,2.0,7.0,2.09,3.26,3.66,2.15,3.35,4.05
2013-03-02,2012,Sunderland,Fulham,2.0,2.0,D,12.0,7.0,6.0,4.0,2.31,3.25,3.17,2.4,3.35,3.5
2013-03-02,2012,Swansea,Newcastle,1.0,0.0,H,10.0,14.0,7.0,7.0,2.08,3.41,3.54,2.15,3.6,3.8
2013-03-02,2012,Wigan,Liverpool,0.0,4.0,A,15.0,8.0,11.0,7.0,4.3,3.64,1.82,4.7,3.85,1.88
2013-03-03,2012,Tottenham,Arsenal,2.0,1.0,H,11.0,10.0,5.0,6.0,2.29,3.4,3.09,2.35,3.65,3.25
2013-03-04,2012,Aston Villa,Man City,0.0,1.0,A,10.0,20.0,5.0,12.0,6.96,4.29,1.47,7.72,4.6,1.55
2013-03-09,2012,Norwich,Southampton,0.0,0.0,D,3.0,15.0,2.0,7.0,2.4,3.32,2.96,2.52,3.5,3.1
2013-03-09,2012,QPR,Sunderland,3.0,1.0,H,15.0,7.0,8.0,3.0,2.22,3.29,3.32,2.3,3.4,3.63
2013-03-09,2012,Reading,Aston Villa,1.0,2.0,A,10.0,18.0,4.0,7.0,2.37,3.34,3.0,2.5,3.5,3.2
2013-03-09,2012,West Brom,Swansea,2.0,1.0,H,12.0,9.0,6.0,4.0,2.35,3.33,3.04,2.47,3.5,3.32
2013-03-10,2012,Liverpool,Tottenham,3.0,2.0,H,10.0,15.0,4.0,9.0,1.88,3.67,3.94,2.0,4.05,4.24
2013-03-10,2012,Newcastle,Stoke,2.0,1.0,H,14.0,7.0,6.0,4.0,1.82,3.46,4.5,1.9,3.7,5.16
2013-03-16,2012,Aston Villa,QPR,3.0,2.0,H,10.0,18.0,6.0,11.0,2.23,3.29,3.29,2.33,3.45,3.46
2013-03-16,2012,Everton,Man City,2.0,0.0,H,11.0,17.0,5.0,11.0,3.66,3.43,2.03,3.87,3.7,2.1
2013-03-16,2012,Man United,Reading,1.0,0.0,H,17.0,5.0,8.0,1.0,1.15,8.18,16.23,1.18,9.12,21.0
2013-03-16,2012,Southampton,Liverpool,3.0,1.0,H,17.0,8.0,12.0,6.0,3.94,3.59,1.9,4.5,3.87,1.98
2013-03-16,2012,Stoke,West Brom,0.0,0.0,D,13.0,9.0,5.0,5.0,2.42,3.22,2.98,2.5,3.3,3.19
2013-03-16,2012,Swansea,Arsenal,0.0,2.0,A,9.0,15.0,2.0,11.0,3.24,3.35,2.22,3.41,3.53,2.3
2013-03-17,2012,Chelsea,West Ham,2.0,0.0,H,24.0,15.0,14.0,9.0,1.37,4.76,8.43,1.41,5.18,10.0
2013-03-17,2012,Sunderland,Norwich,1.0,1.0,D,16.0,7.0,8.0,3.0,2.04,3.37,3.68,2.1,3.5,4.0
2013-03-17,2012,Tottenham,Fulham,0.0,1.0,A,12.0,6.0,6.0,2.0,1.48,4.24,6.75,1.55,4.62,7.5
2013-03-17,2012,Wigan,Newcastle,2.0,1.0,H,13.0,9.0,10.0,4.0,2.24,3.34,3.22,2.38,3.53,3.4
2013-03-30,2012,Arsenal,Reading,4.0,1.0,H,23.0,4.0,14.0,2.0,1.23,6.08,12.13,1.25,6.7,15.03
2013-03-30,2012,Everton,Stoke,1.0,0.0,H,15.0,10.0,9.0,5.0,1.54,3.85,6.83,1.59,4.0,8.0
2013-03-30,2012,Man City,Newcastle,4.0,0.0,H,19.0,5.0,11.0,1.0,1.29,5.35,10.57,1.33,5.75,12.35
2013-03-30,2012,Southampton,Chelsea,2.0,1.0,H,13.0,7.0,8.0,4.0,3.41,3.43,2.12,3.8,3.6,2.22
2013-03-30,2012,Sunderland,Man United,0.0,1.0,A,9.0,10.0,4.0,6.0,5.76,3.7,1.63,6.31,4.0,1.67
2013-03-30,2012,Swansea,Tottenham,1.0,2.0,A,11.0,9.0,3.0,7.0,3.19,3.32,2.26,3.45,3.45,2.38
2013-03-30,2012,West Ham,West Brom,3.0,1.0,H,14.0,17.0,8.0,11.0,2.23,3.3,3.28,2.3,3.5,3.63
2013-03-30,2012,Wigan,Norwich,1.0,0.0,H,13.0,9.0,6.0,5.0,1.91,3.45,4.09,2.0,3.65,4.5
2013-03-31,2012,Aston Villa,Liverpool,1.0,2.0,A,10.0,16.0,7.0,12.0,4.72,3.71,1.74,5.03,4.0,1.8
2013-04-01,2012,Fulham,QPR,3.0,2.0,H,9.0,19.0,5.0,11.0,1.98,3.42,3.82,2.05,3.6,4.1
2013-04-06,2012,Norwich,Swansea,2.0,2.0,D,12.0,16.0,9.0,9.0,2.56,3.25,2.78,2.7,3.4,2.91
2013-04-06,2012,Reading,Southampton,0.0,2.0,A,8.0,12.0,3.0,4.0,3.19,3.45,2.21,3.43,3.6,2.26
2013-04-06,2012,Stoke,Aston Villa,1.0,3.0,A,6.0,11.0,2.0,8.0,2.06,3.28,3.74,2.14,3.5,4.05
2013-04-06,2012,West Brom,Arsenal,1.0,2.0,A,16.0,11.0,5.0,6.0,3.93,3.51,1.93,4.33,3.75,2.0
2013-04-07,2012,Chelsea,Sunderland,2.0,1.0,H,14.0,7.0,7.0,3.0,1.33,4.86,9.82,1.36,5.41,11.0
2013-04-07,2012,Liverpool,West Ham,0.0,0.0,D,19.0,10.0,12.0,4.0,1.34,5.01,8.99,1.37,5.5,10.0
2013-04-07,2012,Newcastle,Fulham,1.0,0.0,H,20.0,5.0,10.0,3.0,2.01,3.4,3.73,2.1,3.55,4.19
2013-04-07,2012,QPR,Wigan,1.0,1.0,D,6.0,16.0,2.0,10.0,2.34,3.34,3.03,2.42,3.45,3.25
2013-04-07,2012,Tottenham,Everton,2.0,2.0,D,19.0,9.0,10.0,5.0,2.18,3.26,3.42,2.25,3.4,3.65
2013-04-08,2012,Man United,Man City,1.0,2.0,A,16.0,9.0,7.0,5.0,2.2,3.32,3.33,2.3,3.52,3.6
2013-04-13,2012,Arsenal,Norwich,3.0,1.0,H,10.0,5.0,7.0,5.0,1.24,5.94,12.09,1.26,6.6,14.0
2013-04-13,2012,Aston Villa,Fulham,1.0,1.0,D,15.0,8.0,7.0,3.0,2.25,3.3,3.21,2.31,3.42,3.5
2013-04-13,2012,Everton,QPR,2.0,0.0,H,14.0,8.0,10.0,5.0,1.43,4.4,7.49,1.47,4.85,8.0
2013-04-13,2012,Reading,Liverpool,0.0,0.0,D,7.0,26.0,5.0,15.0,7.01,4.38,1.46,8.0,4.75,1.5
2013-04-13,2012,Southampton,West Ham,1.0,1.0,D,15.0,6.0,11.0,4.0,1.87,3.51,4.15,1.95,3.75,4.5
2013-04-14,2012,Newcastle,Sunderland,0.0,3.0,A,15.0,8.0,9.0,7.0,1.91,3.39,4.17,1.95,3.58,4.56
2013-04-14,2012,Stoke,Man United,0.0,2.0,A,13.0,9.0,4.0,3.0,6.35,3.75,1.58,7.0,4.12,1.65
2013-04-16,2012,Arsenal,Everton,0.0,0.0,D,10.0,10.0,6.0,5.0,1.72,3.82,4.8,1.8,4.05,5.15
2013-04-17,2012,Fulham,Chelsea,0.0,3.0,A,11.0,13.0,7.0,10.0,4.49,3.59,1.8,4.9,3.9,1.91
2013-04-17,2012,Man City,Wigan,1.0,0.0,H,10.0,8.0,4.0,6.0,1.25,5.94,11.36,1.28,6.5,15.0
2013-04-17,2012,West Ham,Man United,2.0,2.0,D,10.0,15.0,4.0,9.0,5.38,3.72,1.66,5.8,4.12,1.7
2013-04-20,2012,Fulham,Arsenal,0.0,1.0,A,7.0,10.0,5.0,7.0,4.74,3.72,1.74,5.1,4.0,1.8
2013-04-20,2012,Norwich,Reading,2.0,1.0,H,19.0,14.0,9.0,6.0,1.72,3.65,4.98,1.76,3.95,5.43
2013-04-20,2012,QPR,Stoke,0.0,2.0,A,25.0,11.0,11.0,4.0,2.21,3.27,3.34,2.3,3.4,3.64
2013-04-20,2012,Sunderland,Everton,1.0,0.0,H,8.0,8.0,4.0,5.0,3.3,3.29,2.23,3.55,3.4,2.31
2013-04-20,2012,Swansea,Southampton,0.0,0.0,D,14.0,9.0,7.0,5.0,2.32,3.36,3.04,2.4,3.55,3.22
2013-04-20,2012,West Brom,Newcastle,1.0,1.0,D,8.0,10.0,4.0,6.0,2.22,3.35,3.25,2.3,3.55,3.5
2013-04-20,2012,West Ham,Wigan,2.0,0.0,H,17.0,18.0,11.0,10.0,2.24,3.35,3.2,2.33,3.55,3.35
2013-04-21,2012,Liverpool,Chelsea,2.0,2.0,D,23.0,9.0,12.0,6.0,2.11,3.41,3.46,2.2,3.61,3.77
2013-04-21,2012,Tottenham,Man City,3.0,1.0,H,11.0,11.0,8.0,7.0,3.14,3.36,2.27,3.28,3.6,2.35
2013-04-22,2012,Man United,Aston Villa,3.0,0.0,H,10.0,8.0,5.0,5.0,1.25,6.05,10.88,1.29,6.75,13.0
2013-04-27,2012,Everton,Fulham,1.0,0.0,H,17.0,6.0,10.0,2.0,1.48,4.19,7.12,1.55,4.61,8.1
2013-04-27,2012,Man City,West Ham,2.0,1.0,H,16.0,9.0,10.0,6.0,1.26,5.75,11.15,1.29,6.4,14.0
2013-04-27,2012,Newcastle,Liverpool,0.0,6.0,A,5.0,11.0,1.0,10.0,2.93,3.34,2.41,3.09,3.6,2.5
2013-04-27,2012,Southampton,West Brom,0.0,3.0,A,16.0,11.0,4.0,9.0,1.85,3.55,4.29,1.91,3.75,4.75
2013-04-27,2012,Stoke,Norwich,1.0,0.0,H,12.0,5.0,4.0,0.0,2.19,3.18,3.51,2.3,3.3,3.75
2013-04-27,2012,Wigan,Tottenham,2.0,2.0,D,6.0,14.0,4.0,7.0,3.63,3.46,2.03,3.85,3.7,2.1
2013-04-28,2012,Arsenal,Man United,1.0,1.0,D,19.0,10.0,13.0,5.0,2.18,3.44,3.23,2.3,3.63,3.5
2013-04-28,2012,Chelsea,Swansea,2.0,0.0,H,21.0,11.0,14.0,8.0,1.34,4.97,8.89,1.37,5.5,11.0
2013-04-28,2012,Reading,QPR,0.0,0.0,D,13.0,15.0,7.0,5.0,2.52,3.34,2.78,2.63,3.53,2.98
2013-04-29,2012,Aston Villa,Sunderland,6.0,1.0,H,18.0,7.0,15.0,4.0,2.23,3.28,3.28,2.3,3.45,3.7
2013-05-04,2012,Fulham,Reading,2.0,4.0,A,18.0,20.0,13.0,13.0,1.7,3.68,5.07,1.74,3.91,5.61
2013-05-04,2012,Norwich,Aston Villa,1.0,2.0,A,9.0,12.0,4.0,6.0,2.47,3.24,2.91,2.6,3.4,3.07
2013-05-04,2012,QPR,Arsenal,0.0,1.0,A,14.0,13.0,6.0,11.0,7.77,4.53,1.41,8.7,5.02,1.44
2013-05-04,2012,Swansea,Man City,0.0,0.0,D,7.0,12.0,1.0,8.0,4.94,3.6,1.74,5.26,3.85,1.8
2013-05-04,2012,Tottenham,Southampton,1.0,0.0,H,7.0,10.0,4.0,6.0,1.45,4.37,7.22,1.5,4.85,8.1
2013-05-04,2012,West Brom,Wigan,2.0,3.0,A,17.0,13.0,11.0,8.0,2.37,3.36,2.97,2.46,3.52,3.2
2013-05-04,2012,West Ham,Newcastle,0.0,0.0,D,9.0,11.0,3.0,6.0,2.32,3.35,3.06,2.4,3.53,3.3
2013-05-05,2012,Liverpool,Everton,0.0,0.0,D,16.0,11.0,8.0,4.0,1.92,3.47,4.02,2.0,3.77,4.4
2013-05-05,2012,Man United,Chelsea,0.0,1.0,A,10.0,15.0,4.0,6.0,2.16,3.4,3.31,2.25,3.63,3.5
2013-05-06,2012,Sunderland,Stoke,1.0,1.0,D,14.0,11.0,7.0,7.0,2.06,3.21,3.79,2.15,3.45,4.25
2013-05-07,2012,Man City,West Brom,1.0,0.0,H,21.0,20.0,9.0,11.0,1.37,4.89,8.68,1.42,5.26,10.0
2013-05-07,2012,Wigan,Swansea,2.0,3.0,A,14.0,10.0,11.0,6.0,1.79,3.63,4.51,1.85,3.85,4.9
2013-05-08,2012,Chelsea,Tottenham,2.0,2.0,D,15.0,13.0,8.0,6.0,1.94,3.52,3.88,2.0,3.75,4.2
2013-05-11,2012,Aston Villa,Chelsea,1.0,2.0,A,12.0,11.0,7.0,8.0,4.33,3.6,1.82,4.85,3.84,1.86
2013-05-12,2012,Everton,West Ham,2.0,0.0,H,23.0,7.0,13.0,2.0,1.48,4.16,7.02,1.53,4.6,7.9
2013-05-12,2012,Fulham,Liverpool,1.0,3.0,A,10.0,20.0,8.0,14.0,3.73,3.43,2.01,4.15,3.65,2.15
2013-05-12,2012,Man United,Swansea,2.0,1.0,H,16.0,5.0,9.0,2.0,1.28,5.44,10.6,1.33,6.0,12.14
2013-05-12,2012,Norwich,West Brom,4.0,0.0,H,11.0,8.0,8.0,5.0,2.13,3.37,3.44,2.25,3.5,3.7
2013-05-12,2012,QPR,Newcastle,1.0,2.0,A,8.0,10.0,3.0,7.0,3.16,3.34,2.25,3.4,3.45,2.38
2013-05-12,2012,Stoke,Tottenham,1.0,2.0,A,6.0,23.0,3.0,15.0,4.22,3.43,1.89,4.7,3.6,1.94
2013-05-12,2012,Sunderland,Southampton,1.0,1.0,D,5.0,15.0,5.0,10.0,2.68,3.14,2.73,2.88,3.25,2.9
2013-05-14,2012,Arsenal,Wigan,4.0,1.0,H,19.0,10.0,12.0,5.0,1.36,5.15,8.01,1.4,5.7,8.7
2013-05-14,2012,Reading,Man City,0.0,2.0,A,11.0,27.0,7.0,20.0,5.78,4.21,1.55,6.5,4.5,1.62
2013-05-19,2012,Chelsea,Everton,2.0,1.0,H,20.0,16.0,10.0,9.0,1.66,3.8,5.12,1.73,4.1,6.1
2013-05-19,2012,Liverpool,QPR,1.0,0.0,H,27.0,10.0,20.0,3.0,1.23,6.1,11.86,1.26,7.0,15.09
2013-05-19,2012,Man City,Norwich,2.0,3.0,A,12.0,12.0,5.0,7.0,1.3,5.29,9.86,1.33,5.7,12.0
2013-05-19,2012,Newcastle,Arsenal,0.0,1.0,A,7.0,9.0,2.0,3.0,5.9,4.3,1.52,6.5,4.7,1.57
2013-05-19,2012,Southampton,Stoke,1.0,1.0,D,11.0,7.0,7.0,3.0,1.76,3.53,4.8,1.81,3.8,5.36
2013-05-19,2012,Swansea,Fulham,0.0,3.0,A,19.0,8.0,11.0,6.0,1.77,3.68,4.5,1.83,3.85,5.15
2013-05-19,2012,Tottenham,Sunderland,1.0,0.0,H,23.0,6.0,19.0,4.0,1.27,5.49,10.9,1.3,6.2,13.0
2013-05-19,2012,West Brom,Man United,5.0,5.0,D,15.0,12.0,8.0,8.0,4.29,3.62,1.81,4.6,3.95,1.86
2013-05-19,2012,West Ham,Reading,4.0,2.0,H,21.0,17.0,12.0,7.0,1.64,3.77,5.4,1.7,4.1,5.88
2013-05-19,2012,Wigan,Aston Villa,2.0,2.0,D,12.0,5.0,6.0,2.0,2.08,3.42,3.48,2.15,3.66,3.7
2013-08-17,2013,Arsenal,Aston Villa,1.0,3.0,A,16.0,9.0,4.0,4.0,1.4,4.68,7.87,1.44,5.2,9.7
2013-08-17,2013,Liverpool,Stoke,1.0,0.0,H,26.0,10.0,11.0,4.0,1.38,4.54,8.88,1.44,4.95,10.0
2013-08-17,2013,Norwich,Everton,2.0,2.0,D,8.0,19.0,2.0,6.0,3.12,3.27,2.31,3.35,3.41,2.4
2013-08-17,2013,Sunderland,Fulham,0.0,1.0,A,20.0,5.0,3.0,1.0,2.22,3.3,3.29,2.3,3.45,3.58
2013-08-17,2013,Swansea,Man United,1.0,4.0,A,17.0,15.0,6.0,7.0,3.84,3.4,1.99,4.33,3.6,2.1
2013-08-17,2013,West Brom,Southampton,0.0,1.0,A,11.0,7.0,1.0,2.0,2.31,3.33,3.07,2.43,3.45,3.3
2013-08-17,2013,West Ham,Cardiff,2.0,0.0,H,18.0,12.0,4.0,1.0,1.94,3.47,3.94,2.0,3.65,4.4
2013-08-18,2013,Chelsea,Hull,2.0,0.0,H,22.0,7.0,5.0,2.0,1.19,6.68,15.53,1.22,7.7,21.0
2013-08-18,2013,Crystal Palace,Tottenham,0.0,1.0,A,5.0,17.0,3.0,2.0,4.66,3.61,1.77,5.2,3.95,1.85
2013-08-19,2013,Man City,Newcastle,4.0,0.0,H,20.0,5.0,11.0,1.0,1.3,5.27,10.35,1.33,5.86,12.0
2013-08-21,2013,Chelsea,Aston Villa,2.0,1.0,H,15.0,7.0,3.0,3.0,1.29,5.42,10.17,1.33,6.4,14.0
2013-08-24,2013,Aston Villa,Liverpool,0.0,1.0,A,17.0,5.0,3.0,1.0,3.93,3.55,1.91,4.2,3.83,2.0
2013-08-24,2013,Everton,West Brom,0.0,0.0,D,22.0,7.0,8.0,2.0,1.55,3.94,6.27,1.6,4.35,7.1
2013-08-24,2013,Fulham,Arsenal,1.0,3.0,A,16.0,18.0,7.0,7.0,3.51,3.38,2.1,3.8,3.58,2.15
2013-08-24,2013,Hull,Norwich,1.0,0.0,H,6.0,13.0,1.0,4.0,2.39,3.25,3.01,2.5,3.4,3.33
2013-08-24,2013,Newcastle,West Ham,0.0,0.0,D,16.0,6.0,0.0,1.0,2.22,3.29,3.29,2.32,3.4,3.55
2013-08-24,2013,Southampton,Sunderland,1.0,1.0,D,17.0,8.0,6.0,3.0,1.69,3.66,5.16,1.85,4.1,5.63
2013-08-24,2013,Stoke,Crystal Palace,2.0,1.0,H,14.0,14.0,5.0,5.0,1.83,3.42,4.54,1.91,3.65,5.1
2013-08-25,2013,Cardiff,Man City,3.0,2.0,H,9.0,16.0,6.0,5.0,7.32,4.39,1.44,8.5,4.9,1.47
2013-08-25,2013,Tottenham,Swansea,1.0,0.0,H,19.0,7.0,5.0,5.0,1.6,3.78,5.95,1.66,4.0,6.58
2013-08-26,2013,Man United,Chelsea,0.0,0.0,D,13.0,8.0,3.0,4.0,2.38,3.33,2.94,2.5,3.51,3.2
2013-08-31,2013,Cardiff,Everton,0.0,0.0,D,4.0,13.0,1.0,3.0,3.13,3.31,2.29,3.33,3.45,2.41
2013-08-31,2013,Crystal Palace,Sunderland,3.0,1.0,H,17.0,10.0,6.0,2.0,2.49,3.22,2.89,2.6,3.35,3.1
2013-08-31,2013,Man City,Hull,2.0,0.0,H,12.0,7.0,6.0,2.0,1.16,7.53,15.78,1.2,8.52,20.56
2013-08-31,2013,Newcastle,Fulham,1.0,0.0,H,24.0,3.0,9.0,2.0,2.11,3.36,3.49,2.18,3.5,3.75
2013-08-31,2013,Norwich,Southampton,1.0,0.0,H,15.0,11.0,4.0,2.0,2.84,3.27,2.5,3.06,3.4,2.62
2013-08-31,2013,West Ham,Stoke,0.0,1.0,A,9.0,15.0,0.0,5.0,1.98,3.37,3.92,2.02,3.54,4.35
2013-09-01,2013,Arsenal,Tottenham,1.0,0.0,H,12.0,14.0,5.0,4.0,2.08,3.46,3.47,2.17,3.7,3.7
2013-09-01,2013,Liverpool,Man United,1.0,0.0,H,10.0,10.0,5.0,4.0,2.52,3.28,2.81,2.64,3.4,2.98
2013-09-01,2013,West Brom,Swansea,0.0,2.0,A,10.0,12.0,1.0,4.0,2.55,3.34,2.73,2.7,3.47,2.9
2013-09-14,2013,Aston Villa,Newcastle,1.0,2.0,A,10.0,17.0,1.0,8.0,2.11,3.33,3.54,2.2,3.45,3.87
2013-09-14,2013,Everton,Chelsea,1.0,0.0,H,11.0,22.0,5.0,5.0,3.22,3.28,2.27,3.6,3.41,2.38
2013-09-14,2013,Fulham,West Brom,1.0,1.0,D,12.0,12.0,2.0,4.0,2.11,3.33,3.53,2.2,3.5,3.77
2013-09-14,2013,Hull,Cardiff,1.0,1.0,D,18.0,10.0,5.0,2.0,2.38,3.19,3.1,2.5,3.35,3.3
2013-09-14,2013,Man United,Crystal Palace,2.0,0.0,H,19.0,4.0,7.0,0.0,1.21,6.61,13.66,1.25,7.6,18.0
2013-09-14,2013,Stoke,Man City,0.0,0.0,D,11.0,10.0,3.0,3.0,5.69,3.73,1.63,6.3,4.0,1.7
2013-09-14,2013,Sunderland,Arsenal,1.0,3.0,A,17.0,14.0,2.0,6.0,5.43,3.69,1.66,6.1,3.95,1.7
2013-09-14,2013,Tottenham,Norwich,2.0,0.0,H,23.0,4.0,7.0,1.0,1.44,4.33,7.63,1.47,4.75,9.0
2013-09-15,2013,Southampton,West Ham,0.0,0.0,D,15.0,6.0,5.0,1.0,1.82,3.5,4.55,1.9,3.65,5.0
2013-09-16,2013,Swansea,Liverpool,2.0,2.0,D,17.0,12.0,8.0,5.0,3.37,3.34,2.17,3.6,3.5,2.26
2013-09-21,2013,Chelsea,Fulham,2.0,0.0,H,26.0,4.0,10.0,1.0,1.29,5.41,10.74,1.33,5.9,13.0
2013-09-21,2013,Liverpool,Southampton,0.0,1.0,A,10.0,12.0,5.0,7.0,1.58,3.82,6.18,1.62,4.15,7.0
2013-09-21,2013,Newcastle,Hull,2.0,3.0,A,15.0,12.0,2.0,5.0,1.8,3.47,4.72,1.85,3.7,5.28
2013-09-21,2013,Norwich,Aston Villa,0.0,1.0,A,12.0,16.0,1.0,4.0,2.37,3.3,3.01,2.47,3.4,3.3
2013-09-21,2013,West Brom,Sunderland,3.0,0.0,H,13.0,7.0,4.0,0.0,2.03,3.33,3.75,2.1,3.5,4.2
2013-09-21,2013,West Ham,Everton,2.0,3.0,A,9.0,10.0,1.0,4.0,3.12,3.25,2.33,3.4,3.4,2.45
2013-09-22,2013,Arsenal,Stoke,3.0,1.0,H,16.0,9.0,8.0,3.0,1.35,4.88,9.25,1.4,5.4,11.0
2013-09-22,2013,Cardiff,Tottenham,0.0,1.0,A,6.0,29.0,0.0,12.0,4.32,3.43,1.88,4.76,3.65,1.92
2013-09-22,2013,Crystal Palace,Swansea,0.0,2.0,A,9.0,15.0,1.0,7.0,3.2,3.27,2.25,3.5,3.45,2.45
2013-09-22,2013,Man City,Man United,4.0,1.0,H,18.0,14.0,5.0,3.0,2.16,3.32,3.42,2.25,3.55,3.65
2013-09-28,2013,Aston Villa,Man City,3.0,2.0,H,8.0,20.0,4.0,7.0,6.6,3.97,1.53,7.5,4.3,1.57
2013-09-28,2013,Fulham,Cardiff,1.0,2.0,A,9.0,22.0,5.0,4.0,2.07,3.32,3.66,2.15,3.45,3.98
2013-09-28,2013,Hull,West Ham,1.0,0.0,H,9.0,18.0,2.0,5.0,2.34,3.2,3.16,2.42,3.3,3.4
2013-09-28,2013,Man United,West Brom,1.0,2.0,A,14.0,12.0,6.0,4.0,1.29,5.44,10.38,1.31,6.2,12.65
2013-09-28,2013,Southampton,Crystal Palace,2.0,0.0,H,12.0,8.0,3.0,0.0,1.45,4.21,7.7,1.5,4.55,9.0
2013-09-28,2013,Swansea,Arsenal,1.0,2.0,A,10.0,10.0,3.0,4.0,3.11,3.32,2.31,3.4,3.45,2.42
2013-09-28,2013,Tottenham,Chelsea,1.0,1.0,D,12.0,11.0,4.0,5.0,2.61,3.19,2.77,2.8,3.38,2.91
2013-09-29,2013,Stoke,Norwich,0.0,1.0,A,8.0,8.0,1.0,3.0,1.96,3.32,4.09,2.05,3.47,4.51
2013-09-29,2013,Sunderland,Liverpool,1.0,3.0,A,23.0,15.0,5.0,6.0,5.3,3.71,1.67,5.7,4.0,1.75
2013-09-30,2013,Everton,Newcastle,3.0,2.0,H,18.0,15.0,7.0,6.0,1.61,3.76,5.74,1.67,4.1,6.5
2013-10-05,2013,Cardiff,Newcastle,1.0,2.0,A,8.0,20.0,2.0,10.0,2.36,3.29,3.05,2.45,3.4,3.25
2013-10-05,2013,Fulham,Stoke,1.0,0.0,H,9.0,16.0,2.0,3.0,2.36,3.2,3.12,2.44,3.3,3.4
2013-10-05,2013,Hull,Aston Villa,0.0,0.0,D,6.0,18.0,1.0,4.0,2.36,3.26,3.07,2.5,3.4,3.35
2013-10-05,2013,Liverpool,Crystal Palace,3.0,1.0,H,13.0,11.0,7.0,2.0,1.21,6.48,14.01,1.23,7.6,17.0
2013-10-05,2013,Man City,Everton,3.0,1.0,H,12.0,6.0,6.0,4.0,1.64,3.88,5.29,1.68,4.2,5.8
2013-10-05,2013,Sunderland,Man United,1.0,2.0,A,6.0,13.0,2.0,6.0,5.58,3.8,1.63,6.2,4.1,1.68
2013-10-06,2013,Norwich,Chelsea,1.0,3.0,A,14.0,22.0,3.0,8.0,6.02,3.9,1.58,6.5,4.2,1.63
2013-10-06,2013,Southampton,Swansea,2.0,0.0,H,12.0,17.0,4.0,7.0,2.04,3.36,3.72,2.1,3.5,4.11
2013-10-06,2013,Tottenham,West Ham,0.0,3.0,A,14.0,16.0,4.0,5.0,1.42,4.43,7.96,1.45,4.9,9.0
2013-10-06,2013,West Brom,Arsenal,1.0,1.0,D,12.0,14.0,4.0,5.0,4.54,3.73,1.76,5.0,4.0,1.82
2013-10-19,2013,Arsenal,Norwich,4.0,1.0,H,20.0,12.0,11.0,6.0,1.29,5.39,10.72,1.33,6.0,13.0
2013-10-19,2013,Chelsea,Cardiff,4.0,1.0,H,20.0,13.0,7.0,3.0,1.24,6.03,12.82,1.26,7.0,16.0
2013-10-19,2013,Everton,Hull,2.0,1.0,H,14.0,9.0,6.0,1.0,1.44,4.2,8.07,1.5,4.57,9.0
2013-10-19,2013,Man United,Southampton,1.0,1.0,D,12.0,18.0,5.0,7.0,1.55,4.02,6.2,1.6,4.4,7.0
2013-10-19,2013,Newcastle,Liverpool,2.0,2.0,D,14.0,23.0,4.0,7.0,4.31,3.65,1.82,4.58,3.93,1.87
2013-10-19,2013,Stoke,West Brom,0.0,0.0,D,9.0,12.0,3.0,5.0,2.26,3.21,3.31,2.4,3.36,3.57
2013-10-19,2013,Swansea,Sunderland,4.0,0.0,H,14.0,6.0,6.0,1.0,1.57,3.89,6.19,1.62,4.16,6.91
2013-10-19,2013,West Ham,Man City,1.0,3.0,A,11.0,16.0,2.0,9.0,5.32,3.65,1.68,5.8,3.9,1.73
2013-10-20,2013,Aston Villa,Tottenham,0.0,2.0,A,15.0,13.0,2.0,6.0,3.86,3.4,1.98,4.2,3.6,2.05
2013-10-21,2013,Crystal Palace,Fulham,1.0,4.0,A,14.0,9.0,4.0,6.0,2.65,3.21,2.69,2.75,3.37,2.86
2013-10-26,2013,Aston Villa,Everton,0.0,2.0,A,14.0,15.0,3.0,4.0,3.3,3.3,2.22,3.47,3.52,2.3
2013-10-26,2013,Crystal Palace,Arsenal,0.0,2.0,A,13.0,10.0,4.0,4.0,8.85,4.82,1.36,11.0,5.25,1.4
2013-10-26,2013,Liverpool,West Brom,4.0,1.0,H,18.0,15.0,7.0,3.0,1.41,4.66,7.61,1.45,5.04,8.5
2013-10-26,2013,Man United,Stoke,3.0,2.0,H,19.0,10.0,5.0,5.0,1.32,5.02,9.83,1.36,5.5,12.0
2013-10-26,2013,Norwich,Cardiff,0.0,0.0,D,31.0,6.0,10.0,4.0,2.16,3.28,3.45,2.25,3.4,3.81
2013-10-26,2013,Southampton,Fulham,2.0,0.0,H,20.0,1.0,6.0,0.0,1.59,3.78,6.12,1.65,4.18,6.5
2013-10-27,2013,Chelsea,Man City,2.0,1.0,H,12.0,15.0,4.0,6.0,2.36,3.31,3.03,2.44,3.5,3.25
2013-10-27,2013,Sunderland,Newcastle,2.0,1.0,H,8.0,16.0,4.0,4.0,2.78,3.27,2.56,2.94,3.42,2.65
2013-10-27,2013,Swansea,West Ham,0.0,0.0,D,10.0,15.0,5.0,4.0,1.71,3.65,4.98,1.75,3.98,5.5
2013-10-27,2013,Tottenham,Hull,1.0,0.0,H,15.0,10.0,6.0,4.0,1.41,4.37,8.03,1.44,4.77,9.15
2013-11-02,2013,Arsenal,Liverpool,2.0,0.0,H,12.0,12.0,7.0,4.0,2.26,3.35,3.18,2.34,3.5,3.4
2013-11-02,2013,Fulham,Man United,1.0,3.0,A,15.0,10.0,6.0,4.0,6.03,3.91,1.58,6.79,4.28,1.62
2013-11-02,2013,Hull,Sunderland,1.0,0.0,H,25.0,9.0,2.0,1.0,2.12,3.28,3.58,2.2,3.4,3.89
2013-11-02,2013,Man City,Norwich,7.0,0.0,H,27.0,7.0,9.0,1.0,1.19,6.83,14.48,1.22,8.05,21.56
2013-11-02,2013,Newcastle,Chelsea,2.0,0.0,H,15.0,13.0,8.0,2.0,5.62,3.89,1.61,6.2,4.2,1.67
2013-11-02,2013,Stoke,Southampton,1.0,1.0,D,9.0,10.0,3.0,2.0,3.11,3.17,2.36,3.4,3.4,2.45
2013-11-02,2013,West Brom,Crystal Palace,2.0,0.0,H,9.0,12.0,4.0,4.0,1.54,4.02,6.32,1.6,4.34,7.35
2013-11-02,2013,West Ham,Aston Villa,0.0,0.0,D,17.0,8.0,4.0,2.0,2.16,3.29,3.38,2.25,3.5,3.68
2013-11-03,2013,Cardiff,Swansea,1.0,0.0,H,9.0,10.0,3.0,3.0,3.24,3.29,2.25,3.55,3.4,2.31
2013-11-03,2013,Everton,Tottenham,0.0,0.0,D,8.0,16.0,1.0,6.0,2.44,3.27,2.92,2.54,3.43,3.06
2013-11-09,2013,Aston Villa,Cardiff,2.0,0.0,H,17.0,8.0,6.0,2.0,1.98,3.33,3.96,2.05,3.5,4.27
2013-11-09,2013,Chelsea,West Brom,2.0,2.0,D,17.0,11.0,7.0,3.0,1.29,5.4,10.49,1.32,6.0,12.15
2013-11-09,2013,Crystal Palace,Everton,0.0,0.0,D,9.0,15.0,2.0,2.0,5.97,3.82,1.59,6.5,4.1,1.63
2013-11-09,2013,Liverpool,Fulham,4.0,0.0,H,32.0,4.0,10.0,1.0,1.24,5.93,12.64,1.27,6.5,15.0
2013-11-09,2013,Norwich,West Ham,3.0,1.0,H,15.0,12.0,6.0,4.0,2.51,3.22,2.87,2.63,3.3,3.1
2013-11-09,2013,Southampton,Hull,4.0,1.0,H,15.0,10.0,7.0,2.0,1.56,3.73,6.8,1.6,4.0,7.5
2013-11-10,2013,Man United,Arsenal,1.0,0.0,H,5.0,10.0,2.0,2.0,2.26,3.35,3.16,2.4,3.52,3.6
2013-11-10,2013,Sunderland,Man City,1.0,0.0,H,5.0,24.0,2.0,4.0,8.0,4.7,1.39,9.0,5.0,1.42
2013-11-10,2013,Swansea,Stoke,3.0,3.0,D,17.0,6.0,6.0,3.0,1.94,3.31,4.15,2.05,3.5,4.5
2013-11-10,2013,Tottenham,Newcastle,0.0,1.0,A,31.0,8.0,14.0,4.0,1.53,4.02,6.49,1.57,4.36,7.12
2013-11-23,2013,Arsenal,Southampton,2.0,0.0,H,9.0,10.0,4.0,4.0,1.6,3.88,5.82,1.67,4.21,6.25
2013-11-23,2013,Everton,Liverpool,3.0,3.0,D,18.0,11.0,12.0,5.0,2.85,3.27,2.5,3.02,3.4,2.63
2013-11-23,2013,Fulham,Swansea,1.0,2.0,A,9.0,21.0,3.0,5.0,3.2,3.25,2.3,3.56,3.4,2.4
2013-11-23,2013,Hull,Crystal Palace,0.0,1.0,A,15.0,9.0,2.0,2.0,1.83,3.39,4.64,1.88,3.53,5.2
2013-11-23,2013,Newcastle,Norwich,2.0,1.0,H,21.0,10.0,5.0,2.0,1.77,3.63,4.6,1.81,3.85,5.0
2013-11-23,2013,Stoke,Sunderland,2.0,0.0,H,17.0,11.0,5.0,3.0,2.08,3.21,3.79,2.15,3.45,4.17
2013-11-23,2013,West Ham,Chelsea,0.0,3.0,A,8.0,20.0,1.0,8.0,5.79,3.86,1.6,6.35,4.25,1.67
2013-11-24,2013,Cardiff,Man United,2.0,2.0,D,14.0,16.0,4.0,5.0,5.54,3.8,1.63,6.0,4.01,1.69
2013-11-24,2013,Man City,Tottenham,6.0,0.0,H,15.0,13.0,10.0,5.0,1.67,3.72,5.36,1.75,4.0,5.9
2013-11-25,2013,West Brom,Aston Villa,2.0,2.0,D,11.0,15.0,4.0,7.0,2.08,3.31,3.62,2.17,3.5,3.8
2013-11-30,2013,Aston Villa,Sunderland,0.0,0.0,D,13.0,7.0,4.0,1.0,1.97,3.35,3.99,2.04,3.5,4.33
2013-11-30,2013,Cardiff,Arsenal,0.0,3.0,A,10.0,15.0,4.0,6.0,5.67,3.92,1.6,6.5,4.12,1.67
2013-11-30,2013,Everton,Stoke,4.0,0.0,H,22.0,4.0,12.0,3.0,1.59,3.82,5.99,1.63,4.06,7.0
2013-11-30,2013,Newcastle,West Brom,2.0,1.0,H,14.0,14.0,6.0,1.0,2.02,3.39,3.72,2.1,3.57,4.0
2013-11-30,2013,Norwich,Crystal Palace,1.0,0.0,H,10.0,13.0,3.0,3.0,1.93,3.36,4.18,2.01,3.5,4.5
2013-11-30,2013,West Ham,Fulham,3.0,0.0,H,23.0,10.0,12.0,0.0,1.88,3.43,4.28,1.95,3.56,4.81
2013-12-01,2013,Chelsea,Southampton,3.0,1.0,H,16.0,9.0,7.0,1.0,1.54,4.05,6.27,1.58,4.4,7.3
2013-12-01,2013,Hull,Liverpool,3.0,1.0,H,12.0,9.0,4.0,4.0,6.06,3.79,1.59,7.05,4.13,1.63
2013-12-01,2013,Man City,Swansea,3.0,0.0,H,22.0,9.0,7.0,4.0,1.28,5.46,10.88,1.3,6.0,13.33
2013-12-01,2013,Tottenham,Man United,2.0,2.0,D,10.0,8.0,4.0,3.0,2.7,3.28,2.62,2.84,3.5,2.7
2013-12-03,2013,Crystal Palace,West Ham,1.0,0.0,H,10.0,11.0,5.0,2.0,3.07,3.25,2.39,3.36,3.35,2.6
2013-12-04,2013,Arsenal,Hull,2.0,0.0,H,20.0,7.0,7.0,2.0,1.2,6.62,14.26,1.23,7.5,17.0
2013-12-04,2013,Fulham,Tottenham,1.0,2.0,A,16.0,18.0,6.0,5.0,5.53,3.73,1.65,6.42,3.94,1.71
2013-12-04,2013,Liverpool,Norwich,5.0,1.0,H,28.0,14.0,12.0,5.0,1.26,5.81,11.08,1.3,6.35,12.56
2013-12-04,2013,Man United,Everton,0.0,1.0,A,18.0,15.0,6.0,4.0,1.71,3.71,4.98,1.77,3.93,5.5
2013-12-04,2013,Southampton,Aston Villa,2.0,3.0,A,21.0,6.0,9.0,3.0,1.67,3.72,5.35,1.73,3.85,6.0
2013-12-04,2013,Stoke,Cardiff,0.0,0.0,D,17.0,14.0,2.0,3.0,2.06,3.31,3.75,2.12,3.4,4.0
2013-12-04,2013,Sunderland,Chelsea,3.0,4.0,A,12.0,19.0,3.0,5.0,6.24,4.1,1.53,6.76,4.38,1.57
2013-12-04,2013,Swansea,Newcastle,3.0,0.0,H,13.0,14.0,5.0,3.0,2.13,3.41,3.42,2.2,3.55,3.63
2013-12-04,2013,West Brom,Man City,2.0,3.0,A,12.0,15.0,1.0,5.0,5.61,3.9,1.61,6.09,4.2,1.65
2013-12-07,2013,Crystal Palace,Cardiff,2.0,0.0,H,19.0,10.0,5.0,2.0,2.69,3.15,2.72,2.82,3.3,2.82
2013-12-07,2013,Liverpool,West Ham,4.0,1.0,H,32.0,8.0,9.0,1.0,1.29,5.58,10.36,1.32,6.04,12.1
2013-12-07,2013,Man United,Newcastle,0.0,1.0,A,8.0,9.0,4.0,3.0,1.51,4.16,6.38,1.55,4.5,7.5
2013-12-07,2013,Southampton,Man City,1.0,1.0,D,15.0,13.0,4.0,3.0,4.92,3.65,1.73,5.41,3.85,1.78
2013-12-07,2013,Stoke,Chelsea,3.0,2.0,H,9.0,15.0,3.0,6.0,6.12,3.81,1.59,6.62,4.2,1.65
2013-12-07,2013,Sunderland,Tottenham,1.0,2.0,A,11.0,22.0,4.0,5.0,4.24,3.43,1.89,4.6,3.6,1.97
2013-12-07,2013,West Brom,Norwich,0.0,2.0,A,26.0,8.0,12.0,3.0,1.79,3.53,4.72,1.85,3.77,5.04
2013-12-08,2013,Arsenal,Everton,1.0,1.0,D,11.0,12.0,5.0,4.0,1.69,3.7,5.18,1.74,4.01,5.75
2013-12-08,2013,Fulham,Aston Villa,2.0,0.0,H,22.0,10.0,10.0,2.0,2.66,3.25,2.69,2.75,3.39,2.82
2013-12-09,2013,Swansea,Hull,1.0,1.0,D,11.0,9.0,2.0,2.0,1.74,3.53,5.07,1.79,3.75,5.5
2013-12-14,2013,Cardiff,West Brom,1.0,0.0,H,11.0,12.0,3.0,2.0,2.55,3.26,2.81,2.75,3.4,2.9
2013-12-14,2013,Chelsea,Crystal Palace,2.0,1.0,H,16.0,10.0,7.0,5.0,1.18,6.87,16.07,1.21,8.0,21.0
2013-12-14,2013,Everton,Fulham,4.0,1.0,H,22.0,16.0,7.0,3.0,1.37,4.68,8.99,1.42,5.16,10.5
2013-12-14,2013,Hull,Stoke,0.0,0.0,D,13.0,11.0,4.0,2.0,2.27,3.15,3.37,2.34,3.3,3.66
2013-12-14,2013,Man City,Arsenal,6.0,3.0,H,22.0,12.0,7.0,6.0,1.79,3.65,4.49,1.85,3.9,4.81
2013-12-14,2013,Newcastle,Southampton,1.0,1.0,D,16.0,8.0,5.0,3.0,2.36,3.3,3.05,2.44,3.41,3.23
2013-12-14,2013,West Ham,Sunderland,0.0,0.0,D,11.0,19.0,2.0,6.0,1.97,3.37,4.0,2.04,3.6,4.33
2013-12-15,2013,Aston Villa,Man United,0.0,3.0,A,17.0,14.0,6.0,5.0,5.01,3.6,1.73,5.5,3.83,1.8
2013-12-15,2013,Norwich,Swansea,1.0,1.0,D,16.0,10.0,3.0,2.0,2.76,3.26,2.6,2.88,3.4,2.7
2013-12-15,2013,Tottenham,Liverpool,0.0,5.0,A,9.0,21.0,0.0,10.0,2.45,3.33,2.88,2.54,3.5,3.02
2013-12-21,2013,Crystal Palace,Newcastle,0.0,3.0,A,9.0,13.0,4.0,6.0,3.13,3.26,2.34,3.35,3.4,2.4
2013-12-21,2013,Fulham,Man City,2.0,4.0,A,12.0,17.0,5.0,10.0,8.44,4.97,1.36,9.5,5.32,1.41
2013-12-21,2013,Liverpool,Cardiff,3.0,1.0,H,27.0,10.0,7.0,3.0,1.2,6.83,14.55,1.22,7.8,18.0
2013-12-21,2013,Man United,West Ham,3.0,1.0,H,21.0,4.0,8.0,1.0,1.36,4.84,8.91,1.4,5.25,10.0
2013-12-21,2013,Stoke,Aston Villa,2.0,1.0,H,12.0,14.0,2.0,4.0,2.24,3.21,3.38,2.32,3.35,3.65
2013-12-21,2013,Sunderland,Norwich,0.0,0.0,D,18.0,14.0,4.0,5.0,2.04,3.33,3.77,2.1,3.5,4.05
2013-12-21,2013,West Brom,Hull,1.0,1.0,D,14.0,6.0,3.0,3.0,1.9,3.35,4.33,1.95,3.51,4.73
2013-12-22,2013,Southampton,Tottenham,2.0,3.0,A,12.0,13.0,5.0,3.0,2.51,3.23,2.89,2.6,3.37,3.04
2013-12-22,2013,Swansea,Everton,1.0,2.0,A,13.0,14.0,3.0,6.0,2.97,3.3,2.41,3.1,3.46,2.5
2013-12-23,2013,Arsenal,Chelsea,0.0,0.0,D,7.0,13.0,2.0,4.0,2.33,3.31,3.12,2.5,3.47,3.3
2013-12-26,2013,Aston Villa,Crystal Palace,0.0,1.0,A,10.0,12.0,4.0,7.0,1.89,3.37,4.4,1.94,3.55,4.77
2013-12-26,2013,Cardiff,Southampton,0.0,3.0,A,9.0,11.0,0.0,6.0,3.19,3.28,2.3,3.39,3.45,2.4
2013-12-26,2013,Chelsea,Swansea,1.0,0.0,H,19.0,8.0,7.0,1.0,1.33,5.04,9.53,1.36,5.5,10.96
2013-12-26,2013,Everton,Sunderland,0.0,1.0,A,26.0,13.0,9.0,6.0,1.36,4.79,8.99,1.4,5.25,11.08
2013-12-26,2013,Hull,Man United,2.0,3.0,A,17.0,13.0,5.0,4.0,6.31,3.9,1.56,7.0,4.29,1.6
2013-12-26,2013,Man City,Liverpool,2.0,1.0,H,20.0,12.0,6.0,5.0,1.75,3.82,4.52,1.8,4.2,4.84
2013-12-26,2013,Newcastle,Stoke,5.0,1.0,H,27.0,11.0,8.0,3.0,1.75,3.56,4.98,1.8,3.8,5.5
2013-12-26,2013,Norwich,Fulham,1.0,2.0,A,12.0,15.0,3.0,7.0,2.04,3.37,3.71,2.1,3.5,4.02
2013-12-26,2013,Tottenham,West Brom,1.0,1.0,D,20.0,7.0,3.0,4.0,1.52,4.14,6.43,1.56,4.5,7.25
2013-12-26,2013,West Ham,Arsenal,1.0,3.0,A,12.0,29.0,5.0,8.0,5.79,3.88,1.6,6.5,4.14,1.65
2013-12-28,2013,Aston Villa,Swansea,1.0,1.0,D,7.0,17.0,3.0,3.0,2.8,3.22,2.58,3.0,3.34,2.66
2013-12-28,2013,Cardiff,Sunderland,2.0,2.0,D,16.0,21.0,7.0,9.0,2.27,3.25,3.24,2.38,3.35,3.47
2013-12-28,2013,Hull,Fulham,6.0,0.0,H,21.0,5.0,13.0,2.0,2.04,3.32,3.8,2.1,3.41,4.22
2013-12-28,2013,Man City,Crystal Palace,1.0,0.0,H,23.0,9.0,4.0,4.0,1.12,9.05,21.18,1.14,10.44,29.0
2013-12-28,2013,Norwich,Man United,0.0,1.0,A,15.0,7.0,4.0,3.0,6.12,3.97,1.57,6.6,4.28,1.6
2013-12-28,2013,West Ham,West Brom,3.0,3.0,D,16.0,22.0,6.0,7.0,2.35,3.27,3.09,2.44,3.4,3.25
2013-12-29,2013,Chelsea,Liverpool,2.0,1.0,H,11.0,8.0,5.0,4.0,2.14,3.39,3.41,2.22,3.6,3.6
2013-12-29,2013,Everton,Southampton,2.0,1.0,H,9.0,12.0,4.0,2.0,1.81,3.56,4.48,1.87,3.75,5.0
2013-12-29,2013,Newcastle,Arsenal,0.0,1.0,A,11.0,11.0,3.0,5.0,3.89,3.48,1.96,4.1,3.74,2.05
2013-12-29,2013,Tottenham,Stoke,3.0,0.0,H,20.0,2.0,7.0,1.0,1.46,4.16,7.54,1.5,4.4,8.5
2014-01-01,2013,Arsenal,Cardiff,2.0,0.0,H,28.0,8.0,6.0,2.0,1.26,5.88,11.7,1.29,6.32,13.53
2014-01-01,2013,Crystal Palace,Norwich,1.0,1.0,D,13.0,8.0,4.0,5.0,2.35,3.21,3.16,2.42,3.3,3.42
2014-01-01,2013,Fulham,West Ham,2.0,1.0,H,30.0,11.0,11.0,3.0,2.39,3.32,3.0,2.5,3.4,3.26
2014-01-01,2013,Liverpool,Hull,2.0,0.0,H,17.0,10.0,6.0,0.0,1.28,5.74,10.49,1.32,6.42,12.0
2014-01-01,2013,Man United,Tottenham,1.0,2.0,A,16.0,9.0,6.0,4.0,1.78,3.65,4.62,1.83,3.85,4.9
2014-01-01,2013,Southampton,Chelsea,0.0,3.0,A,12.0,11.0,2.0,5.0,3.8,3.39,2.02,4.0,3.6,2.1
2014-01-01,2013,Stoke,Everton,1.0,1.0,D,10.0,16.0,4.0,4.0,3.82,3.31,2.04,4.18,3.4,2.1
2014-01-01,2013,Sunderland,Aston Villa,0.0,1.0,A,17.0,13.0,1.0,5.0,2.12,3.32,3.57,2.2,3.5,3.77
2014-01-01,2013,Swansea,Man City,2.0,3.0,A,15.0,14.0,4.0,4.0,5.36,4.0,1.62,5.8,4.26,1.7
2014-01-01,2013,West Brom,Newcastle,1.0,0.0,H,13.0,9.0,4.0,3.0,2.48,3.32,2.86,2.6,3.45,3.02
2014-01-11,2013,Cardiff,West Ham,0.0,2.0,A,19.0,10.0,7.0,3.0,1.96,3.44,3.92,2.02,3.6,4.5
2014-01-11,2013,Everton,Norwich,2.0,0.0,H,23.0,12.0,5.0,3.0,1.38,4.6,8.95,1.42,5.1,10.0
2014-01-11,2013,Fulham,Sunderland,1.0,4.0,A,17.0,10.0,5.0,6.0,2.16,3.3,3.49,2.24,3.4,3.78
2014-01-11,2013,Hull,Chelsea,0.0,2.0,A,10.0,14.0,2.0,5.0,6.15,3.79,1.6,6.83,4.05,1.65
2014-01-11,2013,Man United,Swansea,2.0,0.0,H,16.0,13.0,5.0,2.0,1.54,4.02,6.49,1.62,4.33,7.1
2014-01-11,2013,Southampton,West Brom,1.0,0.0,H,18.0,4.0,5.0,2.0,1.81,3.58,4.51,1.88,3.75,4.88
2014-01-11,2013,Tottenham,Crystal Palace,2.0,0.0,H,10.0,14.0,4.0,2.0,1.37,4.72,9.13,1.4,5.1,11.0
2014-01-12,2013,Newcastle,Man City,0.0,2.0,A,13.0,14.0,5.0,6.0,5.18,3.83,1.67,5.7,4.22,1.73
2014-01-12,2013,Stoke,Liverpool,3.0,5.0,A,13.0,13.0,4.0,9.0,5.66,3.83,1.63,6.2,4.25,1.7
2014-01-13,2013,Aston Villa,Arsenal,1.0,2.0,A,11.0,8.0,5.0,4.0,5.96,3.92,1.58,6.26,4.3,1.62
2014-01-18,2013,Arsenal,Fulham,2.0,0.0,H,22.0,8.0,8.0,2.0,1.22,6.45,13.12,1.25,7.1,16.14
2014-01-18,2013,Crystal Palace,Stoke,1.0,0.0,H,12.0,17.0,6.0,2.0,2.26,3.2,3.36,2.38,3.3,3.7
2014-01-18,2013,Liverpool,Aston Villa,2.0,2.0,D,14.0,12.0,6.0,3.0,1.21,6.76,13.01,1.24,7.4,16.62
2014-01-18,2013,Man City,Cardiff,4.0,2.0,H,24.0,7.0,9.0,6.0,1.12,9.0,19.89,1.15,11.0,26.0
2014-01-18,2013,Norwich,Hull,1.0,0.0,H,25.0,10.0,4.0,0.0,2.36,3.2,3.15,2.45,3.4,3.35
2014-01-18,2013,Sunderland,Southampton,2.0,2.0,D,10.0,17.0,5.0,8.0,3.01,3.25,2.42,3.25,3.4,2.55
2014-01-18,2013,West Ham,Newcastle,1.0,3.0,A,11.0,19.0,2.0,9.0,2.94,3.3,2.44,3.1,3.4,2.55
2014-01-19,2013,Chelsea,Man United,3.0,1.0,H,13.0,10.0,6.0,4.0,1.74,3.63,4.92,1.8,3.84,5.5
2014-01-19,2013,Swansea,Tottenham,1.0,3.0,A,13.0,11.0,3.0,5.0,3.06,3.32,2.35,3.3,3.45,2.43
2014-01-20,2013,West Brom,Everton,1.0,1.0,D,14.0,13.0,6.0,4.0,3.24,3.34,2.23,3.5,3.5,2.3
2014-01-28,2013,Crystal Palace,Hull,1.0,0.0,H,13.0,13.0,3.0,4.0,2.47,3.1,3.1,2.6,3.25,3.25
2014-01-28,2013,Liverpool,Everton,4.0,0.0,H,20.0,18.0,9.0,4.0,1.81,3.7,4.45,1.85,3.9,4.8
2014-01-28,2013,Man United,Cardiff,2.0,0.0,H,17.0,7.0,5.0,1.0,1.24,6.06,13.39,1.3,6.8,16.32
2014-01-28,2013,Norwich,Newcastle,0.0,0.0,D,9.0,22.0,2.0,3.0,2.63,3.27,2.77,2.75,3.4,2.89
2014-01-28,2013,Southampton,Arsenal,2.0,2.0,D,13.0,7.0,5.0,4.0,4.16,3.47,1.92,4.7,3.7,1.98
2014-01-28,2013,Swansea,Fulham,2.0,0.0,H,14.0,15.0,7.0,4.0,1.73,3.63,5.09,1.8,3.8,5.5
2014-01-29,2013,Aston Villa,West Brom,4.0,3.0,H,10.0,12.0,6.0,4.0,2.53,3.27,2.84,2.64,3.45,3.0
2014-01-29,2013,Chelsea,West Ham,0.0,0.0,D,39.0,1.0,9.0,1.0,1.19,6.91,15.47,1.21,8.0,20.0
2014-01-29,2013,Sunderland,Stoke,1.0,0.0,H,16.0,14.0,6.0,5.0,2.1,3.29,3.66,2.15,3.45,4.05
2014-01-29,2013,Tottenham,Man City,1.0,5.0,A,4.0,24.0,2.0,10.0,3.65,3.55,2.01,4.0,3.85,2.08
2014-02-01,2013,Cardiff,Norwich,2.0,1.0,H,14.0,27.0,5.0,6.0,2.24,3.31,3.29,2.3,3.5,3.57
2014-02-01,2013,Everton,Aston Villa,2.0,1.0,H,13.0,4.0,6.0,1.0,1.48,4.2,7.06,1.55,4.5,7.82
2014-02-01,2013,Fulham,Southampton,0.0,3.0,A,8.0,17.0,4.0,5.0,3.35,3.35,2.18,3.63,3.5,2.25
2014-02-01,2013,Hull,Tottenham,1.0,1.0,D,9.0,19.0,4.0,3.0,3.8,3.35,2.03,4.05,3.6,2.11
2014-02-01,2013,Newcastle,Sunderland,0.0,3.0,A,28.0,16.0,10.0,5.0,1.91,3.42,4.19,2.0,3.6,4.5
2014-02-01,2013,Stoke,Man United,2.0,1.0,H,13.0,19.0,6.0,4.0,6.49,3.86,1.56,7.5,4.15,1.6
2014-02-01,2013,West Ham,Swansea,2.0,0.0,H,11.0,20.0,4.0,0.0,2.86,3.28,2.51,3.05,3.4,2.66
2014-02-02,2013,Arsenal,Crystal Palace,2.0,0.0,H,11.0,10.0,6.0,2.0,1.21,6.22,13.93,1.23,8.0,18.0
2014-02-02,2013,West Brom,Liverpool,1.0,1.0,D,12.0,12.0,4.0,3.0,5.49,3.9,1.63,6.0,4.33,1.67
2014-02-03,2013,Man City,Chelsea,0.0,1.0,A,25.0,18.0,3.0,6.0,1.84,3.52,4.38,1.89,3.8,4.72
2014-02-08,2013,Aston Villa,West Ham,0.0,2.0,A,16.0,10.0,1.0,2.0,2.08,3.34,3.64,2.15,3.6,4.0
2014-02-08,2013,Chelsea,Newcastle,3.0,0.0,H,18.0,12.0,8.0,6.0,1.24,5.94,13.55,1.3,6.7,15.8
2014-02-08,2013,Crystal Palace,West Brom,3.0,1.0,H,10.0,16.0,6.0,6.0,2.54,3.16,2.9,2.73,3.4,3.1
2014-02-08,2013,Liverpool,Arsenal,5.0,1.0,H,22.0,11.0,12.0,6.0,2.15,3.46,3.35,2.25,3.7,3.61
2014-02-08,2013,Norwich,Man City,0.0,0.0,D,7.0,15.0,2.0,2.0,8.85,5.16,1.34,10.0,6.0,1.37
2014-02-08,2013,Southampton,Stoke,2.0,2.0,D,17.0,5.0,5.0,4.0,1.52,3.96,6.98,1.6,4.5,7.8
2014-02-08,2013,Sunderland,Hull,0.0,2.0,A,7.0,25.0,3.0,9.0,2.1,3.26,3.71,2.2,3.5,3.97
2014-02-08,2013,Swansea,Cardiff,3.0,0.0,H,17.0,7.0,6.0,1.0,1.84,3.48,4.52,1.9,4.0,5.2
2014-02-09,2013,Man United,Fulham,2.0,2.0,D,31.0,6.0,9.0,3.0,1.19,6.72,15.73,1.22,8.0,21.0
2014-02-09,2013,Tottenham,Everton,1.0,0.0,H,8.0,11.0,2.0,3.0,2.11,3.36,3.54,2.16,3.55,3.75
2014-02-11,2013,Cardiff,Aston Villa,0.0,0.0,D,12.0,18.0,3.0,6.0,2.46,3.29,2.95,2.6,3.45,3.1
2014-02-11,2013,Hull,Southampton,0.0,1.0,A,12.0,16.0,4.0,7.0,2.91,3.19,2.55,3.02,3.31,2.68
2014-02-11,2013,West Brom,Chelsea,1.0,1.0,D,12.0,15.0,1.0,4.0,7.17,4.21,1.49,8.0,5.0,1.55
2014-02-11,2013,West Ham,Norwich,2.0,0.0,H,12.0,13.0,7.0,6.0,2.01,3.39,3.86,2.08,3.55,4.12
2014-02-12,2013,Arsenal,Man United,0.0,0.0,D,17.0,6.0,5.0,2.0,2.11,3.37,3.54,2.2,3.61,4.0
2014-02-12,2013,Fulham,Liverpool,2.0,3.0,A,10.0,21.0,3.0,7.0,7.5,4.75,1.41,8.5,5.4,1.45
2014-02-12,2013,Newcastle,Tottenham,0.0,4.0,A,13.0,15.0,5.0,8.0,3.11,3.36,2.3,3.3,3.55,2.4
2014-02-12,2013,Stoke,Swansea,1.0,1.0,D,7.0,13.0,4.0,3.0,2.61,3.18,2.81,2.75,3.37,3.0
2014-02-22,2013,Arsenal,Sunderland,4.0,1.0,H,12.0,7.0,9.0,3.0,1.31,5.15,10.42,1.35,5.6,13.0
2014-02-22,2013,Cardiff,Hull,0.0,4.0,A,23.0,12.0,5.0,6.0,2.64,3.13,2.82,2.8,3.3,2.93
2014-02-22,2013,Chelsea,Everton,1.0,0.0,H,25.0,8.0,8.0,2.0,1.57,3.85,6.29,1.62,4.1,7.0
2014-02-22,2013,Crystal Palace,Man United,0.0,2.0,A,15.0,14.0,6.0,5.0,6.18,3.87,1.58,7.0,4.12,1.65
2014-02-22,2013,Man City,Stoke,1.0,0.0,H,19.0,7.0,7.0,2.0,1.17,7.38,15.32,1.2,8.6,20.55
2014-02-22,2013,West Brom,Fulham,1.0,1.0,D,16.0,7.0,5.0,3.0,1.77,3.68,4.65,1.83,3.95,5.01
2014-02-22,2013,West Ham,Southampton,3.0,1.0,H,10.0,25.0,5.0,5.0,3.02,3.27,2.4,3.31,3.45,2.5
2014-02-23,2013,Liverpool,Swansea,4.0,3.0,H,21.0,14.0,10.0,5.0,1.29,5.51,10.2,1.31,6.2,12.02
2014-02-23,2013,Newcastle,Aston Villa,1.0,0.0,H,23.0,10.0,5.0,2.0,2.07,3.33,3.7,2.15,3.5,4.09
2014-02-23,2013,Norwich,Tottenham,1.0,0.0,H,13.0,9.0,3.0,2.0,3.72,3.34,2.06,4.0,3.5,2.15
2014-03-01,2013,Everton,West Ham,1.0,0.0,H,22.0,6.0,3.0,1.0,1.51,4.06,6.85,1.57,4.4,8.0
2014-03-01,2013,Fulham,Chelsea,1.0,3.0,A,7.0,17.0,3.0,8.0,7.43,4.34,1.45,8.0,4.75,1.5
2014-03-01,2013,Hull,Newcastle,1.0,4.0,A,13.0,17.0,3.0,7.0,2.37,3.18,3.15,2.45,3.3,3.42
2014-03-01,2013,Southampton,Liverpool,0.0,3.0,A,13.0,12.0,2.0,5.0,3.55,3.53,2.04,3.8,3.75,2.11
2014-03-01,2013,Stoke,Arsenal,1.0,0.0,H,8.0,10.0,4.0,2.0,5.48,3.64,1.68,6.1,3.85,1.73
2014-03-02,2013,Aston Villa,Norwich,4.0,1.0,H,10.0,7.0,4.0,4.0,2.08,3.31,3.69,2.15,3.5,4.01
2014-03-02,2013,Swansea,Crystal Palace,1.0,1.0,D,7.0,7.0,5.0,4.0,1.82,3.42,4.73,1.87,3.65,5.12
2014-03-02,2013,Tottenham,Cardiff,1.0,0.0,H,15.0,8.0,6.0,2.0,1.33,4.89,10.09,1.36,5.4,13.0
2014-03-08,2013,Cardiff,Fulham,3.0,1.0,H,19.0,14.0,9.0,6.0,2.3,3.35,3.14,2.4,3.51,3.35
2014-03-08,2013,Chelsea,Tottenham,4.0,0.0,H,12.0,6.0,4.0,2.0,1.57,3.91,6.38,1.62,4.5,7.1
2014-03-08,2013,Crystal Palace,Southampton,0.0,1.0,A,6.0,11.0,1.0,3.0,3.58,3.26,2.15,3.93,3.4,2.3
2014-03-08,2013,Norwich,Stoke,1.0,1.0,D,13.0,6.0,5.0,3.0,2.22,3.22,3.44,2.3,3.4,3.73
2014-03-08,2013,West Brom,Man United,0.0,3.0,A,14.0,14.0,3.0,5.0,4.59,3.54,1.81,5.3,3.8,1.89
2014-03-15,2013,Aston Villa,Chelsea,1.0,0.0,H,13.0,15.0,4.0,2.0,6.83,4.08,1.51,7.8,4.35,1.6
2014-03-15,2013,Everton,Cardiff,2.0,1.0,H,19.0,10.0,6.0,3.0,1.34,4.87,9.76,1.37,5.4,12.0
2014-03-15,2013,Fulham,Newcastle,1.0,0.0,H,12.0,12.0,3.0,3.0,2.86,3.33,2.48,3.0,3.5,2.62
2014-03-15,2013,Hull,Man City,0.0,2.0,A,15.0,8.0,5.0,3.0,6.14,4.13,1.55,6.9,4.5,1.6
2014-03-15,2013,Southampton,Norwich,4.0,2.0,H,16.0,6.0,6.0,3.0,1.58,3.89,6.18,1.65,4.2,7.26
2014-03-15,2013,Stoke,West Ham,3.0,1.0,H,17.0,8.0,9.0,2.0,2.23,3.19,3.41,2.3,3.35,3.75
2014-03-15,2013,Sunderland,Crystal Palace,0.0,0.0,D,19.0,12.0,2.0,5.0,2.09,3.24,3.73,2.16,3.4,4.1
2014-03-15,2013,Swansea,West Brom,1.0,2.0,A,15.0,13.0,4.0,4.0,1.92,3.43,4.12,2.1,3.6,4.54
2014-03-16,2013,Man United,Liverpool,0.0,3.0,A,13.0,17.0,1.0,7.0,2.46,3.36,2.86,2.56,3.6,3.0
2014-03-16,2013,Tottenham,Arsenal,0.0,1.0,A,17.0,7.0,2.0,3.0,2.97,3.32,2.4,3.2,3.44,2.5
2014-03-22,2013,Cardiff,Liverpool,3.0,6.0,A,9.0,19.0,3.0,9.0,8.5,4.93,1.37,10.0,5.4,1.45
2014-03-22,2013,Chelsea,Arsenal,6.0,0.0,H,21.0,12.0,11.0,5.0,1.87,3.43,4.46,1.92,3.62,4.95
2014-03-22,2013,Everton,Swansea,3.0,2.0,H,9.0,21.0,6.0,7.0,1.64,3.73,5.76,1.7,3.95,6.5
2014-03-22,2013,Hull,West Brom,2.0,0.0,H,12.0,17.0,5.0,4.0,2.2,3.23,3.47,2.28,3.4,3.88
2014-03-22,2013,Man City,Fulham,5.0,0.0,H,22.0,6.0,12.0,0.0,1.15,8.28,15.77,1.17,11.0,20.63
2014-03-22,2013,Newcastle,Crystal Palace,1.0,0.0,H,21.0,8.0,8.0,1.0,1.85,3.43,4.54,1.91,3.62,5.1
2014-03-22,2013,Norwich,Sunderland,2.0,0.0,H,14.0,10.0,8.0,2.0,2.16,3.25,3.54,2.25,3.4,3.93
2014-03-22,2013,West Ham,Man United,0.0,2.0,A,10.0,16.0,1.0,7.0,4.33,3.45,1.88,4.54,3.65,1.95
2014-03-23,2013,Aston Villa,Stoke,1.0,4.0,A,12.0,10.0,3.0,5.0,2.14,3.25,3.57,2.22,3.4,3.9
2014-03-23,2013,Tottenham,Southampton,3.0,2.0,H,15.0,12.0,6.0,4.0,2.17,3.3,3.47,2.26,3.5,3.75
2014-03-25,2013,Arsenal,Swansea,2.0,2.0,D,13.0,8.0,4.0,2.0,1.56,4.08,6.23,1.6,4.5,7.3
2014-03-25,2013,Man United,Man City,0.0,3.0,A,10.0,13.0,4.0,4.0,3.43,3.5,2.14,3.6,3.66,2.22
2014-03-25,2013,Newcastle,Everton,0.0,3.0,A,16.0,8.0,3.0,6.0,3.36,3.32,2.23,3.65,3.5,2.3
2014-03-26,2013,Liverpool,Sunderland,2.0,1.0,H,21.0,12.0,7.0,4.0,1.16,7.9,15.81,1.2,9.0,21.02
2014-03-26,2013,West Ham,Hull,2.0,1.0,H,9.0,10.0,3.0,3.0,2.33,3.21,3.22,2.45,3.4,3.4
2014-03-29,2013,Arsenal,Man City,1.0,1.0,D,10.0,15.0,3.0,4.0,3.49,3.47,2.09,3.75,3.65,2.16
2014-03-29,2013,Crystal Palace,Chelsea,1.0,0.0,H,14.0,21.0,4.0,2.0,8.8,4.32,1.41,10.5,4.77,1.45
2014-03-29,2013,Man United,Aston Villa,4.0,1.0,H,9.0,10.0,6.0,1.0,1.44,4.43,7.73,1.48,4.85,9.0
2014-03-29,2013,Southampton,Newcastle,4.0,0.0,H,23.0,5.0,11.0,2.0,1.71,3.66,5.15,1.8,3.98,5.5
2014-03-29,2013,Stoke,Hull,1.0,0.0,H,15.0,5.0,3.0,3.0,2.14,3.23,3.62,2.21,3.4,3.91
2014-03-29,2013,Swansea,Norwich,3.0,0.0,H,16.0,8.0,7.0,4.0,1.72,3.65,5.06,1.8,3.92,5.6
2014-03-29,2013,West Brom,Cardiff,3.0,3.0,D,16.0,11.0,6.0,5.0,1.8,3.59,4.57,1.86,3.82,4.96
2014-03-30,2013,Fulham,Everton,1.0,3.0,A,23.0,14.0,8.0,7.0,4.76,3.6,1.77,5.1,3.8,1.9
2014-03-30,2013,Liverpool,Tottenham,4.0,0.0,H,11.0,15.0,5.0,4.0,1.45,4.65,6.76,1.5,5.1,7.51
2014-03-31,2013,Sunderland,West Ham,1.0,2.0,A,26.0,11.0,7.0,6.0,2.24,3.26,3.31,2.34,3.4,3.6
2014-04-05,2013,Aston Villa,Fulham,1.0,2.0,A,12.0,16.0,6.0,8.0,1.99,3.44,3.86,2.06,3.6,4.1
2014-04-05,2013,Cardiff,Crystal Palace,0.0,3.0,A,13.0,13.0,4.0,8.0,2.37,3.18,3.16,2.46,3.4,3.4
2014-04-05,2013,Chelsea,Stoke,3.0,0.0,H,18.0,4.0,8.0,2.0,1.26,5.64,12.49,1.3,6.3,16.0
2014-04-05,2013,Hull,Swansea,1.0,0.0,H,8.0,12.0,4.0,2.0,2.65,3.16,2.8,2.78,3.31,3.1
2014-04-05,2013,Man City,Southampton,4.0,1.0,H,15.0,5.0,8.0,1.0,1.33,5.33,9.11,1.35,6.0,11.0
2014-04-05,2013,Newcastle,Man United,0.0,4.0,A,14.0,8.0,4.0,4.0,3.98,3.47,1.95,4.33,3.7,2.0
2014-04-05,2013,Norwich,West Brom,0.0,1.0,A,12.0,8.0,4.0,5.0,2.39,3.25,3.08,2.47,3.4,3.3
2014-04-06,2013,Everton,Arsenal,3.0,0.0,H,14.0,15.0,8.0,5.0,2.45,3.36,2.89,2.6,3.53,3.1
2014-04-06,2013,West Ham,Liverpool,1.0,2.0,A,11.0,17.0,1.0,8.0,8.27,4.86,1.38,9.37,5.3,1.44
2014-04-07,2013,Tottenham,Sunderland,5.0,1.0,H,29.0,8.0,11.0,4.0,1.56,3.98,6.29,1.6,4.5,7.0
2014-04-12,2013,Crystal Palace,Aston Villa,1.0,0.0,H,14.0,7.0,4.0,4.0,2.1,3.22,3.77,2.2,3.4,4.15
2014-04-12,2013,Fulham,Norwich,1.0,0.0,H,14.0,13.0,3.0,3.0,2.12,3.39,3.51,2.2,3.6,3.85
2014-04-12,2013,Southampton,Cardiff,0.0,1.0,A,19.0,6.0,7.0,4.0,1.47,4.4,6.99,1.55,4.77,8.2
2014-04-12,2013,Stoke,Newcastle,1.0,0.0,H,10.0,13.0,3.0,1.0,2.11,3.31,3.62,2.2,3.43,3.95
2014-04-12,2013,Sunderland,Everton,0.0,1.0,A,24.0,20.0,6.0,3.0,4.73,3.55,1.79,5.27,3.82,1.85
2014-04-12,2013,West Brom,Tottenham,3.0,3.0,D,6.0,20.0,5.0,8.0,3.07,3.37,2.33,3.25,3.6,2.4
2014-04-13,2013,Liverpool,Man City,3.0,2.0,H,10.0,13.0,4.0,5.0,2.39,3.51,2.88,2.5,3.75,3.1
2014-04-13,2013,Swansea,Chelsea,0.0,1.0,A,7.0,26.0,4.0,3.0,4.82,3.53,1.79,5.2,3.8,1.85
2014-04-15,2013,Arsenal,West Ham,3.0,1.0,H,14.0,12.0,8.0,2.0,1.41,4.65,8.08,1.5,5.02,9.04
2014-04-16,2013,Everton,Crystal Palace,2.0,3.0,A,17.0,7.0,5.0,4.0,1.4,4.51,8.59,1.44,4.9,10.04
2014-04-16,2013,Man City,Sunderland,2.0,2.0,D,16.0,11.0,4.0,3.0,1.15,8.27,15.76,1.17,10.5,19.0
2014-04-19,2013,Aston Villa,Southampton,0.0,0.0,D,6.0,3.0,1.0,2.0,3.37,3.33,2.17,3.65,3.46,2.3
2014-04-19,2013,Cardiff,Stoke,1.0,1.0,D,13.0,14.0,4.0,5.0,2.43,3.25,2.95,2.53,3.4,3.13
2014-04-19,2013,Chelsea,Sunderland,1.0,2.0,A,31.0,7.0,15.0,3.0,1.19,6.8,14.04,1.22,7.73,18.89
2014-04-19,2013,Newcastle,Swansea,1.0,2.0,A,14.0,10.0,4.0,2.0,2.65,3.32,2.64,2.8,3.45,2.8
2014-04-19,2013,Tottenham,Fulham,3.0,1.0,H,14.0,11.0,5.0,4.0,1.51,4.24,6.31,1.55,4.56,7.2
2014-04-19,2013,West Ham,Crystal Palace,0.0,1.0,A,13.0,11.0,4.0,3.0,2.19,3.26,3.41,2.26,3.43,3.7
2014-04-20,2013,Everton,Man United,2.0,0.0,H,17.0,9.0,5.0,2.0,2.37,3.35,2.95,2.48,3.5,3.14
2014-04-20,2013,Hull,Arsenal,0.0,3.0,A,13.0,12.0,4.0,6.0,4.6,3.53,1.79,5.1,3.75,1.85
2014-04-20,2013,Norwich,Liverpool,2.0,3.0,A,13.0,14.0,5.0,6.0,8.22,5.06,1.35,9.2,5.5,1.4
2014-04-21,2013,Man City,West Brom,3.0,1.0,H,19.0,10.0,6.0,3.0,1.19,7.06,12.79,1.21,8.1,18.0
2014-04-26,2013,Fulham,Hull,2.0,2.0,D,10.0,8.0,3.0,4.0,2.28,3.31,3.17,2.38,3.48,3.41
2014-04-26,2013,Man United,Norwich,4.0,0.0,H,25.0,9.0,11.0,2.0,1.36,4.94,8.44,1.4,5.4,9.55
2014-04-26,2013,Southampton,Everton,2.0,0.0,H,14.0,9.0,4.0,2.0,2.76,3.38,2.52,2.9,3.59,2.65
2014-04-26,2013,Stoke,Tottenham,0.0,1.0,A,17.0,16.0,3.0,4.0,3.1,3.33,2.32,3.33,3.45,2.4
2014-04-26,2013,Swansea,Aston Villa,4.0,1.0,H,11.0,11.0,8.0,3.0,1.66,3.68,5.5,1.7,3.86,6.25
2014-04-26,2013,West Brom,West Ham,1.0,0.0,H,19.0,9.0,6.0,3.0,1.88,3.57,4.11,1.95,3.75,4.52
2014-04-27,2013,Crystal Palace,Man City,0.0,2.0,A,3.0,16.0,2.0,6.0,7.49,4.61,1.42,9.1,5.1,1.45
2014-04-27,2013,Liverpool,Chelsea,0.0,2.0,A,26.0,11.0,8.0,4.0,1.67,3.93,5.03,1.73,4.22,5.5
2014-04-27,2013,Sunderland,Cardiff,4.0,0.0,H,21.0,6.0,7.0,1.0,1.89,3.57,4.07,1.95,3.75,4.4
2014-04-28,2013,Arsenal,Newcastle,3.0,0.0,H,20.0,8.0,8.0,3.0,1.27,5.68,11.09,1.3,6.5,14.0
2014-05-03,2013,Aston Villa,Hull,3.0,1.0,H,15.0,7.0,9.0,2.0,2.43,3.18,3.04,2.52,3.4,3.3
2014-05-03,2013,Everton,Man City,2.0,3.0,A,9.0,18.0,4.0,6.0,4.7,3.8,1.73,5.0,4.1,1.76
2014-05-03,2013,Man United,Sunderland,0.0,1.0,A,17.0,8.0,2.0,1.0,1.35,5.16,8.21,1.4,5.77,10.5
2014-05-03,2013,Newcastle,Cardiff,3.0,0.0,H,22.0,16.0,6.0,3.0,2.02,3.47,3.69,2.1,3.65,4.0
2014-05-03,2013,Stoke,Fulham,4.0,1.0,H,23.0,10.0,8.0,2.0,2.28,3.37,3.11,2.38,3.6,3.3
2014-05-03,2013,Swansea,Southampton,0.0,1.0,A,12.0,18.0,3.0,4.0,2.42,3.31,2.94,2.55,3.45,3.13
2014-05-03,2013,West Ham,Tottenham,2.0,0.0,H,20.0,12.0,8.0,3.0,4.1,3.59,1.88,4.55,3.8,1.95
2014-05-04,2013,Arsenal,West Brom,1.0,0.0,H,15.0,11.0,4.0,1.0,1.27,5.73,11.0,1.3,6.5,13.0
2014-05-04,2013,Chelsea,Norwich,0.0,0.0,D,23.0,6.0,4.0,3.0,1.2,6.65,14.41,1.22,7.53,18.0
2014-05-05,2013,Crystal Palace,Liverpool,3.0,3.0,D,10.0,26.0,6.0,9.0,8.29,4.76,1.38,9.8,5.3,1.41
2014-05-06,2013,Man United,Hull,3.0,1.0,H,18.0,2.0,7.0,2.0,1.37,5.05,8.25,1.41,5.6,9.0
2014-05-07,2013,Man City,Aston Villa,4.0,0.0,H,18.0,5.0,9.0,0.0,1.13,9.06,18.19,1.17,11.0,25.0
2014-05-07,2013,Sunderland,West Brom,2.0,0.0,H,10.0,13.0,4.0,3.0,2.05,3.05,4.17,2.14,3.22,4.5
2014-05-11,2013,Cardiff,Chelsea,1.0,2.0,A,10.0,28.0,4.0,7.0,7.66,4.62,1.41,9.0,5.3,1.47
2014-05-11,2013,Fulham,Crystal Palace,2.0,2.0,D,15.0,15.0,5.0,6.0,2.53,3.36,2.77,2.75,3.51,2.95
2014-05-11,2013,Hull,Everton,0.0,2.0,A,12.0,11.0,3.0,4.0,3.81,3.45,1.99,4.06,3.65,2.1
2014-05-11,2013,Liverpool,Newcastle,2.0,1.0,H,13.0,8.0,5.0,2.0,1.2,7.14,12.43,1.24,8.03,15.0
2014-05-11,2013,Man City,West Ham,2.0,0.0,H,28.0,3.0,7.0,0.0,1.15,8.41,15.0,1.19,9.4,19.0
2014-05-11,2013,Norwich,Arsenal,0.0,2.0,A,11.0,14.0,5.0,8.0,4.31,3.6,1.84,4.8,3.85,1.91
2014-05-11,2013,Southampton,Man United,1.0,1.0,D,15.0,8.0,6.0,2.0,2.56,3.37,2.74,2.63,3.62,2.88
2014-05-11,2013,Sunderland,Swansea,1.0,3.0,A,20.0,8.0,4.0,4.0,2.29,3.28,3.22,2.4,3.41,3.6
2014-05-11,2013,Tottenham,Aston Villa,3.0,0.0,H,12.0,4.0,6.0,1.0,1.49,4.25,6.94,1.52,4.65,8.2
2014-05-11,2013,West Brom,Stoke,1.0,2.0,A,17.0,15.0,4.0,4.0,2.04,3.43,3.67,2.1,3.66,3.9
2014-08-16,2014,Arsenal,Crystal Palace,2.0,1.0,H,14.0,4.0,6.0,2.0,1.25,5.96,12.43,1.3,6.7,16.0
2014-08-16,2014,Leicester,Everton,2.0,2.0,D,11.0,13.0,3.0,3.0,3.06,3.32,2.36,3.3,3.45,2.42
2014-08-16,2014,Man United,Swansea,1.0,2.0,A,14.0,5.0,5.0,4.0,1.34,4.96,9.32,1.38,5.5,11.03
2014-08-16,2014,QPR,Hull,0.0,1.0,A,19.0,11.0,6.0,4.0,2.47,3.18,3.02,2.6,3.4,3.2
2014-08-16,2014,Stoke,Aston Villa,0.0,1.0,A,12.0,7.0,2.0,2.0,1.92,3.38,4.27,2.0,3.5,4.8
2014-08-16,2014,West Brom,Sunderland,2.0,2.0,D,10.0,7.0,5.0,2.0,2.23,3.31,3.34,2.3,3.5,3.7
2014-08-16,2014,West Ham,Tottenham,0.0,1.0,A,18.0,10.0,4.0,4.0,3.74,3.43,2.03,4.05,3.62,2.2
2014-08-17,2014,Liverpool,Southampton,2.0,1.0,H,12.0,12.0,5.0,6.0,1.34,5.16,9.0,1.38,5.8,11.0
2014-08-17,2014,Newcastle,Man City,0.0,2.0,A,12.0,13.0,0.0,5.0,5.24,4.0,1.64,5.97,4.33,1.67
2014-08-18,2014,Burnley,Chelsea,1.0,3.0,A,9.0,11.0,2.0,3.0,8.72,4.63,1.39,11.0,5.1,1.42
2014-08-23,2014,Aston Villa,Newcastle,0.0,0.0,D,9.0,11.0,0.0,4.0,2.5,3.27,2.92,2.65,3.45,3.11
2014-08-23,2014,Chelsea,Leicester,2.0,0.0,H,27.0,6.0,10.0,4.0,1.2,6.79,14.59,1.24,7.8,18.48
2014-08-23,2014,Crystal Palace,West Ham,1.0,3.0,A,9.0,17.0,4.0,8.0,2.44,3.18,3.07,2.52,3.31,3.35
2014-08-23,2014,Everton,Arsenal,2.0,2.0,D,8.0,13.0,2.0,3.0,2.71,3.3,2.65,2.82,3.5,2.78
2014-08-23,2014,Southampton,West Brom,0.0,0.0,D,8.0,8.0,2.0,2.0,1.86,3.52,4.43,1.95,3.8,4.8
2014-08-23,2014,Swansea,Burnley,1.0,0.0,H,10.0,12.0,5.0,1.0,1.64,3.83,5.65,1.7,4.11,6.25
2014-08-24,2014,Hull,Stoke,1.0,1.0,D,9.0,19.0,2.0,3.0,2.44,3.16,3.1,2.6,3.3,3.31
2014-08-24,2014,Sunderland,Man United,1.0,1.0,D,11.0,10.0,3.0,3.0,4.8,3.68,1.76,5.25,4.0,1.81
2014-08-24,2014,Tottenham,QPR,4.0,0.0,H,18.0,9.0,5.0,1.0,1.46,4.37,7.21,1.51,4.77,8.2
2014-08-25,2014,Man City,Liverpool,3.0,1.0,H,9.0,11.0,4.0,3.0,1.83,3.72,4.26,1.88,4.1,4.5
2014-08-30,2014,Burnley,Man United,0.0,0.0,D,9.0,7.0,3.0,2.0,5.97,3.89,1.6,6.54,4.27,1.67
2014-08-30,2014,Everton,Chelsea,3.0,6.0,A,17.0,12.0,7.0,8.0,3.56,3.31,2.15,3.84,3.5,2.22
2014-08-30,2014,Man City,Stoke,0.0,1.0,A,16.0,7.0,2.0,2.0,1.19,7.04,15.58,1.21,8.0,21.0
2014-08-30,2014,Newcastle,Crystal Palace,3.0,3.0,D,18.0,12.0,4.0,7.0,1.72,3.6,5.22,1.77,3.8,5.8
2014-08-30,2014,QPR,Sunderland,1.0,0.0,H,18.0,16.0,5.0,6.0,2.41,3.17,3.13,2.51,3.3,3.4
2014-08-30,2014,Swansea,West Brom,3.0,0.0,H,15.0,16.0,8.0,2.0,1.85,3.51,4.47,1.91,3.7,4.9
2014-08-30,2014,West Ham,Southampton,1.0,3.0,A,4.0,18.0,2.0,8.0,2.73,3.26,2.65,2.9,3.5,2.76
2014-08-31,2014,Aston Villa,Hull,2.0,1.0,H,11.0,9.0,4.0,3.0,2.25,3.15,3.47,2.38,3.3,3.75
2014-08-31,2014,Leicester,Arsenal,1.0,1.0,D,9.0,24.0,3.0,6.0,4.48,3.6,1.82,4.75,3.9,1.89
2014-08-31,2014,Tottenham,Liverpool,0.0,3.0,A,7.0,17.0,1.0,8.0,2.63,3.38,2.68,2.74,3.6,2.8
2014-09-13,2014,Arsenal,Man City,2.0,2.0,D,15.0,15.0,6.0,8.0,2.93,3.35,2.43,3.05,3.55,2.51
2014-09-13,2014,Chelsea,Swansea,4.0,2.0,H,29.0,11.0,9.0,2.0,1.3,5.41,10.78,1.33,6.0,12.5
2014-09-13,2014,Crystal Palace,Burnley,0.0,0.0,D,14.0,11.0,3.0,3.0,2.19,3.24,3.5,2.3,3.35,3.8
2014-09-13,2014,Liverpool,Aston Villa,0.0,1.0,A,18.0,5.0,1.0,1.0,1.29,5.58,10.79,1.33,6.0,12.0
2014-09-13,2014,Southampton,Newcastle,4.0,0.0,H,10.0,9.0,7.0,4.0,1.78,3.6,4.78,1.9,3.8,5.1
2014-09-13,2014,Stoke,Leicester,0.0,1.0,A,24.0,8.0,4.0,1.0,2.09,3.24,3.8,2.16,3.4,4.07
2014-09-13,2014,Sunderland,Tottenham,2.0,2.0,D,6.0,15.0,1.0,6.0,3.59,3.37,2.11,3.84,3.55,2.2
2014-09-13,2014,West Brom,Everton,0.0,2.0,A,11.0,11.0,1.0,4.0,3.45,3.37,2.15,3.74,3.5,2.21
2014-09-14,2014,Man United,QPR,4.0,0.0,H,19.0,9.0,9.0,2.0,1.27,5.72,11.51,1.33,6.33,13.29
2014-09-15,2014,Hull,West Ham,2.0,2.0,D,11.0,16.0,6.0,4.0,2.13,3.28,3.63,2.31,3.4,4.0
2014-09-20,2014,Aston Villa,Arsenal,0.0,3.0,A,6.0,9.0,2.0,3.0,4.6,3.53,1.82,5.0,3.8,1.88
2014-09-20,2014,Burnley,Sunderland,0.0,0.0,D,17.0,14.0,6.0,6.0,2.5,3.2,2.96,2.61,3.36,3.2
2014-09-20,2014,Newcastle,Hull,2.0,2.0,D,25.0,10.0,7.0,3.0,2.14,3.29,3.59,2.27,3.4,3.86
2014-09-20,2014,QPR,Stoke,2.0,2.0,D,21.0,8.0,5.0,4.0,2.74,3.11,2.76,2.88,3.25,2.88
2014-09-20,2014,Swansea,Southampton,0.0,1.0,A,5.0,11.0,2.0,4.0,2.45,3.29,2.97,2.61,3.4,3.18
2014-09-20,2014,West Ham,Liverpool,3.0,1.0,H,13.0,11.0,7.0,5.0,4.38,3.78,1.8,4.7,4.0,1.86
2014-09-21,2014,Everton,Crystal Palace,2.0,3.0,A,17.0,10.0,6.0,3.0,1.39,4.68,8.48,1.45,5.2,9.52
2014-09-21,2014,Leicester,Man United,5.0,3.0,H,15.0,16.0,5.0,5.0,5.39,3.98,1.64,6.0,4.33,1.67
2014-09-21,2014,Man City,Chelsea,1.0,1.0,D,16.0,6.0,4.0,2.0,2.37,3.39,2.99,2.46,3.55,3.16
2014-09-21,2014,Tottenham,West Brom,0.0,1.0,A,7.0,10.0,1.0,4.0,1.5,4.2,6.84,1.54,4.6,7.4
2014-09-27,2014,Arsenal,Tottenham,1.0,1.0,D,16.0,6.0,6.0,4.0,1.77,3.72,4.65,1.81,4.0,5.1
2014-09-27,2014,Chelsea,Aston Villa,3.0,0.0,H,17.0,7.0,8.0,1.0,1.21,6.5,14.22,1.26,7.2,17.0
2014-09-27,2014,Crystal Palace,Leicester,2.0,0.0,H,16.0,7.0,6.0,1.0,2.6,3.27,2.79,2.72,3.4,2.94
2014-09-27,2014,Hull,Man City,2.0,4.0,A,10.0,20.0,5.0,6.0,6.34,4.03,1.55,7.0,4.33,1.61
2014-09-27,2014,Liverpool,Everton,1.0,1.0,D,24.0,11.0,8.0,5.0,1.91,3.63,4.0,2.01,3.8,4.33
2014-09-27,2014,Man United,West Ham,2.0,1.0,H,8.0,13.0,3.0,4.0,1.38,5.08,7.84,1.43,5.5,9.5
2014-09-27,2014,Southampton,QPR,2.0,1.0,H,19.0,10.0,9.0,2.0,1.44,4.42,7.77,1.51,4.8,8.9
2014-09-27,2014,Sunderland,Swansea,0.0,0.0,D,15.0,7.0,3.0,1.0,2.79,3.21,2.62,3.0,3.3,2.77
2014-09-28,2014,West Brom,Burnley,4.0,0.0,H,20.0,10.0,6.0,2.0,1.98,3.37,4.02,2.04,3.5,4.35
2014-09-29,2014,Stoke,Newcastle,1.0,0.0,H,12.0,16.0,3.0,1.0,2.1,3.32,3.64,2.16,3.45,3.9
2014-10-04,2014,Aston Villa,Man City,0.0,2.0,A,6.0,27.0,1.0,7.0,7.25,4.2,1.48,8.05,4.57,1.55
2014-10-04,2014,Hull,Crystal Palace,2.0,0.0,H,15.0,11.0,2.0,2.0,2.07,3.34,3.72,2.2,3.52,4.0
2014-10-04,2014,Leicester,Burnley,2.0,2.0,D,15.0,10.0,6.0,4.0,1.78,3.57,4.8,1.82,3.75,5.19
2014-10-04,2014,Liverpool,West Brom,2.0,1.0,H,19.0,8.0,7.0,4.0,1.43,4.63,7.36,1.46,5.0,8.2
2014-10-04,2014,Sunderland,Stoke,3.0,1.0,H,8.0,11.0,3.0,5.0,2.5,3.17,2.97,2.6,3.3,3.2
2014-10-04,2014,Swansea,Newcastle,2.0,2.0,D,11.0,9.0,5.0,4.0,1.87,3.52,4.31,1.93,3.75,4.7
2014-10-05,2014,Chelsea,Arsenal,2.0,0.0,H,5.0,10.0,3.0,0.0,1.66,3.83,5.4,1.7,4.2,6.0
2014-10-05,2014,Man United,Everton,2.0,1.0,H,15.0,10.0,4.0,6.0,1.65,3.9,5.26,1.7,4.3,5.8
2014-10-05,2014,Tottenham,Southampton,1.0,0.0,H,9.0,7.0,4.0,3.0,2.15,3.36,3.47,2.25,3.55,3.71
2014-10-05,2014,West Ham,QPR,2.0,0.0,H,11.0,10.0,3.0,3.0,1.9,3.48,4.23,1.95,3.61,4.56
2014-10-18,2014,Arsenal,Hull,2.0,2.0,D,25.0,4.0,9.0,4.0,1.41,4.67,8.03,1.45,5.0,9.2
2014-10-18,2014,Burnley,West Ham,1.0,3.0,A,17.0,22.0,3.0,6.0,2.75,3.29,2.63,2.88,3.45,2.75
2014-10-18,2014,Crystal Palace,Chelsea,1.0,2.0,A,7.0,14.0,4.0,5.0,7.96,4.51,1.43,8.9,4.9,1.46
2014-10-18,2014,Everton,Aston Villa,3.0,0.0,H,15.0,10.0,6.0,2.0,1.58,3.96,6.2,1.65,4.29,6.76
2014-10-18,2014,Man City,Tottenham,4.0,1.0,H,20.0,19.0,12.0,7.0,1.46,4.49,7.29,1.5,4.8,8.2
2014-10-18,2014,Newcastle,Leicester,1.0,0.0,H,19.0,7.0,6.0,2.0,2.19,3.45,3.31,2.28,3.65,3.5
2014-10-18,2014,Southampton,Sunderland,8.0,0.0,H,20.0,12.0,11.0,1.0,1.57,3.88,6.56,1.65,4.15,7.2
2014-10-19,2014,QPR,Liverpool,2.0,3.0,A,15.0,15.0,6.0,5.0,5.98,4.03,1.58,6.5,4.35,1.65
2014-10-19,2014,Stoke,Swansea,2.0,1.0,H,17.0,13.0,3.0,5.0,2.46,3.24,2.99,2.55,3.35,3.15
2014-10-20,2014,West Brom,Man United,2.0,2.0,D,8.0,22.0,2.0,7.0,4.83,3.83,1.73,5.2,4.1,1.78
2014-10-25,2014,Liverpool,Hull,0.0,0.0,D,17.0,6.0,4.0,3.0,1.43,4.55,7.75,1.47,5.0,9.0
2014-10-25,2014,Southampton,Stoke,1.0,0.0,H,20.0,8.0,2.0,1.0,1.6,3.88,5.99,1.65,4.18,6.5
2014-10-25,2014,Sunderland,Arsenal,0.0,2.0,A,11.0,15.0,3.0,5.0,5.05,3.7,1.72,5.5,3.95,1.79
2014-10-25,2014,Swansea,Leicester,2.0,0.0,H,7.0,9.0,3.0,4.0,1.9,3.53,4.13,1.95,3.75,4.4
2014-10-25,2014,West Brom,Crystal Palace,2.0,2.0,D,17.0,8.0,4.0,6.0,1.88,3.46,4.37,1.94,3.65,4.75
2014-10-25,2014,West Ham,Man City,2.0,1.0,H,12.0,21.0,4.0,5.0,6.07,4.34,1.53,6.7,4.75,1.57
2014-10-26,2014,Burnley,Everton,1.0,3.0,A,14.0,15.0,3.0,6.0,4.46,3.56,1.83,4.8,3.81,1.88
2014-10-26,2014,Man United,Chelsea,1.0,1.0,D,19.0,9.0,7.0,4.0,2.84,3.38,2.48,3.0,3.6,2.6
2014-10-26,2014,Tottenham,Newcastle,1.0,2.0,A,17.0,8.0,2.0,2.0,1.74,3.74,4.78,1.8,3.95,5.2
2014-10-27,2014,QPR,Aston Villa,2.0,0.0,H,11.0,15.0,4.0,6.0,2.33,3.2,3.23,2.4,3.32,3.45
2014-11-01,2014,Arsenal,Burnley,3.0,0.0,H,32.0,6.0,13.0,2.0,1.27,5.81,11.61,1.3,6.5,14.0
2014-11-01,2014,Chelsea,QPR,2.0,1.0,H,18.0,7.0,8.0,1.0,1.17,7.6,16.97,1.19,8.61,21.0
2014-11-01,2014,Everton,Swansea,0.0,0.0,D,17.0,8.0,3.0,0.0,1.72,3.64,5.15,1.76,3.9,5.5
2014-11-01,2014,Hull,Southampton,0.0,1.0,A,8.0,10.0,1.0,3.0,3.85,3.42,2.01,4.1,3.6,2.1
2014-11-01,2014,Leicester,West Brom,0.0,1.0,A,14.0,8.0,5.0,3.0,2.27,3.37,3.2,2.38,3.5,3.4
2014-11-01,2014,Newcastle,Liverpool,1.0,0.0,H,14.0,6.0,3.0,3.0,3.72,3.54,2.01,3.85,3.75,2.08
2014-11-01,2014,Stoke,West Ham,2.0,2.0,D,21.0,10.0,6.0,2.0,2.36,3.29,3.12,2.45,3.5,3.25
2014-11-02,2014,Aston Villa,Tottenham,1.0,2.0,A,12.0,18.0,1.0,7.0,3.72,3.4,2.05,3.9,3.6,2.1
2014-11-02,2014,Man City,Man United,1.0,0.0,H,16.0,9.0,6.0,2.0,1.88,3.65,4.07,1.95,3.95,4.33
2014-11-03,2014,Crystal Palace,Sunderland,1.0,3.0,A,9.0,8.0,1.0,7.0,2.07,3.35,3.73,2.15,3.5,4.0
2014-11-08,2014,Burnley,Hull,1.0,0.0,H,14.0,12.0,3.0,1.0,2.49,3.28,2.91,2.6,3.4,3.1
2014-11-08,2014,Liverpool,Chelsea,1.0,2.0,A,12.0,15.0,4.0,5.0,3.27,3.32,2.26,3.5,3.5,2.34
2014-11-08,2014,Man United,Crystal Palace,1.0,0.0,H,23.0,6.0,5.0,1.0,1.3,5.53,10.42,1.35,6.0,12.1
2014-11-08,2014,QPR,Man City,2.0,2.0,D,17.0,23.0,4.0,6.0,6.74,4.5,1.47,7.6,4.9,1.53
2014-11-08,2014,Southampton,Leicester,2.0,0.0,H,18.0,5.0,6.0,0.0,1.43,4.5,7.92,1.5,4.9,9.0
2014-11-08,2014,West Ham,Aston Villa,0.0,0.0,D,21.0,12.0,5.0,4.0,1.72,3.64,5.19,1.76,3.88,5.6
2014-11-09,2014,Sunderland,Everton,1.0,1.0,D,10.0,16.0,3.0,7.0,3.82,3.4,2.02,4.1,3.55,2.09
2014-11-09,2014,Swansea,Arsenal,2.0,1.0,H,11.0,12.0,5.0,4.0,3.5,3.36,2.14,3.75,3.55,2.22
2014-11-09,2014,Tottenham,Stoke,1.0,2.0,A,14.0,11.0,4.0,4.0,1.67,3.72,5.48,1.73,4.0,6.0
2014-11-09,2014,West Brom,Newcastle,0.0,2.0,A,10.0,8.0,2.0,3.0,2.26,3.34,3.26,2.4,3.5,3.5
2014-11-22,2014,Arsenal,Man United,1.0,2.0,A,23.0,12.0,9.0,2.0,2.15,3.46,3.4,2.3,3.75,3.6
2014-11-22,2014,Chelsea,West Brom,2.0,0.0,H,21.0,5.0,8.0,1.0,1.23,6.22,13.88,1.26,7.0,17.0
2014-11-22,2014,Everton,West Ham,2.0,1.0,H,14.0,14.0,4.0,3.0,1.83,3.6,4.46,1.91,3.85,4.8
2014-11-22,2014,Leicester,Sunderland,0.0,0.0,D,13.0,10.0,4.0,5.0,2.1,3.34,3.69,2.25,3.6,4.0
2014-11-22,2014,Man City,Swansea,2.0,1.0,H,23.0,8.0,10.0,3.0,1.37,5.01,8.24,1.43,5.5,9.5
2014-11-22,2014,Newcastle,QPR,1.0,0.0,H,14.0,13.0,6.0,4.0,1.82,3.55,4.56,1.91,3.75,4.9
2014-11-22,2014,Stoke,Burnley,1.0,2.0,A,25.0,5.0,4.0,4.0,1.69,3.66,5.49,1.74,3.9,6.0
2014-11-23,2014,Crystal Palace,Liverpool,3.0,1.0,H,15.0,12.0,5.0,1.0,4.41,3.5,1.86,4.7,3.74,1.95
2014-11-23,2014,Hull,Tottenham,1.0,2.0,A,10.0,23.0,2.0,6.0,3.48,3.33,2.16,3.72,3.5,2.25
2014-11-24,2014,Aston Villa,Southampton,1.0,1.0,D,7.0,15.0,1.0,4.0,5.02,3.59,1.74,5.54,3.8,1.8
2014-11-29,2014,Burnley,Aston Villa,1.0,1.0,D,11.0,18.0,4.0,7.0,2.14,3.28,3.58,2.23,3.4,3.9
2014-11-29,2014,Liverpool,Stoke,1.0,0.0,H,16.0,13.0,3.0,4.0,1.69,3.77,5.11,1.77,4.0,5.5
2014-11-29,2014,Man United,Hull,3.0,0.0,H,12.0,4.0,6.0,2.0,1.31,5.36,9.7,1.36,6.0,11.0
2014-11-29,2014,QPR,Leicester,3.0,2.0,H,32.0,19.0,6.0,5.0,2.29,3.3,3.22,2.4,3.43,3.45
2014-11-29,2014,Sunderland,Chelsea,0.0,0.0,D,12.0,24.0,3.0,6.0,8.91,4.69,1.38,10.2,5.12,1.43
2014-11-29,2014,Swansea,Crystal Palace,1.0,1.0,D,18.0,11.0,4.0,5.0,1.78,3.57,4.8,1.85,3.75,5.2
2014-11-29,2014,West Brom,Arsenal,0.0,1.0,A,9.0,17.0,1.0,5.0,4.46,3.56,1.83,4.8,3.8,1.9
2014-11-29,2014,West Ham,Newcastle,1.0,0.0,H,12.0,7.0,3.0,1.0,2.12,3.34,3.56,2.25,3.55,3.76
2014-11-30,2014,Southampton,Man City,0.0,3.0,A,13.0,15.0,4.0,6.0,3.1,3.35,2.33,3.25,3.6,2.44
2014-11-30,2014,Tottenham,Everton,2.0,1.0,H,13.0,10.0,6.0,5.0,2.26,3.39,3.21,2.38,3.65,3.39
2014-12-02,2014,Burnley,Newcastle,1.0,1.0,D,12.0,11.0,2.0,4.0,2.78,3.23,2.65,2.9,3.35,2.8
2014-12-02,2014,Crystal Palace,Aston Villa,0.0,1.0,A,17.0,5.0,5.0,3.0,2.06,3.32,3.86,2.15,3.45,4.2
2014-12-02,2014,Leicester,Liverpool,1.0,3.0,A,20.0,11.0,4.0,3.0,3.71,3.47,2.05,3.85,3.65,2.1
2014-12-02,2014,Man United,Stoke,2.0,1.0,H,10.0,5.0,3.0,4.0,1.44,4.45,7.9,1.5,4.8,9.1
2014-12-02,2014,Swansea,QPR,2.0,0.0,H,18.0,5.0,7.0,1.0,1.71,3.7,5.18,1.8,3.95,5.9
2014-12-02,2014,West Brom,West Ham,1.0,2.0,A,23.0,11.0,5.0,6.0,2.46,3.28,2.99,2.55,3.4,3.2
2014-12-03,2014,Arsenal,Southampton,1.0,0.0,H,19.0,6.0,8.0,1.0,1.77,3.64,4.76,1.83,3.85,5.02
2014-12-03,2014,Chelsea,Tottenham,3.0,0.0,H,12.0,10.0,8.0,2.0,1.41,4.67,8.05,1.45,5.0,9.5
2014-12-03,2014,Everton,Hull,1.0,1.0,D,13.0,8.0,5.0,1.0,1.51,4.1,6.83,1.56,4.41,7.8
2014-12-03,2014,Sunderland,Man City,1.0,4.0,A,8.0,15.0,2.0,4.0,6.8,4.33,1.49,7.7,4.67,1.53
2014-12-06,2014,Hull,West Brom,0.0,0.0,D,12.0,6.0,2.0,3.0,2.39,3.22,3.1,2.5,3.3,3.33
2014-12-06,2014,Liverpool,Sunderland,0.0,0.0,D,15.0,7.0,2.0,1.0,1.49,4.23,7.0,1.6,4.55,8.0
2014-12-06,2014,Man City,Everton,1.0,0.0,H,19.0,9.0,3.0,2.0,1.5,4.44,6.46,1.57,4.9,7.3
2014-12-06,2014,Newcastle,Chelsea,2.0,1.0,H,9.0,26.0,3.0,8.0,6.64,4.08,1.53,7.5,4.33,1.59
2014-12-06,2014,QPR,Burnley,2.0,0.0,H,11.0,15.0,6.0,3.0,2.04,3.37,3.81,2.12,3.55,4.2
2014-12-06,2014,Stoke,Arsenal,3.0,2.0,H,13.0,15.0,4.0,6.0,3.97,3.45,1.97,4.2,3.6,2.05
2014-12-06,2014,Tottenham,Crystal Palace,0.0,0.0,D,14.0,16.0,3.0,4.0,1.59,3.95,5.89,1.65,4.33,6.5
2014-12-07,2014,Aston Villa,Leicester,2.0,1.0,H,16.0,10.0,7.0,4.0,2.34,3.3,3.13,2.45,3.4,3.3
2014-12-07,2014,West Ham,Swansea,3.0,1.0,H,15.0,11.0,7.0,2.0,2.35,3.32,3.09,2.45,3.5,3.25
2014-12-08,2014,Southampton,Man United,1.0,2.0,A,15.0,3.0,4.0,2.0,2.73,3.33,2.61,2.9,3.5,2.7
2014-12-13,2014,Arsenal,Newcastle,4.0,1.0,H,17.0,10.0,4.0,4.0,1.43,4.56,7.62,1.48,4.95,8.5
2014-12-13,2014,Burnley,Southampton,1.0,0.0,H,7.0,15.0,2.0,4.0,5.06,3.61,1.74,5.55,3.85,1.82
2014-12-13,2014,Chelsea,Hull,2.0,0.0,H,12.0,8.0,3.0,0.0,1.17,7.32,17.12,1.2,8.2,21.66
2014-12-13,2014,Crystal Palace,Stoke,1.0,1.0,D,10.0,7.0,3.0,3.0,2.53,3.18,2.93,2.65,3.3,3.06
2014-12-13,2014,Leicester,Man City,0.0,1.0,A,7.0,9.0,1.0,4.0,6.55,4.52,1.48,7.5,4.8,1.53
2014-12-13,2014,Sunderland,West Ham,1.0,1.0,D,13.0,19.0,4.0,8.0,2.87,3.29,2.52,3.0,3.45,2.63
2014-12-13,2014,West Brom,Aston Villa,1.0,0.0,H,13.0,7.0,5.0,2.0,2.11,3.27,3.71,2.3,3.4,3.96
2014-12-14,2014,Man United,Liverpool,3.0,0.0,H,11.0,19.0,6.0,9.0,1.81,3.67,4.49,1.88,3.94,4.85
2014-12-14,2014,Swansea,Tottenham,1.0,2.0,A,15.0,10.0,3.0,4.0,2.47,3.33,2.91,2.6,3.5,3.1
2014-12-15,2014,Everton,QPR,3.0,1.0,H,13.0,17.0,5.0,4.0,1.45,4.41,7.54,1.5,4.75,8.5
2014-12-20,2014,Aston Villa,Man United,1.0,1.0,D,10.0,16.0,4.0,9.0,6.11,3.9,1.59,6.6,4.2,1.65
2014-12-20,2014,Hull,Swansea,0.0,1.0,A,11.0,13.0,3.0,3.0,2.95,3.23,2.5,3.2,3.35,2.6
2014-12-20,2014,Man City,Crystal Palace,3.0,0.0,H,15.0,6.0,3.0,1.0,1.29,5.51,10.84,1.32,6.0,13.0
2014-12-20,2014,QPR,West Brom,3.0,2.0,H,17.0,16.0,7.0,6.0,2.4,3.26,3.06,2.5,3.4,3.3
2014-12-20,2014,Southampton,Everton,3.0,0.0,H,11.0,13.0,3.0,4.0,2.41,3.33,2.98,2.5,3.5,3.13
2014-12-20,2014,Tottenham,Burnley,2.0,1.0,H,23.0,9.0,6.0,5.0,1.49,4.34,6.88,1.54,4.7,7.7
2014-12-20,2014,West Ham,Leicester,2.0,0.0,H,10.0,10.0,2.0,4.0,1.7,3.82,5.05,1.77,4.1,5.5
2014-12-21,2014,Liverpool,Arsenal,2.0,2.0,D,27.0,7.0,10.0,3.0,2.77,3.43,2.53,2.9,3.65,2.63
2014-12-21,2014,Newcastle,Sunderland,0.0,1.0,A,15.0,16.0,7.0,3.0,2.06,3.34,3.8,2.14,3.5,4.2
2014-12-22,2014,Stoke,Chelsea,0.0,2.0,A,13.0,15.0,2.0,6.0,5.93,3.83,1.61,6.6,4.1,1.67
2014-12-26,2014,Arsenal,QPR,2.0,1.0,H,15.0,16.0,5.0,2.0,1.26,5.87,11.5,1.31,6.5,14.0
2014-12-26,2014,Burnley,Liverpool,0.0,1.0,A,16.0,10.0,0.0,3.0,4.58,3.7,1.78,4.95,3.98,1.85
2014-12-26,2014,Chelsea,West Ham,2.0,0.0,H,28.0,6.0,9.0,0.0,1.33,5.26,9.54,1.36,5.8,11.0
2014-12-26,2014,Crystal Palace,Southampton,1.0,3.0,A,11.0,13.0,4.0,6.0,3.59,3.27,2.15,3.9,3.4,2.23
2014-12-26,2014,Everton,Stoke,0.0,1.0,A,16.0,12.0,5.0,2.0,1.8,3.54,4.72,1.85,3.7,5.1
2014-12-26,2014,Leicester,Tottenham,1.0,2.0,A,22.0,8.0,6.0,3.0,3.63,3.46,2.06,4.05,3.6,2.12
2014-12-26,2014,Man United,Newcastle,3.0,1.0,H,9.0,8.0,4.0,4.0,1.38,4.82,8.53,1.43,5.3,9.5
2014-12-26,2014,Sunderland,Hull,1.0,3.0,A,12.0,13.0,3.0,5.0,2.03,3.27,3.96,2.11,3.4,4.33
2014-12-26,2014,Swansea,Aston Villa,1.0,0.0,H,7.0,11.0,2.0,3.0,1.73,3.62,5.08,1.8,3.85,5.6
2014-12-26,2014,West Brom,Man City,1.0,3.0,A,18.0,9.0,6.0,5.0,6.31,4.23,1.53,7.0,4.51,1.57
2014-12-28,2014,Aston Villa,Sunderland,0.0,0.0,D,14.0,15.0,3.0,3.0,2.3,3.19,3.28,2.4,3.3,3.5
2014-12-28,2014,Hull,Leicester,0.0,1.0,A,18.0,4.0,5.0,2.0,2.23,3.27,3.33,2.31,3.4,3.57
2014-12-28,2014,Man City,Burnley,2.0,2.0,D,17.0,12.0,6.0,3.0,1.16,7.74,17.78,1.19,8.7,25.0
2014-12-28,2014,Newcastle,Everton,3.0,2.0,H,13.0,9.0,6.0,2.0,2.84,3.33,2.49,3.0,3.45,2.62
2014-12-28,2014,QPR,Crystal Palace,0.0,0.0,D,11.0,10.0,3.0,3.0,2.35,3.27,3.09,2.48,3.5,3.25
2014-12-28,2014,Southampton,Chelsea,1.0,1.0,D,9.0,7.0,1.0,1.0,4.62,3.54,1.81,5.01,3.8,1.88
2014-12-28,2014,Stoke,West Brom,2.0,0.0,H,13.0,15.0,3.0,4.0,1.88,3.41,4.38,1.95,3.6,4.8
2014-12-28,2014,Tottenham,Man United,0.0,0.0,D,9.0,9.0,4.0,5.0,3.18,3.43,2.23,3.4,3.62,2.32
2014-12-28,2014,West Ham,Arsenal,1.0,2.0,A,14.0,21.0,4.0,7.0,3.41,3.47,2.12,3.6,3.65,2.22
2014-12-29,2014,Liverpool,Swansea,4.0,1.0,H,21.0,11.0,11.0,4.0,1.67,3.72,5.31,1.73,4.0,5.8
2015-01-01,2014,Aston Villa,Crystal Palace,0.0,0.0,D,14.0,6.0,3.0,0.0,2.37,3.19,3.19,2.45,3.35,3.4
2015-01-01,2014,Hull,Everton,2.0,0.0,H,14.0,9.0,5.0,3.0,3.28,3.28,2.28,3.5,3.4,2.36
2015-01-01,2014,Liverpool,Leicester,2.0,2.0,D,18.0,16.0,6.0,3.0,1.4,4.71,8.04,1.44,5.07,9.1
2015-01-01,2014,Man City,Sunderland,3.0,2.0,H,32.0,4.0,12.0,4.0,1.23,6.39,13.1,1.27,7.1,17.0
2015-01-01,2014,Newcastle,Burnley,3.0,3.0,D,10.0,15.0,4.0,4.0,1.78,3.64,4.66,1.85,3.8,5.0
2015-01-01,2014,QPR,Swansea,1.0,1.0,D,24.0,25.0,6.0,6.0,2.93,3.28,2.48,3.1,3.44,2.6
2015-01-01,2014,Southampton,Arsenal,2.0,0.0,H,13.0,11.0,6.0,6.0,2.87,3.29,2.52,3.0,3.44,2.62
2015-01-01,2014,Stoke,Man United,1.0,1.0,D,11.0,6.0,2.0,2.0,3.94,3.41,1.99,4.25,3.6,2.05
2015-01-01,2014,Tottenham,Chelsea,5.0,3.0,H,11.0,19.0,8.0,7.0,4.71,3.66,1.77,5.0,3.92,1.85
2015-01-01,2014,West Ham,West Brom,1.0,1.0,D,8.0,14.0,3.0,3.0,1.84,3.57,4.38,1.91,3.75,4.75
2015-01-10,2014,Burnley,QPR,2.0,1.0,H,18.0,17.0,7.0,7.0,2.14,3.36,3.48,2.25,3.5,3.77
2015-01-10,2014,Chelsea,Newcastle,2.0,0.0,H,9.0,11.0,5.0,5.0,1.19,6.84,15.17,1.24,7.7,18.38
2015-01-10,2014,Crystal Palace,Tottenham,2.0,1.0,H,21.0,9.0,7.0,5.0,3.48,3.35,2.15,3.75,3.5,2.23
2015-01-10,2014,Everton,Man City,1.0,1.0,D,11.0,18.0,4.0,2.0,4.22,3.61,1.86,4.55,3.89,1.92
2015-01-10,2014,Leicester,Aston Villa,1.0,0.0,H,11.0,12.0,3.0,1.0,2.17,3.24,3.55,2.3,3.4,3.86
2015-01-10,2014,Sunderland,Liverpool,0.0,1.0,A,5.0,21.0,1.0,4.0,4.21,3.46,1.91,4.55,3.65,1.97
2015-01-10,2014,Swansea,West Ham,1.0,1.0,D,19.0,11.0,3.0,5.0,2.22,3.34,3.32,2.3,3.5,3.54
2015-01-10,2014,West Brom,Hull,1.0,0.0,H,9.0,12.0,3.0,2.0,2.02,3.27,3.97,2.1,3.4,4.32
2015-01-11,2014,Arsenal,Stoke,3.0,0.0,H,14.0,7.0,6.0,2.0,1.46,4.37,7.37,1.5,4.9,8.17
2015-01-11,2014,Man United,Southampton,0.0,1.0,A,10.0,9.0,0.0,1.0,1.81,3.59,4.54,1.88,3.77,4.95
2015-01-17,2014,Aston Villa,Liverpool,0.0,2.0,A,15.0,12.0,4.0,5.0,4.48,3.44,1.87,5.0,3.6,1.94
2015-01-17,2014,Burnley,Crystal Palace,2.0,3.0,A,7.0,11.0,4.0,4.0,2.48,3.17,3.02,2.6,3.3,3.25
2015-01-17,2014,Leicester,Stoke,0.0,1.0,A,7.0,13.0,3.0,3.0,2.56,3.2,2.89,2.68,3.4,3.06
2015-01-17,2014,Newcastle,Southampton,1.0,2.0,A,16.0,5.0,3.0,3.0,3.17,3.26,2.34,3.4,3.45,2.45
2015-01-17,2014,QPR,Man United,0.0,2.0,A,18.0,12.0,4.0,7.0,5.77,3.92,1.61,6.4,4.3,1.67
2015-01-17,2014,Swansea,Chelsea,0.0,5.0,A,11.0,21.0,0.0,11.0,6.64,3.96,1.55,7.3,4.24,1.59
2015-01-17,2014,Tottenham,Sunderland,2.0,1.0,H,25.0,8.0,8.0,4.0,1.59,3.99,5.86,1.65,4.3,6.4
2015-01-18,2014,Man City,Arsenal,0.0,2.0,A,12.0,9.0,4.0,3.0,1.79,3.82,4.38,1.83,4.1,4.65
2015-01-18,2014,West Ham,Hull,3.0,0.0,H,17.0,9.0,6.0,3.0,1.74,3.56,5.13,1.8,3.75,5.5
2015-01-19,2014,Everton,West Brom,0.0,0.0,D,17.0,5.0,4.0,0.0,1.83,3.52,4.58,1.88,3.75,5.0
2015-01-31,2014,Chelsea,Man City,1.0,1.0,D,3.0,10.0,2.0,5.0,2.12,3.39,3.56,2.21,3.6,3.8
2015-01-31,2014,Crystal Palace,Everton,0.0,1.0,A,13.0,14.0,3.0,2.0,2.73,3.18,2.7,2.85,3.4,2.82
2015-01-31,2014,Hull,Newcastle,0.0,3.0,A,13.0,12.0,8.0,5.0,2.62,3.13,2.87,2.73,3.3,3.0
2015-01-31,2014,Liverpool,West Ham,2.0,0.0,H,21.0,7.0,7.0,2.0,1.65,3.91,5.38,1.7,4.2,6.0
2015-01-31,2014,Man United,Leicester,3.0,1.0,H,12.0,4.0,5.0,1.0,1.34,5.14,9.28,1.38,5.55,11.0
2015-01-31,2014,Stoke,QPR,3.0,1.0,H,15.0,14.0,3.0,4.0,1.64,3.76,5.71,1.7,4.0,6.5
2015-01-31,2014,Sunderland,Burnley,2.0,0.0,H,8.0,13.0,3.0,4.0,2.2,3.25,3.49,2.28,3.4,3.75
2015-01-31,2014,West Brom,Tottenham,0.0,3.0,A,13.0,14.0,4.0,4.0,2.84,3.21,2.59,3.0,3.35,2.73
2015-02-01,2014,Arsenal,Aston Villa,5.0,0.0,H,13.0,9.0,8.0,2.0,1.26,5.82,12.66,1.29,6.5,15.0
2015-02-01,2014,Southampton,Swansea,0.0,1.0,A,15.0,6.0,6.0,1.0,1.59,3.82,6.29,1.65,4.0,7.0
2015-02-07,2014,Aston Villa,Chelsea,1.0,2.0,A,8.0,12.0,1.0,5.0,9.83,4.67,1.36,11.0,5.25,1.42
2015-02-07,2014,Everton,Liverpool,0.0,0.0,D,6.0,17.0,1.0,6.0,3.26,3.35,2.25,3.41,3.5,2.34
2015-02-07,2014,Leicester,Crystal Palace,0.0,1.0,A,19.0,14.0,5.0,2.0,2.35,3.24,3.17,2.45,3.4,3.4
2015-02-07,2014,Man City,Hull,1.0,1.0,D,18.0,7.0,5.0,3.0,1.18,7.07,15.69,1.22,8.0,19.0
2015-02-07,2014,QPR,Southampton,0.0,1.0,A,12.0,16.0,3.0,5.0,4.46,3.51,1.85,4.75,3.7,1.92
2015-02-07,2014,Swansea,Sunderland,1.0,1.0,D,16.0,4.0,7.0,1.0,1.88,3.38,4.47,1.95,3.6,4.8
2015-02-07,2014,Tottenham,Arsenal,2.0,1.0,H,23.0,7.0,8.0,3.0,3.15,3.45,2.26,3.3,3.6,2.35
2015-02-08,2014,Burnley,West Brom,2.0,2.0,D,12.0,12.0,5.0,5.0,2.53,3.16,2.94,2.65,3.3,3.1
2015-02-08,2014,Newcastle,Stoke,1.0,1.0,D,9.0,7.0,3.0,3.0,2.26,3.26,3.33,2.34,3.4,3.54
2015-02-08,2014,West Ham,Man United,1.0,1.0,D,13.0,18.0,6.0,6.0,3.94,3.51,1.96,4.33,3.7,2.03
2015-02-10,2014,Arsenal,Leicester,2.0,1.0,H,17.0,11.0,7.0,4.0,1.28,5.64,10.72,1.31,6.3,13.02
2015-02-10,2014,Hull,Aston Villa,2.0,0.0,H,10.0,11.0,4.0,4.0,2.3,3.1,3.46,2.39,3.25,3.75
2015-02-10,2014,Liverpool,Tottenham,3.0,2.0,H,16.0,14.0,7.0,5.0,1.88,3.66,4.13,1.95,3.9,4.5
2015-02-10,2014,Sunderland,QPR,0.0,2.0,A,16.0,19.0,5.0,4.0,1.9,3.48,4.31,1.96,3.69,4.6
2015-02-11,2014,Chelsea,Everton,1.0,0.0,H,21.0,7.0,7.0,4.0,1.32,5.18,9.92,1.36,5.7,12.0
2015-02-11,2014,Crystal Palace,Newcastle,1.0,1.0,D,7.0,5.0,3.0,1.0,2.33,3.23,3.22,2.4,3.35,3.4
2015-02-11,2014,Man United,Burnley,3.0,1.0,H,11.0,13.0,7.0,3.0,1.29,5.57,10.48,1.33,6.06,13.0
2015-02-11,2014,Southampton,West Ham,0.0,0.0,D,21.0,4.0,7.0,1.0,1.7,3.75,5.15,1.77,3.95,5.57
2015-02-11,2014,Stoke,Man City,1.0,4.0,A,17.0,14.0,5.0,8.0,5.36,3.74,1.68,5.9,4.0,1.73
2015-02-11,2014,West Brom,Swansea,2.0,0.0,H,11.0,10.0,4.0,3.0,2.46,3.17,3.05,2.55,3.3,3.3
2015-02-21,2014,Aston Villa,Stoke,1.0,2.0,A,3.0,11.0,2.0,6.0,2.61,3.14,2.88,2.75,3.25,3.05
2015-02-21,2014,Chelsea,Burnley,1.0,1.0,D,14.0,10.0,5.0,5.0,1.2,6.84,15.35,1.22,8.0,19.0
2015-02-21,2014,Crystal Palace,Arsenal,1.0,2.0,A,22.0,12.0,3.0,4.0,4.64,3.59,1.8,5.0,3.8,1.85
2015-02-21,2014,Hull,QPR,2.0,1.0,H,16.0,8.0,6.0,3.0,2.04,3.29,3.88,2.11,3.45,4.2
2015-02-21,2014,Man City,Newcastle,5.0,0.0,H,16.0,8.0,9.0,1.0,1.28,5.68,11.05,1.31,6.3,13.0
2015-02-21,2014,Sunderland,West Brom,0.0,0.0,D,13.0,5.0,2.0,1.0,2.61,3.09,2.9,2.75,3.3,3.02
2015-02-21,2014,Swansea,Man United,2.0,1.0,H,11.0,18.0,6.0,3.0,3.93,3.41,2.0,4.4,3.6,2.05
2015-02-22,2014,Everton,Leicester,2.0,2.0,D,18.0,15.0,3.0,4.0,1.81,3.53,4.73,1.88,4.0,5.2
2015-02-22,2014,Southampton,Liverpool,0.0,2.0,A,13.0,6.0,5.0,4.0,2.49,3.27,2.92,2.63,3.45,3.1
2015-02-22,2014,Tottenham,West Ham,2.0,2.0,D,27.0,12.0,8.0,5.0,1.78,3.75,4.51,1.85,4.05,4.8
2015-02-28,2014,Burnley,Swansea,0.0,1.0,A,13.0,8.0,6.0,2.0,2.59,3.25,2.83,2.7,3.45,3.0
2015-02-28,2014,Man United,Sunderland,2.0,0.0,H,30.0,5.0,10.0,3.0,1.36,4.87,9.61,1.4,5.5,11.0
2015-02-28,2014,Newcastle,Aston Villa,1.0,0.0,H,14.0,13.0,5.0,3.0,1.94,3.37,4.24,2.0,3.6,4.56
2015-02-28,2014,Stoke,Hull,1.0,0.0,H,17.0,1.0,2.0,0.0,1.95,3.32,4.27,2.03,3.5,4.6
2015-02-28,2014,West Brom,Southampton,1.0,0.0,H,7.0,12.0,3.0,2.0,3.33,3.16,2.32,3.52,3.3,2.4
2015-02-28,2014,West Ham,Crystal Palace,1.0,3.0,A,22.0,12.0,5.0,5.0,2.1,3.33,3.68,2.16,3.5,4.0
2015-03-01,2014,Arsenal,Everton,2.0,0.0,H,17.0,8.0,4.0,2.0,1.54,4.19,6.27,1.59,4.6,6.8
2015-03-01,2014,Liverpool,Man City,2.0,1.0,H,11.0,8.0,5.0,1.0,3.02,3.44,2.36,3.2,3.6,2.43
2015-03-03,2014,Aston Villa,West Brom,2.0,1.0,H,16.0,3.0,8.0,1.0,2.78,3.04,2.81,2.9,3.2,3.0
2015-03-03,2014,Hull,Sunderland,1.0,1.0,D,15.0,9.0,5.0,3.0,2.15,3.2,3.75,2.25,3.35,4.0
2015-03-03,2014,Southampton,Crystal Palace,1.0,0.0,H,23.0,9.0,3.0,3.0,1.69,3.68,5.59,1.75,4.0,6.0
2015-03-04,2014,Liverpool,Burnley,2.0,0.0,H,20.0,9.0,8.0,1.0,1.36,4.98,8.98,1.4,5.4,10.0
2015-03-04,2014,Man City,Leicester,2.0,0.0,H,22.0,6.0,9.0,2.0,1.25,6.24,11.73,1.29,7.0,15.0
2015-03-04,2014,Newcastle,Man United,0.0,1.0,A,9.0,11.0,2.0,5.0,3.98,3.42,1.99,4.2,3.6,2.05
2015-03-04,2014,QPR,Arsenal,1.0,2.0,A,10.0,20.0,3.0,9.0,6.37,4.26,1.53,7.0,4.8,1.57
2015-03-04,2014,Stoke,Everton,2.0,0.0,H,11.0,10.0,3.0,5.0,2.46,3.23,3.03,2.55,3.36,3.2
2015-03-04,2014,Tottenham,Swansea,3.0,2.0,H,20.0,10.0,7.0,5.0,1.73,3.74,4.98,1.8,4.0,5.5
2015-03-04,2014,West Ham,Chelsea,0.0,1.0,A,18.0,12.0,5.0,3.0,5.8,3.96,1.6,6.3,4.3,1.65
2015-03-07,2014,QPR,Tottenham,1.0,2.0,A,17.0,13.0,6.0,6.0,4.55,3.76,1.78,5.0,4.0,1.85
2015-03-14,2014,Arsenal,West Ham,3.0,0.0,H,19.0,7.0,9.0,1.0,1.38,4.92,8.2,1.44,5.5,9.5
2015-03-14,2014,Burnley,Man City,1.0,0.0,H,10.0,21.0,4.0,5.0,7.31,4.6,1.44,8.0,5.0,1.5
2015-03-14,2014,Crystal Palace,QPR,3.0,1.0,H,15.0,11.0,4.0,4.0,1.78,3.62,4.73,1.85,3.83,5.3
2015-03-14,2014,Leicester,Hull,0.0,0.0,D,15.0,12.0,3.0,5.0,2.17,3.23,3.61,2.26,3.3,4.05
2015-03-14,2014,Sunderland,Aston Villa,0.0,4.0,A,12.0,14.0,2.0,8.0,2.32,3.14,3.35,2.42,3.4,3.57
2015-03-14,2014,West Brom,Stoke,1.0,0.0,H,14.0,9.0,5.0,2.0,2.33,3.14,3.33,2.4,3.3,3.55
2015-03-15,2014,Chelsea,Southampton,1.0,1.0,D,22.0,12.0,7.0,5.0,1.59,3.87,6.26,1.63,4.2,6.8
2015-03-15,2014,Everton,Newcastle,3.0,0.0,H,15.0,12.0,9.0,4.0,1.81,3.56,4.61,1.88,3.75,5.05
2015-03-15,2014,Man United,Tottenham,3.0,0.0,H,11.0,5.0,3.0,1.0,1.89,3.63,4.14,1.95,3.8,4.45
2015-03-16,2014,Swansea,Liverpool,0.0,1.0,A,10.0,16.0,3.0,5.0,3.96,3.4,1.99,4.24,3.6,2.1
2015-03-21,2014,Aston Villa,Swansea,0.0,1.0,A,12.0,9.0,3.0,6.0,2.45,3.17,3.06,2.55,3.3,3.3
2015-03-21,2014,Man City,West Brom,3.0,0.0,H,43.0,3.0,16.0,0.0,1.31,5.5,10.01,1.34,6.5,12.0
2015-03-21,2014,Newcastle,Arsenal,1.0,2.0,A,16.0,7.0,4.0,3.0,5.71,4.04,1.59,6.25,4.34,1.75
2015-03-21,2014,Southampton,Burnley,2.0,0.0,H,20.0,15.0,3.0,3.0,1.45,4.29,7.78,1.5,4.65,8.7
2015-03-21,2014,Stoke,Crystal Palace,1.0,2.0,A,17.0,12.0,4.0,3.0,2.13,3.25,3.65,2.2,3.4,3.95
2015-03-21,2014,Tottenham,Leicester,4.0,3.0,H,10.0,14.0,4.0,5.0,1.56,4.16,5.91,1.62,4.5,7.0
2015-03-21,2014,West Ham,Sunderland,1.0,0.0,H,15.0,7.0,4.0,3.0,1.81,3.54,4.61,1.95,3.7,5.0
2015-03-22,2014,Hull,Chelsea,2.0,3.0,A,19.0,8.0,8.0,3.0,7.87,4.23,1.45,9.0,4.55,1.55
2015-03-22,2014,Liverpool,Man United,1.0,2.0,A,7.0,6.0,1.0,4.0,2.11,3.37,3.57,2.3,3.55,3.8
2015-03-22,2014,QPR,Everton,1.0,2.0,A,14.0,8.0,1.0,3.0,3.35,3.35,2.2,3.6,3.5,2.3
2015-04-04,2014,Arsenal,Liverpool,4.0,1.0,H,16.0,13.0,10.0,2.0,1.83,3.68,4.35,1.9,3.89,4.6
2015-04-04,2014,Chelsea,Stoke,2.0,1.0,H,19.0,7.0,10.0,2.0,1.27,5.55,12.62,1.31,6.1,16.0
2015-04-04,2014,Everton,Southampton,1.0,0.0,H,11.0,11.0,1.0,2.0,2.64,3.18,2.81,2.75,3.3,3.0
2015-04-04,2014,Leicester,West Ham,2.0,1.0,H,20.0,14.0,7.0,7.0,2.32,3.38,3.11,2.4,3.54,3.25
2015-04-04,2014,Man United,Aston Villa,3.0,1.0,H,19.0,4.0,7.0,2.0,1.3,5.29,10.76,1.4,5.8,13.0
2015-04-04,2014,Swansea,Hull,3.0,1.0,H,9.0,10.0,4.0,1.0,1.94,3.34,4.3,2.0,3.7,4.75
2015-04-04,2014,West Brom,QPR,1.0,4.0,A,21.0,12.0,6.0,7.0,1.75,3.56,5.05,1.8,3.8,5.6
2015-04-05,2014,Burnley,Tottenham,0.0,0.0,D,15.0,12.0,4.0,2.0,3.44,3.45,2.13,3.65,3.65,2.2
2015-04-05,2014,Sunderland,Newcastle,1.0,0.0,H,16.0,10.0,4.0,1.0,2.51,3.19,2.97,2.62,3.4,3.1
2015-04-06,2014,Crystal Palace,Man City,2.0,1.0,H,5.0,22.0,3.0,4.0,5.19,3.92,1.66,6.0,4.2,1.73
2015-04-07,2014,Aston Villa,QPR,3.0,3.0,D,21.0,11.0,7.0,5.0,2.1,3.32,3.71,2.15,3.5,3.95
2015-04-11,2014,Burnley,Arsenal,0.0,1.0,A,8.0,17.0,4.0,5.0,6.21,4.13,1.55,7.2,4.6,1.59
2015-04-11,2014,Southampton,Hull,2.0,0.0,H,9.0,15.0,4.0,4.0,1.51,3.98,7.25,1.55,4.4,8.5
2015-04-11,2014,Sunderland,Crystal Palace,1.0,4.0,A,12.0,14.0,3.0,5.0,2.83,3.13,2.66,3.0,3.4,2.85
2015-04-11,2014,Swansea,Everton,1.0,1.0,D,11.0,12.0,3.0,8.0,2.45,3.23,3.02,2.52,3.35,3.17
2015-04-11,2014,Tottenham,Aston Villa,0.0,1.0,A,14.0,10.0,3.0,3.0,1.6,4.05,5.72,1.65,4.33,6.4
2015-04-11,2014,West Brom,Leicester,2.0,3.0,A,8.0,12.0,5.0,4.0,2.27,3.29,3.3,2.33,3.4,3.6
2015-04-11,2014,West Ham,Stoke,1.0,1.0,D,11.0,18.0,3.0,2.0,2.26,3.29,3.31,2.33,3.4,3.58
2015-04-12,2014,Man United,Man City,4.0,2.0,H,11.0,10.0,7.0,3.0,2.61,3.34,2.72,2.74,3.6,2.9
2015-04-12,2014,QPR,Chelsea,0.0,1.0,A,15.0,9.0,4.0,1.0,8.59,4.79,1.38,9.7,5.2,1.4
2015-04-13,2014,Liverpool,Newcastle,2.0,0.0,H,14.0,10.0,6.0,3.0,1.4,4.71,8.41,1.45,5.1,9.5
2015-04-18,2014,Chelsea,Man United,1.0,0.0,H,7.0,15.0,2.0,2.0,2.0,3.37,4.0,2.2,3.56,4.33
2015-04-18,2014,Crystal Palace,West Brom,0.0,2.0,A,19.0,8.0,4.0,4.0,1.92,3.41,4.26,1.95,3.6,4.69
2015-04-18,2014,Everton,Burnley,1.0,0.0,H,21.0,10.0,8.0,1.0,1.71,3.7,5.18,1.76,3.85,5.6
2015-04-18,2014,Leicester,Swansea,2.0,0.0,H,18.0,10.0,6.0,6.0,2.11,3.4,3.55,2.2,3.55,3.83
2015-04-18,2014,Stoke,Southampton,2.0,1.0,H,15.0,12.0,2.0,6.0,3.36,3.21,2.27,3.58,3.32,2.38
2015-04-19,2014,Man City,West Ham,2.0,0.0,H,18.0,9.0,3.0,3.0,1.25,6.05,11.88,1.29,7.1,13.35
2015-04-19,2014,Newcastle,Tottenham,1.0,3.0,A,11.0,14.0,5.0,8.0,3.19,3.36,2.28,3.42,3.52,2.5
2015-04-25,2014,Burnley,Leicester,0.0,1.0,A,12.0,8.0,4.0,4.0,2.49,3.27,2.93,2.63,3.48,3.1
2015-04-25,2014,Crystal Palace,Hull,0.0,2.0,A,7.0,21.0,3.0,7.0,2.04,3.28,3.96,2.1,3.5,4.3
2015-04-25,2014,Man City,Aston Villa,3.0,2.0,H,11.0,13.0,4.0,4.0,1.26,5.91,11.44,1.3,6.6,14.0
2015-04-25,2014,Newcastle,Swansea,2.0,3.0,A,12.0,11.0,4.0,6.0,2.39,3.22,3.13,2.5,3.4,3.34
2015-04-25,2014,QPR,West Ham,0.0,0.0,D,18.0,8.0,7.0,2.0,2.33,3.35,3.1,2.4,3.47,3.3
2015-04-25,2014,Southampton,Tottenham,2.0,2.0,D,13.0,7.0,4.0,2.0,2.06,3.4,3.73,2.15,3.6,4.06
2015-04-25,2014,Stoke,Sunderland,1.0,1.0,D,23.0,15.0,8.0,5.0,1.9,3.38,4.43,1.95,3.6,4.75
2015-04-25,2014,West Brom,Liverpool,0.0,0.0,D,10.0,22.0,4.0,5.0,3.94,3.44,1.99,4.33,3.62,2.05
2015-04-26,2014,Arsenal,Chelsea,0.0,0.0,D,12.0,7.0,1.0,3.0,2.36,3.22,3.19,2.5,3.46,3.44
2015-04-26,2014,Everton,Man United,3.0,0.0,H,9.0,17.0,7.0,4.0,3.54,3.33,2.16,3.8,3.58,2.21
2015-04-28,2014,Hull,Liverpool,1.0,0.0,H,7.0,12.0,4.0,9.0,4.08,3.36,1.99,4.55,3.54,2.05
2015-04-29,2014,Leicester,Chelsea,1.0,3.0,A,8.0,11.0,2.0,4.0,5.35,3.78,1.67,6.1,4.15,1.75
2015-05-02,2014,Aston Villa,Everton,3.0,2.0,H,11.0,9.0,4.0,5.0,2.69,3.23,2.72,2.8,3.5,2.9
2015-05-02,2014,Leicester,Newcastle,3.0,0.0,H,19.0,12.0,7.0,3.0,1.94,3.53,4.03,2.0,3.7,4.4
2015-05-02,2014,Liverpool,QPR,2.0,1.0,H,25.0,10.0,8.0,2.0,1.37,4.97,8.69,1.4,5.3,10.0
2015-05-02,2014,Man United,West Brom,0.0,1.0,A,26.0,6.0,9.0,3.0,1.36,4.9,9.2,1.38,5.5,10.35
2015-05-02,2014,Sunderland,Southampton,2.0,1.0,H,12.0,11.0,6.0,2.0,3.92,3.28,2.05,4.2,3.43,2.11
2015-05-02,2014,Swansea,Stoke,2.0,0.0,H,16.0,9.0,4.0,3.0,2.25,3.27,3.35,2.38,3.43,3.6
2015-05-02,2014,West Ham,Burnley,1.0,0.0,H,29.0,8.0,7.0,2.0,2.22,3.34,3.36,2.29,3.5,3.6
2015-05-03,2014,Chelsea,Crystal Palace,1.0,0.0,H,17.0,8.0,7.0,1.0,1.34,4.97,9.71,1.36,5.5,11.0
2015-05-03,2014,Tottenham,Man City,0.0,1.0,A,21.0,15.0,5.0,4.0,3.59,3.61,2.03,3.8,3.81,2.15
2015-05-04,2014,Hull,Arsenal,1.0,3.0,A,8.0,22.0,1.0,9.0,5.25,3.72,1.7,5.6,4.0,1.75
2015-05-09,2014,Aston Villa,West Ham,1.0,0.0,H,15.0,5.0,5.0,1.0,1.9,3.53,4.13,1.95,3.7,4.45
2015-05-09,2014,Crystal Palace,Man United,1.0,2.0,A,13.0,13.0,4.0,4.0,4.36,3.51,1.85,4.75,3.78,1.95
2015-05-09,2014,Everton,Sunderland,0.0,2.0,A,22.0,10.0,4.0,3.0,1.77,3.59,4.82,1.95,3.8,5.2
2015-05-09,2014,Hull,Burnley,0.0,1.0,A,21.0,8.0,3.0,2.0,1.91,3.43,4.27,1.95,3.64,4.75
2015-05-09,2014,Leicester,Southampton,2.0,0.0,H,10.0,10.0,3.0,3.0,2.55,3.28,2.82,2.63,3.4,2.95
2015-05-09,2014,Newcastle,West Brom,1.0,1.0,D,15.0,8.0,5.0,3.0,2.48,3.24,2.95,2.62,3.4,3.1
2015-05-09,2014,Stoke,Tottenham,3.0,0.0,H,17.0,9.0,9.0,3.0,2.84,3.3,2.52,2.97,3.45,2.63
2015-05-10,2014,Chelsea,Liverpool,1.0,1.0,D,8.0,15.0,3.0,4.0,2.07,3.35,3.72,2.11,3.5,3.98
2015-05-10,2014,Man City,QPR,6.0,0.0,H,23.0,9.0,11.0,3.0,1.21,6.86,12.56,1.23,7.8,15.0
2015-05-11,2014,Arsenal,Swansea,0.0,1.0,A,23.0,8.0,9.0,3.0,1.3,5.47,10.29,1.35,6.2,12.0
2015-05-16,2014,Burnley,Stoke,0.0,0.0,D,11.0,11.0,4.0,3.0,2.59,3.23,2.82,2.8,3.4,3.0
2015-05-16,2014,Liverpool,Crystal Palace,1.0,3.0,A,18.0,15.0,3.0,6.0,1.45,4.48,7.27,1.5,4.8,8.2
2015-05-16,2014,QPR,Newcastle,2.0,1.0,H,8.0,22.0,4.0,8.0,2.93,3.45,2.38,3.1,3.65,2.5
2015-05-16,2014,Southampton,Aston Villa,6.0,1.0,H,18.0,9.0,11.0,4.0,1.75,3.66,4.93,1.8,3.85,5.25
2015-05-16,2014,Sunderland,Leicester,0.0,0.0,D,13.0,11.0,3.0,0.0,2.71,3.22,2.7,2.83,3.36,2.85
2015-05-16,2014,Tottenham,Hull,2.0,0.0,H,10.0,14.0,3.0,2.0,1.77,3.78,4.57,1.83,4.05,5.0
2015-05-16,2014,West Ham,Everton,1.0,2.0,A,13.0,21.0,3.0,5.0,2.86,3.33,2.49,3.0,3.5,2.62
2015-05-17,2014,Man United,Arsenal,1.0,1.0,D,12.0,5.0,4.0,3.0,2.41,3.37,2.95,2.52,3.52,3.13
2015-05-17,2014,Swansea,Man City,2.0,4.0,A,13.0,22.0,9.0,11.0,4.79,3.92,1.71,5.03,4.23,1.8
2015-05-18,2014,West Brom,Chelsea,3.0,0.0,H,9.0,12.0,5.0,3.0,3.94,3.41,1.99,4.21,3.56,2.05
2015-05-20,2014,Arsenal,Sunderland,0.0,0.0,D,28.0,7.0,8.0,3.0,1.29,5.5,10.83,1.35,6.2,13.0
2015-05-24,2014,Arsenal,West Brom,4.0,1.0,H,24.0,14.0,13.0,5.0,1.39,4.8,8.06,1.43,5.3,9.0
2015-05-24,2014,Aston Villa,Burnley,0.0,1.0,A,16.0,6.0,5.0,3.0,2.07,3.44,3.58,2.13,3.66,3.8
2015-05-24,2014,Chelsea,Sunderland,3.0,1.0,H,24.0,17.0,8.0,9.0,1.34,5.06,9.37,1.36,5.5,11.0
2015-05-24,2014,Crystal Palace,Swansea,1.0,0.0,H,13.0,5.0,7.0,2.0,2.19,3.45,3.27,2.3,3.7,3.42
2015-05-24,2014,Everton,Tottenham,0.0,1.0,A,9.0,16.0,1.0,3.0,2.32,3.48,2.99,2.4,3.73,3.13
2015-05-24,2014,Hull,Man United,0.0,0.0,D,16.0,7.0,6.0,1.0,3.14,3.55,2.21,3.28,3.8,2.4
2015-05-24,2014,Leicester,QPR,5.0,1.0,H,22.0,18.0,7.0,2.0,1.56,4.21,5.71,1.65,4.57,6.2
2015-05-24,2014,Man City,Southampton,2.0,0.0,H,15.0,13.0,6.0,4.0,1.56,4.27,5.61,1.6,4.75,6.3
2015-05-24,2014,Newcastle,West Ham,2.0,0.0,H,17.0,4.0,4.0,1.0,1.77,3.84,4.42,1.83,4.2,4.7
2015-05-24,2014,Stoke,Liverpool,6.0,1.0,H,15.0,13.0,9.0,4.0,3.42,3.48,2.12,3.64,3.71,2.2
2015-08-08,2015,Bournemouth,Aston Villa,0.0,1.0,A,11.0,7.0,2.0,3.0,1.96,3.48,3.98,2.1,3.65,4.33
2015-08-08,2015,Chelsea,Swansea,2.0,2.0,D,11.0,18.0,3.0,10.0,1.37,4.66,9.57,1.43,5.0,11.26
2015-08-08,2015,Everton,Watford,2.0,2.0,D,10.0,11.0,5.0,5.0,1.69,3.76,5.25,1.75,4.0,5.77
2015-08-08,2015,Leicester,Sunderland,4.0,2.0,H,19.0,10.0,8.0,5.0,1.96,3.37,4.06,2.03,3.5,4.52
2015-08-08,2015,Man United,Tottenham,1.0,0.0,H,9.0,9.0,1.0,4.0,1.63,3.9,5.65,1.71,4.2,6.5
2015-08-08,2015,Norwich,Crystal Palace,1.0,3.0,A,17.0,11.0,6.0,7.0,2.53,3.21,2.92,2.63,3.42,3.11
2015-08-09,2015,Arsenal,West Ham,0.0,2.0,A,22.0,8.0,6.0,4.0,1.29,5.53,10.75,1.33,6.16,12.0
2015-08-09,2015,Newcastle,Southampton,2.0,2.0,D,9.0,15.0,4.0,5.0,2.79,3.23,2.63,2.88,3.47,2.76
2015-08-09,2015,Stoke,Liverpool,0.0,1.0,A,7.0,8.0,1.0,3.0,3.33,3.33,2.24,3.51,3.51,2.35
2015-08-10,2015,West Brom,Man City,0.0,3.0,A,9.0,19.0,2.0,7.0,5.46,3.85,1.66,6.5,4.1,1.72
2015-08-14,2015,Aston Villa,Man United,0.0,1.0,A,5.0,9.0,1.0,2.0,5.37,3.67,1.71,6.0,4.0,1.76
2015-08-15,2015,Southampton,Everton,0.0,3.0,A,17.0,10.0,4.0,4.0,1.95,3.45,4.09,2.1,3.68,4.5
2015-08-15,2015,Sunderland,Norwich,1.0,3.0,A,6.0,19.0,2.0,6.0,2.47,3.2,3.01,2.6,3.4,3.2
2015-08-15,2015,Swansea,Newcastle,2.0,0.0,H,19.0,4.0,6.0,2.0,1.92,3.51,4.11,2.01,3.7,4.33
2015-08-15,2015,Tottenham,Stoke,2.0,2.0,D,13.0,16.0,7.0,7.0,1.77,3.66,4.8,1.84,3.93,5.1
2015-08-15,2015,Watford,West Brom,0.0,0.0,D,16.0,6.0,5.0,0.0,2.25,3.3,3.33,2.4,3.51,3.54
2015-08-15,2015,West Ham,Leicester,1.0,2.0,A,10.0,11.0,3.0,6.0,2.25,3.36,3.27,2.35,3.52,3.5
2015-08-16,2015,Crystal Palace,Arsenal,1.0,2.0,A,11.0,20.0,4.0,7.0,5.0,3.78,1.71,5.5,4.2,1.8
2015-08-16,2015,Man City,Chelsea,3.0,0.0,H,18.0,10.0,8.0,3.0,2.09,3.4,3.66,2.17,3.56,3.9
2015-08-17,2015,Liverpool,Bournemouth,1.0,0.0,H,18.0,13.0,2.0,2.0,1.44,4.46,7.71,1.5,5.0,8.6
2015-08-22,2015,Crystal Palace,Aston Villa,2.0,1.0,H,16.0,11.0,6.0,2.0,1.83,3.52,4.52,1.9,3.7,4.89
2015-08-22,2015,Leicester,Tottenham,1.0,1.0,D,13.0,19.0,2.0,6.0,2.63,3.38,2.67,2.8,3.6,2.8
2015-08-22,2015,Man United,Newcastle,0.0,0.0,D,20.0,7.0,8.0,0.0,1.36,4.91,8.9,1.4,5.25,10.5
2015-08-22,2015,Norwich,Stoke,1.0,1.0,D,21.0,6.0,7.0,1.0,2.3,3.27,3.22,2.4,3.4,3.5
2015-08-22,2015,Sunderland,Swansea,1.0,1.0,D,10.0,20.0,2.0,9.0,3.74,3.33,2.07,4.1,3.6,2.14
2015-08-22,2015,West Ham,Bournemouth,3.0,4.0,A,10.0,15.0,4.0,7.0,2.34,3.35,3.09,2.41,3.5,3.3
2015-08-23,2015,Everton,Man City,0.0,2.0,A,10.0,16.0,1.0,9.0,4.72,3.92,1.73,5.0,4.2,1.77
2015-08-23,2015,Watford,Southampton,0.0,0.0,D,13.0,14.0,0.0,5.0,2.7,3.25,2.7,2.8,3.5,2.8
2015-08-23,2015,West Brom,Chelsea,2.0,3.0,A,15.0,15.0,6.0,5.0,5.93,3.79,1.62,6.5,4.2,1.67
2015-08-24,2015,Arsenal,Liverpool,0.0,0.0,D,19.0,15.0,5.0,8.0,1.72,3.82,4.9,1.8,4.0,5.2
2015-08-29,2015,Aston Villa,Sunderland,2.0,2.0,D,21.0,7.0,6.0,3.0,1.89,3.42,4.38,1.95,3.7,4.75
2015-08-29,2015,Bournemouth,Leicester,1.0,1.0,D,5.0,4.0,2.0,2.0,2.14,3.48,3.38,2.25,3.63,3.6
2015-08-29,2015,Chelsea,Crystal Palace,1.0,2.0,A,26.0,13.0,9.0,6.0,1.35,4.94,9.38,1.4,5.26,11.0
2015-08-29,2015,Liverpool,West Ham,0.0,3.0,A,13.0,12.0,1.0,5.0,1.36,4.99,9.06,1.4,5.5,10.21
2015-08-29,2015,Man City,Watford,2.0,0.0,H,18.0,7.0,5.0,0.0,1.19,7.15,14.45,1.25,8.0,17.75
2015-08-29,2015,Newcastle,Arsenal,0.0,1.0,A,1.0,22.0,0.0,9.0,5.7,3.99,1.61,6.25,4.21,1.7
2015-08-29,2015,Stoke,West Brom,0.0,1.0,A,13.0,15.0,5.0,5.0,1.93,3.39,4.22,2.0,3.5,4.6
2015-08-29,2015,Tottenham,Everton,0.0,0.0,D,20.0,8.0,6.0,3.0,1.94,3.53,3.98,2.0,3.72,4.33
2015-08-30,2015,Southampton,Norwich,3.0,0.0,H,23.0,6.0,8.0,1.0,2.01,3.44,3.82,2.07,3.6,4.1
2015-08-30,2015,Swansea,Man United,2.0,1.0,H,9.0,11.0,4.0,4.0,3.42,3.31,2.19,3.7,3.5,2.27
2015-09-12,2015,Arsenal,Stoke,2.0,0.0,H,29.0,9.0,12.0,4.0,1.27,5.71,11.27,1.3,6.13,13.0
2015-09-12,2015,Crystal Palace,Man City,0.0,1.0,A,10.0,21.0,2.0,7.0,5.44,4.05,1.62,6.0,4.25,1.67
2015-09-12,2015,Everton,Chelsea,3.0,1.0,H,14.0,15.0,9.0,2.0,3.91,3.45,1.99,4.11,3.7,2.05
2015-09-12,2015,Man United,Liverpool,3.0,1.0,H,9.0,8.0,3.0,4.0,1.93,3.41,4.27,2.0,3.55,4.59
2015-09-12,2015,Norwich,Bournemouth,3.0,1.0,H,12.0,7.0,4.0,2.0,2.33,3.36,3.11,2.41,3.51,3.23
2015-09-12,2015,Watford,Swansea,1.0,0.0,H,17.0,8.0,6.0,3.0,2.68,3.23,2.74,2.77,3.4,2.9
2015-09-12,2015,West Brom,Southampton,0.0,0.0,D,8.0,14.0,1.0,4.0,3.09,3.16,2.45,3.24,3.3,2.5
2015-09-13,2015,Leicester,Aston Villa,3.0,2.0,H,21.0,11.0,6.0,4.0,1.86,3.58,4.32,1.95,3.8,4.62
2015-09-13,2015,Sunderland,Tottenham,0.0,1.0,A,12.0,15.0,2.0,4.0,4.14,3.49,1.92,4.41,3.65,2.0
2015-09-14,2015,West Ham,Newcastle,2.0,0.0,H,17.0,14.0,3.0,4.0,2.19,3.41,3.33,2.27,3.6,3.48
2015-09-19,2015,Aston Villa,West Brom,0.0,1.0,A,13.0,11.0,3.0,6.0,2.28,3.2,3.36,2.33,3.27,3.6
2015-09-19,2015,Bournemouth,Sunderland,2.0,0.0,H,15.0,9.0,5.0,2.0,1.7,3.79,5.14,1.75,4.0,5.5
2015-09-19,2015,Chelsea,Arsenal,2.0,0.0,H,22.0,9.0,7.0,2.0,2.41,3.38,2.97,2.5,3.52,3.24
2015-09-19,2015,Man City,West Ham,1.0,2.0,A,27.0,6.0,8.0,3.0,1.26,6.08,11.33,1.29,6.57,13.0
2015-09-19,2015,Newcastle,Watford,1.0,2.0,A,15.0,13.0,5.0,4.0,2.47,3.25,2.97,2.55,3.48,3.13
2015-09-19,2015,Stoke,Leicester,2.0,2.0,D,11.0,12.0,4.0,5.0,2.43,3.3,2.98,2.5,3.42,3.13
2015-09-19,2015,Swansea,Everton,0.0,0.0,D,12.0,17.0,3.0,2.0,2.26,3.33,3.27,2.34,3.47,3.41
2015-09-20,2015,Liverpool,Norwich,1.0,1.0,D,23.0,7.0,7.0,2.0,1.64,3.86,5.54,1.68,4.1,6.0
2015-09-20,2015,Southampton,Man United,2.0,3.0,A,15.0,10.0,8.0,3.0,3.06,3.19,2.44,3.25,3.32,2.5
2015-09-20,2015,Tottenham,Crystal Palace,1.0,0.0,H,22.0,12.0,6.0,4.0,1.97,3.48,3.95,2.02,3.72,4.33
2015-09-26,2015,Leicester,Arsenal,2.0,5.0,A,16.0,26.0,7.0,12.0,4.26,3.81,1.82,4.56,4.01,1.9
2015-09-26,2015,Liverpool,Aston Villa,3.0,2.0,H,21.0,10.0,12.0,4.0,1.52,4.13,6.81,1.56,4.4,7.5
2015-09-26,2015,Man United,Sunderland,3.0,0.0,H,12.0,9.0,7.0,4.0,1.21,6.57,13.85,1.24,7.5,16.7
2015-09-26,2015,Newcastle,Chelsea,2.0,2.0,D,11.0,16.0,5.0,4.0,5.62,3.94,1.62,6.1,4.2,1.67
2015-09-26,2015,Southampton,Swansea,3.0,1.0,H,18.0,11.0,7.0,4.0,2.03,3.37,3.86,2.2,3.51,4.2
2015-09-26,2015,Stoke,Bournemouth,2.0,1.0,H,8.0,11.0,5.0,6.0,2.48,3.31,2.9,2.6,3.53,3.06
2015-09-26,2015,Tottenham,Man City,4.0,1.0,H,15.0,22.0,8.0,8.0,3.94,3.62,1.93,4.3,3.82,2.0
2015-09-26,2015,West Ham,Norwich,2.0,2.0,D,19.0,16.0,7.0,7.0,2.22,3.4,3.28,2.3,3.54,3.52
2015-09-27,2015,Watford,Crystal Palace,0.0,1.0,A,15.0,16.0,2.0,3.0,2.48,3.25,2.96,2.7,3.4,3.12
2015-09-28,2015,West Brom,Everton,2.0,3.0,A,9.0,12.0,4.0,4.0,2.98,3.25,2.47,3.1,3.4,2.55
2015-10-03,2015,Aston Villa,Stoke,0.0,1.0,A,13.0,12.0,2.0,5.0,2.47,3.23,2.99,2.55,3.4,3.13
2015-10-03,2015,Bournemouth,Watford,1.0,1.0,D,12.0,11.0,6.0,2.0,2.1,3.39,3.62,2.15,3.6,3.8
2015-10-03,2015,Chelsea,Southampton,1.0,3.0,A,10.0,13.0,3.0,5.0,1.8,3.63,4.61,1.87,3.8,5.25
2015-10-03,2015,Crystal Palace,West Brom,2.0,0.0,H,21.0,7.0,8.0,2.0,1.81,3.49,4.74,1.87,3.7,5.05
2015-10-03,2015,Man City,Newcastle,6.0,1.0,H,23.0,6.0,11.0,4.0,1.23,6.59,12.3,1.26,7.25,15.0
2015-10-03,2015,Norwich,Leicester,1.0,2.0,A,17.0,16.0,2.0,5.0,2.25,3.46,3.15,2.3,3.63,3.31
2015-10-03,2015,Sunderland,West Ham,2.0,2.0,D,12.0,20.0,3.0,6.0,3.05,3.34,2.37,3.2,3.5,2.45
2015-10-04,2015,Arsenal,Man United,3.0,0.0,H,12.0,9.0,5.0,5.0,2.01,3.59,3.69,2.1,3.8,3.9
2015-10-04,2015,Everton,Liverpool,1.0,1.0,D,14.0,13.0,4.0,4.0,2.66,3.27,2.74,2.8,3.47,2.9
2015-10-04,2015,Swansea,Tottenham,2.0,2.0,D,11.0,19.0,2.0,11.0,2.66,3.28,2.7,2.88,3.4,2.85
2015-10-17,2015,Chelsea,Aston Villa,2.0,0.0,H,9.0,8.0,3.0,1.0,1.34,5.13,9.41,1.37,5.75,11.0
2015-10-17,2015,Crystal Palace,West Ham,1.0,3.0,A,6.0,24.0,1.0,4.0,1.98,3.54,3.8,2.05,3.75,4.0
2015-10-17,2015,Everton,Man United,0.0,3.0,A,12.0,10.0,3.0,7.0,3.15,3.29,2.35,3.3,3.44,2.45
2015-10-17,2015,Man City,Bournemouth,5.0,1.0,H,15.0,5.0,11.0,1.0,1.33,5.23,9.31,1.36,5.75,11.0
2015-10-17,2015,Southampton,Leicester,2.0,2.0,D,14.0,26.0,6.0,7.0,1.75,3.75,4.71,1.8,4.0,5.12
2015-10-17,2015,Tottenham,Liverpool,0.0,0.0,D,13.0,12.0,4.0,3.0,2.43,3.4,2.91,2.5,3.58,3.1
2015-10-17,2015,Watford,Arsenal,0.0,3.0,A,8.0,17.0,1.0,6.0,5.76,4.06,1.59,6.5,4.33,1.62
2015-10-17,2015,West Brom,Sunderland,1.0,0.0,H,8.0,9.0,1.0,2.0,2.03,3.28,3.95,2.1,3.45,4.2
2015-10-18,2015,Newcastle,Norwich,6.0,2.0,H,11.0,18.0,6.0,6.0,2.54,3.33,2.8,2.62,3.51,2.93
2015-10-19,2015,Swansea,Stoke,0.0,1.0,A,14.0,9.0,2.0,2.0,2.03,3.33,3.88,2.1,3.5,4.2
2015-10-24,2015,Arsenal,Everton,2.0,1.0,H,20.0,10.0,5.0,5.0,1.42,4.75,7.55,1.45,5.2,8.2
2015-10-24,2015,Aston Villa,Swansea,1.0,2.0,A,9.0,11.0,3.0,4.0,2.94,3.15,2.56,3.11,3.3,2.65
2015-10-24,2015,Leicester,Crystal Palace,1.0,0.0,H,12.0,9.0,3.0,4.0,2.21,3.41,3.31,2.3,3.6,3.52
2015-10-24,2015,Norwich,West Brom,0.0,1.0,A,16.0,7.0,3.0,4.0,2.0,3.39,3.97,2.1,3.5,4.31
2015-10-24,2015,Stoke,Watford,0.0,2.0,A,12.0,13.0,1.0,3.0,2.09,3.26,3.79,2.2,3.4,4.1
2015-10-24,2015,West Ham,Chelsea,2.0,1.0,H,12.0,8.0,5.0,4.0,3.81,3.61,1.97,4.01,3.8,2.05
2015-10-25,2015,Bournemouth,Tottenham,1.0,5.0,A,11.0,14.0,3.0,9.0,3.38,3.32,2.22,3.59,3.5,2.25
2015-10-25,2015,Liverpool,Southampton,1.0,1.0,D,15.0,8.0,2.0,3.0,2.05,3.43,3.74,2.1,3.62,4.0
2015-10-25,2015,Man United,Man City,0.0,0.0,D,6.0,6.0,1.0,1.0,2.57,3.35,2.8,2.7,3.55,2.96
2015-10-25,2015,Sunderland,Newcastle,3.0,0.0,H,9.0,21.0,3.0,8.0,2.53,3.31,2.86,2.63,3.45,3.0
2015-10-31,2015,Chelsea,Liverpool,1.0,3.0,A,8.0,16.0,2.0,7.0,2.07,3.36,3.73,2.13,3.56,4.0
2015-10-31,2015,Crystal Palace,Man United,0.0,0.0,D,10.0,5.0,5.0,1.0,3.77,3.35,2.06,4.07,3.5,2.1
2015-10-31,2015,Man City,Norwich,2.0,1.0,H,21.0,5.0,5.0,3.0,1.28,5.81,10.45,1.31,6.36,12.56
2015-10-31,2015,Newcastle,Stoke,0.0,0.0,D,15.0,9.0,6.0,2.0,2.35,3.31,3.12,2.5,3.43,3.28
2015-10-31,2015,Swansea,Arsenal,0.0,3.0,A,8.0,15.0,3.0,5.0,4.8,3.82,1.73,5.3,4.0,1.77
2015-10-31,2015,Watford,West Ham,2.0,0.0,H,20.0,8.0,5.0,3.0,2.52,3.28,2.87,2.7,3.45,3.0
2015-10-31,2015,West Brom,Leicester,2.0,3.0,A,14.0,13.0,6.0,5.0,2.82,3.25,2.58,2.9,3.4,2.7
2015-11-01,2015,Everton,Sunderland,6.0,2.0,H,15.0,17.0,8.0,9.0,1.49,4.31,7.06,1.53,4.61,8.0
2015-11-01,2015,Southampton,Bournemouth,2.0,0.0,H,11.0,16.0,2.0,2.0,1.54,4.17,6.29,1.58,4.38,7.0
2015-11-02,2015,Tottenham,Aston Villa,3.0,1.0,H,17.0,13.0,6.0,2.0,1.42,4.52,8.11,1.45,4.84,9.0
2015-11-07,2015,Bournemouth,Newcastle,0.0,1.0,A,20.0,2.0,5.0,1.0,2.2,3.44,3.3,2.25,3.6,3.57
2015-11-07,2015,Leicester,Watford,2.0,1.0,H,12.0,8.0,6.0,4.0,1.84,3.67,4.3,1.88,3.9,4.6
2015-11-07,2015,Man United,West Brom,2.0,0.0,H,13.0,4.0,3.0,0.0,1.33,4.91,10.69,1.36,5.3,12.05
2015-11-07,2015,Norwich,Swansea,1.0,0.0,H,9.0,8.0,5.0,0.0,2.45,3.31,2.94,2.55,3.49,3.12
2015-11-07,2015,Stoke,Chelsea,1.0,0.0,H,8.0,19.0,2.0,4.0,3.74,3.38,2.06,4.0,3.6,2.1
2015-11-07,2015,Sunderland,Southampton,0.0,1.0,A,9.0,11.0,3.0,4.0,4.63,3.66,1.78,5.05,3.85,1.85
2015-11-07,2015,West Ham,Everton,1.0,1.0,D,16.0,13.0,5.0,4.0,2.53,3.4,2.78,2.62,3.55,2.89
2015-11-08,2015,Arsenal,Tottenham,1.0,1.0,D,10.0,14.0,4.0,4.0,1.69,3.95,4.85,1.75,4.25,5.21
2015-11-08,2015,Aston Villa,Man City,0.0,0.0,D,3.0,13.0,0.0,3.0,7.29,4.58,1.44,8.15,5.0,1.5
2015-11-08,2015,Liverpool,Crystal Palace,1.0,2.0,A,22.0,9.0,4.0,4.0,1.66,3.8,5.39,1.7,4.0,6.0
2015-11-21,2015,Chelsea,Norwich,1.0,0.0,H,21.0,4.0,7.0,2.0,1.42,4.62,8.04,1.45,5.0,9.0
2015-11-21,2015,Everton,Aston Villa,4.0,0.0,H,16.0,10.0,9.0,3.0,1.57,4.0,6.21,1.62,4.27,7.0
2015-11-21,2015,Man City,Liverpool,1.0,4.0,A,11.0,14.0,3.0,9.0,1.66,3.94,5.28,1.7,4.2,5.75
2015-11-21,2015,Newcastle,Leicester,0.0,3.0,A,9.0,18.0,1.0,7.0,2.79,3.44,2.51,2.9,3.65,2.6
2015-11-21,2015,Southampton,Stoke,0.0,1.0,A,16.0,16.0,1.0,4.0,1.59,3.88,6.23,1.65,4.1,7.0
2015-11-21,2015,Swansea,Bournemouth,2.0,2.0,D,11.0,16.0,4.0,4.0,1.89,3.47,4.34,1.95,3.8,4.6
2015-11-21,2015,Watford,Man United,1.0,2.0,A,10.0,13.0,5.0,6.0,4.07,3.29,2.01,4.6,3.45,2.07
2015-11-21,2015,West Brom,Arsenal,2.0,1.0,H,4.0,11.0,1.0,3.0,6.4,4.18,1.54,7.0,4.4,1.59
2015-11-22,2015,Tottenham,West Ham,4.0,1.0,H,22.0,10.0,12.0,4.0,1.55,4.15,6.22,1.6,4.5,6.8
2015-11-23,2015,Crystal Palace,Sunderland,0.0,1.0,A,19.0,12.0,7.0,4.0,1.55,3.99,6.5,1.65,4.31,7.0
2015-11-28,2015,Aston Villa,Watford,2.0,3.0,A,12.0,14.0,6.0,6.0,2.69,3.13,2.79,2.8,3.3,2.9
2015-11-28,2015,Bournemouth,Everton,3.0,3.0,D,19.0,11.0,10.0,6.0,2.87,3.41,2.45,3.0,3.6,2.51
2015-11-28,2015,Crystal Palace,Newcastle,5.0,1.0,H,19.0,7.0,8.0,2.0,1.69,3.83,5.09,1.75,4.04,5.53
2015-11-28,2015,Leicester,Man United,1.0,1.0,D,7.0,10.0,3.0,2.0,3.13,3.35,2.34,3.3,3.53,2.4
2015-11-28,2015,Man City,Southampton,3.0,1.0,H,16.0,12.0,9.0,8.0,1.57,4.19,5.9,1.6,4.4,6.58
2015-11-28,2015,Sunderland,Stoke,2.0,0.0,H,18.0,7.0,5.0,3.0,3.1,3.19,2.41,3.25,3.3,2.51
2015-11-29,2015,Liverpool,Swansea,1.0,0.0,H,10.0,8.0,2.0,0.0,1.46,4.37,7.36,1.5,4.75,8.0
2015-11-29,2015,Norwich,Arsenal,1.0,1.0,D,7.0,12.0,2.0,3.0,5.51,4.15,1.6,6.1,4.35,1.65
2015-11-29,2015,Tottenham,Chelsea,0.0,0.0,D,9.0,5.0,4.0,1.0,2.54,3.34,2.81,2.6,3.5,2.94
2015-11-29,2015,West Ham,West Brom,1.0,1.0,D,17.0,7.0,6.0,3.0,2.05,3.33,3.83,2.1,3.5,4.05
2015-12-05,2015,Arsenal,Sunderland,3.0,1.0,H,16.0,11.0,7.0,4.0,1.27,5.76,12.07,1.29,6.25,13.53
2015-12-05,2015,Chelsea,Bournemouth,0.0,1.0,A,19.0,15.0,6.0,5.0,1.37,4.91,8.83,1.39,5.25,10.0
2015-12-05,2015,Man United,West Ham,0.0,0.0,D,21.0,9.0,1.0,2.0,1.43,4.38,8.4,1.46,4.8,9.23
2015-12-05,2015,Southampton,Aston Villa,1.0,1.0,D,23.0,9.0,5.0,2.0,1.49,4.17,7.13,1.53,4.5,7.57
2015-12-05,2015,Stoke,Man City,2.0,0.0,H,7.0,11.0,4.0,4.0,5.07,3.87,1.69,5.5,4.1,1.75
2015-12-05,2015,Swansea,Leicester,0.0,3.0,A,10.0,16.0,2.0,5.0,2.66,3.35,2.68,2.8,3.5,2.8
2015-12-05,2015,Watford,Norwich,2.0,0.0,H,14.0,6.0,7.0,1.0,2.13,3.36,3.52,2.21,3.5,3.75
2015-12-05,2015,West Brom,Tottenham,1.0,1.0,D,11.0,9.0,4.0,3.0,4.45,3.5,1.86,4.8,3.69,1.91
2015-12-06,2015,Newcastle,Liverpool,2.0,0.0,H,6.0,10.0,1.0,1.0,5.58,4.1,1.6,6.0,4.43,1.65
2015-12-07,2015,Everton,Crystal Palace,1.0,1.0,D,19.0,14.0,4.0,5.0,2.03,3.49,3.68,2.1,3.63,3.88
2015-12-12,2015,Bournemouth,Man United,2.0,1.0,H,11.0,11.0,5.0,5.0,3.33,3.28,2.26,3.5,3.4,2.3
2015-12-12,2015,Crystal Palace,Southampton,1.0,0.0,H,12.0,15.0,5.0,3.0,2.52,3.22,2.92,2.6,3.4,3.06
2015-12-12,2015,Man City,Swansea,2.0,1.0,H,13.0,13.0,5.0,7.0,1.3,5.56,10.18,1.33,6.0,11.5
2015-12-12,2015,Norwich,Everton,1.0,1.0,D,9.0,15.0,2.0,3.0,2.85,3.4,2.48,3.0,3.6,2.55
2015-12-12,2015,Sunderland,Watford,0.0,1.0,A,14.0,13.0,2.0,6.0,2.8,3.2,2.64,2.9,3.31,2.75
2015-12-12,2015,West Ham,Stoke,0.0,0.0,D,22.0,12.0,9.0,3.0,2.55,3.19,2.89,2.66,3.4,3.0
2015-12-13,2015,Aston Villa,Arsenal,0.0,2.0,A,18.0,8.0,2.0,4.0,6.1,4.06,1.57,7.0,4.24,1.61
2015-12-13,2015,Liverpool,West Brom,2.0,2.0,D,28.0,4.0,8.0,2.0,1.41,4.42,8.84,1.45,4.8,10.0
2015-12-13,2015,Tottenham,Newcastle,1.0,2.0,A,20.0,8.0,8.0,4.0,1.37,4.96,8.4,1.4,5.5,9.5
2015-12-14,2015,Leicester,Chelsea,2.0,1.0,H,9.0,11.0,5.0,5.0,3.07,3.4,2.33,3.4,3.6,2.43
2015-12-19,2015,Chelsea,Sunderland,3.0,1.0,H,17.0,11.0,7.0,3.0,1.31,5.32,10.91,1.33,5.75,13.0
2015-12-19,2015,Everton,Leicester,2.0,3.0,A,13.0,10.0,5.0,5.0,2.05,3.61,3.51,2.1,3.8,3.7
2015-12-19,2015,Man United,Norwich,1.0,2.0,A,11.0,6.0,2.0,4.0,1.45,4.35,7.74,1.5,4.61,8.83
2015-12-19,2015,Newcastle,Aston Villa,1.0,1.0,D,8.0,10.0,4.0,7.0,2.0,3.41,3.91,2.05,3.6,4.1
2015-12-19,2015,Southampton,Tottenham,0.0,2.0,A,11.0,13.0,4.0,6.0,2.62,3.27,2.77,2.71,3.48,2.88
2015-12-19,2015,Stoke,Crystal Palace,1.0,2.0,A,26.0,12.0,5.0,3.0,2.44,3.19,3.07,2.51,3.32,3.2
2015-12-19,2015,West Brom,Bournemouth,1.0,2.0,A,6.0,16.0,2.0,7.0,2.53,3.22,2.91,2.64,3.36,3.09
2015-12-20,2015,Swansea,West Ham,0.0,0.0,D,21.0,11.0,2.0,2.0,2.07,3.35,3.74,2.15,3.5,4.0
2015-12-20,2015,Watford,Liverpool,3.0,0.0,H,6.0,12.0,5.0,4.0,4.02,3.43,1.96,4.3,3.6,2.01
2015-12-21,2015,Arsenal,Man City,2.0,1.0,H,8.0,20.0,5.0,6.0,2.37,3.45,2.99,2.5,3.7,3.15
2015-12-26,2015,Aston Villa,West Ham,1.0,1.0,D,15.0,10.0,8.0,4.0,2.63,3.15,2.83,2.7,3.3,2.94
2015-12-26,2015,Bournemouth,Crystal Palace,0.0,0.0,D,10.0,8.0,4.0,0.0,2.42,3.33,2.98,2.5,3.46,3.1
2015-12-26,2015,Chelsea,Watford,2.0,2.0,D,17.0,12.0,2.0,3.0,1.49,4.29,7.03,1.54,4.6,8.0
2015-12-26,2015,Liverpool,Leicester,1.0,0.0,H,25.0,7.0,4.0,3.0,1.93,3.72,3.81,2.0,3.91,4.0
2015-12-26,2015,Man City,Sunderland,4.0,1.0,H,19.0,11.0,9.0,3.0,1.21,6.91,13.59,1.23,7.65,17.0
2015-12-26,2015,Newcastle,Everton,0.0,1.0,A,10.0,20.0,1.0,7.0,3.24,3.45,2.22,3.4,3.65,2.3
2015-12-26,2015,Southampton,Arsenal,4.0,0.0,H,15.0,7.0,5.0,4.0,3.51,3.41,2.11,3.8,3.57,2.2
2015-12-26,2015,Stoke,Man United,2.0,0.0,H,13.0,11.0,3.0,6.0,3.21,3.17,2.36,3.4,3.31,2.4
2015-12-26,2015,Swansea,West Brom,1.0,0.0,H,7.0,9.0,2.0,3.0,1.96,3.3,4.23,2.05,3.42,4.58
2015-12-26,2015,Tottenham,Norwich,3.0,0.0,H,15.0,11.0,10.0,3.0,1.43,4.55,7.7,1.48,4.86,8.5
2015-12-28,2015,Arsenal,Bournemouth,2.0,0.0,H,13.0,10.0,6.0,3.0,1.43,4.58,7.76,1.47,4.89,8.75
2015-12-28,2015,Crystal Palace,Swansea,0.0,0.0,D,10.0,5.0,2.0,3.0,2.07,3.31,3.8,2.14,3.5,4.0
2015-12-28,2015,Everton,Stoke,3.0,4.0,A,15.0,8.0,3.0,5.0,1.93,3.51,4.11,2.0,3.63,4.33
2015-12-28,2015,Man United,Chelsea,0.0,0.0,D,12.0,8.0,2.0,3.0,2.55,3.22,2.91,2.65,3.38,3.03
2015-12-28,2015,Norwich,Aston Villa,2.0,0.0,H,9.0,6.0,4.0,3.0,2.04,3.42,3.78,2.1,3.6,4.05
2015-12-28,2015,Watford,Tottenham,1.0,2.0,A,9.0,10.0,1.0,3.0,3.65,3.42,2.08,3.92,3.55,2.15
2015-12-28,2015,West Brom,Newcastle,1.0,0.0,H,22.0,7.0,5.0,2.0,2.16,3.26,3.58,2.25,3.4,3.85
2015-12-28,2015,West Ham,Southampton,2.0,1.0,H,13.0,15.0,5.0,4.0,3.44,3.26,2.22,3.6,3.41,2.3
2015-12-29,2015,Leicester,Man City,0.0,0.0,D,11.0,21.0,4.0,5.0,4.12,3.87,1.83,4.4,4.1,1.91
2015-12-30,2015,Sunderland,Liverpool,0.0,1.0,A,8.0,17.0,3.0,6.0,5.22,3.74,1.7,5.6,4.0,1.75
2016-01-02,2015,Arsenal,Newcastle,1.0,0.0,H,16.0,15.0,3.0,6.0,1.27,5.87,11.2,1.3,6.5,12.81
2016-01-02,2015,Leicester,Bournemouth,0.0,0.0,D,16.0,9.0,2.0,0.0,1.92,3.58,4.02,2.0,3.75,4.33
2016-01-02,2015,Man United,Swansea,2.0,1.0,H,19.0,9.0,6.0,4.0,1.53,4.0,6.89,1.57,4.27,7.55
2016-01-02,2015,Norwich,Southampton,1.0,0.0,H,10.0,10.0,1.0,4.0,3.07,3.34,2.36,3.25,3.49,2.45
2016-01-02,2015,Sunderland,Aston Villa,3.0,1.0,H,13.0,8.0,6.0,3.0,2.45,3.18,3.04,2.51,3.34,3.23
2016-01-02,2015,Watford,Man City,1.0,2.0,A,11.0,16.0,3.0,5.0,4.87,3.88,1.71,5.2,4.11,1.75
2016-01-02,2015,West Brom,Stoke,2.0,1.0,H,16.0,10.0,5.0,3.0,2.74,3.09,2.77,2.85,3.2,2.88
2016-01-02,2015,West Ham,Liverpool,2.0,0.0,H,18.0,23.0,10.0,2.0,3.86,3.42,2.01,4.1,3.62,2.1
2016-01-03,2015,Crystal Palace,Chelsea,0.0,3.0,A,8.0,10.0,4.0,4.0,3.79,3.35,2.06,3.98,3.5,2.2
2016-01-03,2015,Everton,Tottenham,1.0,1.0,D,12.0,19.0,3.0,4.0,2.71,3.4,2.59,2.82,3.6,2.7
2016-01-12,2015,Aston Villa,Crystal Palace,1.0,0.0,H,13.0,9.0,3.0,1.0,3.11,3.15,2.45,3.25,3.3,2.6
2016-01-12,2015,Bournemouth,West Ham,1.0,3.0,A,11.0,10.0,4.0,5.0,1.98,3.51,3.9,2.1,3.75,4.15
2016-01-12,2015,Newcastle,Man United,3.0,3.0,D,14.0,12.0,6.0,4.0,4.87,3.62,1.78,5.25,3.83,1.8
2016-01-13,2015,Chelsea,West Brom,2.0,2.0,D,14.0,13.0,2.0,6.0,1.44,4.32,8.24,1.49,4.75,9.0
2016-01-13,2015,Liverpool,Arsenal,3.0,3.0,D,22.0,14.0,6.0,5.0,2.83,3.37,2.51,2.95,3.58,2.6
2016-01-13,2015,Man City,Everton,0.0,0.0,D,22.0,7.0,5.0,2.0,1.5,4.56,6.19,1.53,4.9,7.0
2016-01-13,2015,Southampton,Watford,2.0,0.0,H,15.0,4.0,7.0,1.0,1.98,3.38,4.03,2.05,3.51,4.35
2016-01-13,2015,Stoke,Norwich,3.0,1.0,H,14.0,5.0,4.0,2.0,2.0,3.32,4.03,2.05,3.44,4.37
2016-01-13,2015,Swansea,Sunderland,2.0,4.0,A,10.0,7.0,5.0,5.0,1.76,3.57,4.97,1.83,3.71,5.45
2016-01-13,2015,Tottenham,Leicester,0.0,1.0,A,21.0,10.0,5.0,2.0,1.75,3.75,4.78,1.8,4.02,5.25
2016-01-16,2015,Aston Villa,Leicester,1.0,1.0,D,14.0,12.0,5.0,5.0,3.52,3.31,2.16,3.75,3.5,2.3
2016-01-16,2015,Bournemouth,Norwich,3.0,0.0,H,15.0,10.0,8.0,3.0,1.88,3.49,4.35,1.95,3.68,4.75
2016-01-16,2015,Chelsea,Everton,3.0,3.0,D,14.0,9.0,7.0,4.0,1.79,3.77,4.49,1.83,3.98,4.8
2016-01-16,2015,Man City,Crystal Palace,4.0,0.0,H,17.0,9.0,4.0,3.0,1.38,5.01,8.13,1.41,5.5,10.0
2016-01-16,2015,Newcastle,West Ham,2.0,1.0,H,23.0,10.0,10.0,3.0,2.5,3.34,2.86,2.62,3.55,3.0
2016-01-16,2015,Southampton,West Brom,3.0,0.0,H,9.0,9.0,5.0,0.0,1.71,3.6,5.46,1.8,3.8,6.0
2016-01-16,2015,Tottenham,Sunderland,4.0,1.0,H,26.0,5.0,11.0,2.0,1.35,5.0,9.24,1.4,5.5,10.62
2016-01-17,2015,Liverpool,Man United,0.0,1.0,A,19.0,7.0,4.0,1.0,2.29,3.24,3.29,2.5,3.37,3.5
2016-01-17,2015,Stoke,Arsenal,0.0,0.0,D,14.0,8.0,6.0,3.0,4.11,3.47,1.93,4.33,3.61,2.0
2016-01-18,2015,Swansea,Watford,1.0,0.0,H,10.0,13.0,2.0,2.0,2.39,3.2,3.15,2.5,3.31,3.4
2016-01-23,2015,Crystal Palace,Tottenham,1.0,3.0,A,11.0,24.0,3.0,11.0,3.48,3.3,2.18,3.63,3.5,2.25
2016-01-23,2015,Leicester,Stoke,3.0,0.0,H,15.0,3.0,5.0,2.0,2.04,3.36,3.83,2.1,3.5,4.0
2016-01-23,2015,Man United,Southampton,0.0,1.0,A,8.0,7.0,1.0,2.0,1.88,3.37,4.55,1.95,3.54,4.84
2016-01-23,2015,Norwich,Liverpool,4.0,5.0,A,6.0,13.0,5.0,7.0,4.08,3.42,1.96,4.35,3.6,2.05
2016-01-23,2015,Sunderland,Bournemouth,1.0,1.0,D,10.0,15.0,5.0,5.0,2.94,3.26,2.48,3.07,3.4,2.55
2016-01-23,2015,Watford,Newcastle,2.0,1.0,H,13.0,11.0,5.0,2.0,2.05,3.39,3.75,2.1,3.54,4.0
2016-01-23,2015,West Brom,Aston Villa,0.0,0.0,D,4.0,15.0,0.0,4.0,2.13,3.17,3.82,2.2,3.4,4.0
2016-01-23,2015,West Ham,Man City,2.0,2.0,D,10.0,16.0,3.0,3.0,4.98,3.87,1.7,5.4,4.1,1.74
2016-01-24,2015,Arsenal,Chelsea,0.0,1.0,A,9.0,12.0,1.0,6.0,2.04,3.43,3.76,2.2,3.62,4.0
2016-01-24,2015,Everton,Swansea,1.0,2.0,A,20.0,7.0,2.0,5.0,1.68,3.75,5.31,1.75,4.0,5.77
2016-02-02,2015,Arsenal,Southampton,0.0,0.0,D,21.0,14.0,11.0,3.0,1.76,3.58,5.0,1.83,3.75,5.62
2016-02-02,2015,Crystal Palace,Bournemouth,1.0,2.0,A,14.0,8.0,3.0,4.0,2.42,3.19,3.12,2.5,3.32,3.33
2016-02-02,2015,Leicester,Liverpool,2.0,0.0,H,13.0,14.0,6.0,2.0,2.58,3.28,2.81,2.65,3.51,2.9
2016-02-02,2015,Man United,Stoke,3.0,0.0,H,15.0,10.0,5.0,0.0,1.67,3.67,5.73,1.75,3.83,6.26
2016-02-02,2015,Norwich,Tottenham,0.0,3.0,A,10.0,17.0,2.0,6.0,4.37,3.64,1.84,4.8,3.88,1.9
2016-02-02,2015,Sunderland,Man City,0.0,1.0,A,11.0,6.0,2.0,2.0,7.06,4.49,1.47,8.0,4.8,1.5
2016-02-02,2015,West Brom,Swansea,1.0,1.0,D,17.0,18.0,7.0,4.0,2.61,3.01,3.01,2.7,3.1,3.25
2016-02-02,2015,West Ham,Aston Villa,2.0,0.0,H,25.0,6.0,6.0,2.0,1.88,3.46,4.42,1.95,3.57,4.87
2016-02-03,2015,Everton,Newcastle,3.0,0.0,H,18.0,7.0,7.0,3.0,1.65,4.03,5.12,1.72,4.36,5.5
2016-02-03,2015,Watford,Chelsea,0.0,0.0,D,12.0,12.0,3.0,4.0,4.1,3.36,1.98,4.4,3.51,2.05
2016-02-06,2015,Aston Villa,Norwich,2.0,0.0,H,10.0,12.0,3.0,4.0,2.38,3.18,3.18,2.45,3.32,3.31
2016-02-06,2015,Liverpool,Sunderland,2.0,2.0,D,16.0,7.0,5.0,2.0,1.44,4.46,7.82,1.5,4.75,9.0
2016-02-06,2015,Man City,Leicester,1.0,3.0,A,22.0,14.0,4.0,7.0,1.6,4.06,5.75,1.63,4.3,6.28
2016-02-06,2015,Newcastle,West Brom,1.0,0.0,H,19.0,7.0,7.0,0.0,2.14,3.28,3.63,2.25,3.4,3.9
2016-02-06,2015,Southampton,West Ham,1.0,0.0,H,8.0,18.0,2.0,2.0,1.73,3.64,5.14,1.8,3.8,5.5
2016-02-06,2015,Stoke,Everton,0.0,3.0,A,11.0,14.0,3.0,6.0,2.6,3.28,2.79,2.75,3.47,2.92
2016-02-06,2015,Swansea,Crystal Palace,1.0,1.0,D,19.0,12.0,3.0,2.0,2.23,3.2,3.49,2.3,3.3,3.72
2016-02-06,2015,Tottenham,Watford,1.0,0.0,H,26.0,3.0,9.0,0.0,1.49,4.22,7.19,1.54,4.4,8.0
2016-02-07,2015,Bournemouth,Arsenal,0.0,2.0,A,17.0,10.0,4.0,5.0,3.72,3.41,2.05,4.0,3.66,2.13
2016-02-07,2015,Chelsea,Man United,1.0,1.0,D,16.0,17.0,5.0,7.0,2.09,3.26,3.83,2.2,3.4,4.2
2016-02-13,2015,Bournemouth,Stoke,1.0,3.0,A,11.0,11.0,2.0,6.0,2.05,3.35,3.82,2.15,3.52,4.2
2016-02-13,2015,Chelsea,Newcastle,5.0,1.0,H,15.0,10.0,5.0,4.0,1.44,4.55,7.42,1.5,4.8,8.1
2016-02-13,2015,Crystal Palace,Watford,1.0,2.0,A,14.0,10.0,7.0,3.0,2.23,3.2,3.51,2.3,3.33,3.77
2016-02-13,2015,Everton,West Brom,0.0,1.0,A,34.0,5.0,6.0,1.0,1.52,4.13,6.82,1.6,4.35,7.71
2016-02-13,2015,Norwich,West Ham,2.0,2.0,D,13.0,11.0,3.0,6.0,2.41,3.33,3.02,2.6,3.53,3.25
2016-02-13,2015,Sunderland,Man United,2.0,1.0,H,21.0,12.0,5.0,6.0,5.0,3.6,1.76,5.5,3.78,1.83
2016-02-13,2015,Swansea,Southampton,0.0,1.0,A,13.0,13.0,2.0,5.0,3.11,3.18,2.43,3.25,3.33,2.6
2016-02-14,2015,Arsenal,Leicester,2.0,1.0,H,24.0,7.0,6.0,3.0,1.72,3.95,4.71,1.8,4.2,5.11
2016-02-14,2015,Aston Villa,Liverpool,0.0,6.0,A,6.0,11.0,1.0,9.0,4.59,3.49,1.84,5.04,3.62,2.0
2016-02-14,2015,Man City,Tottenham,1.0,2.0,A,19.0,6.0,4.0,3.0,2.06,3.53,3.61,2.1,3.79,3.9
2016-02-27,2015,Leicester,Norwich,1.0,0.0,H,13.0,9.0,3.0,1.0,1.54,4.24,6.11,1.59,4.5,6.5
2016-02-27,2015,Southampton,Chelsea,1.0,2.0,A,7.0,16.0,2.0,4.0,2.83,3.22,2.58,2.96,3.37,2.65
2016-02-27,2015,Stoke,Aston Villa,2.0,1.0,H,11.0,5.0,3.0,1.0,1.67,3.63,5.67,1.71,3.8,6.16
2016-02-27,2015,Watford,Bournemouth,0.0,0.0,D,14.0,11.0,1.0,3.0,2.37,3.22,3.1,2.45,3.35,3.25
2016-02-27,2015,West Brom,Crystal Palace,3.0,2.0,H,11.0,15.0,5.0,2.0,2.7,3.07,2.81,2.85,3.2,2.9
2016-02-27,2015,West Ham,Sunderland,1.0,0.0,H,9.0,13.0,3.0,4.0,1.84,3.58,4.39,1.89,3.75,4.75
2016-02-28,2015,Man United,Arsenal,3.0,2.0,H,7.0,13.0,5.0,5.0,3.17,3.21,2.37,3.4,3.32,2.6
2016-02-28,2015,Tottenham,Swansea,2.0,1.0,H,34.0,10.0,14.0,4.0,1.45,4.27,7.83,1.5,4.6,9.0
2016-03-01,2015,Aston Villa,Everton,1.0,3.0,A,14.0,10.0,5.0,7.0,4.4,3.53,1.87,4.7,3.7,1.93
2016-03-01,2015,Bournemouth,Southampton,2.0,0.0,H,9.0,6.0,4.0,1.0,2.87,3.17,2.63,2.97,3.3,2.71
2016-03-01,2015,Leicester,West Brom,2.0,2.0,D,22.0,11.0,5.0,3.0,1.7,3.67,5.44,1.77,3.85,6.0
2016-03-01,2015,Norwich,Chelsea,1.0,2.0,A,13.0,10.0,2.0,2.0,5.26,3.89,1.68,5.7,4.08,1.71
2016-03-01,2015,Sunderland,Crystal Palace,2.0,2.0,D,17.0,13.0,6.0,5.0,2.46,3.24,3.03,2.55,3.4,3.2
2016-03-02,2015,Arsenal,Swansea,1.0,2.0,A,18.0,11.0,4.0,2.0,1.36,4.9,9.25,1.4,5.25,10.28
2016-03-02,2015,Liverpool,Man City,3.0,0.0,H,11.0,4.0,7.0,2.0,2.57,3.33,2.79,2.7,3.51,2.88
2016-03-02,2015,Man United,Watford,1.0,0.0,H,14.0,13.0,3.0,3.0,1.65,3.71,5.87,1.69,4.0,6.5
2016-03-02,2015,Stoke,Newcastle,1.0,0.0,H,9.0,5.0,2.0,3.0,1.97,3.39,4.07,2.05,3.57,4.33
2016-03-02,2015,West Ham,Tottenham,1.0,0.0,H,14.0,9.0,3.0,2.0,3.89,3.47,1.99,4.1,3.64,2.06
2016-03-05,2015,Chelsea,Stoke,1.0,1.0,D,20.0,16.0,7.0,5.0,1.5,4.23,6.89,1.53,4.5,7.5
2016-03-05,2015,Everton,West Ham,2.0,3.0,A,15.0,17.0,8.0,5.0,1.7,3.91,4.93,1.8,4.2,5.25
2016-03-05,2015,Man City,Aston Villa,4.0,0.0,H,22.0,2.0,9.0,1.0,1.21,6.67,14.95,1.24,7.5,17.0
2016-03-05,2015,Newcastle,Bournemouth,1.0,3.0,A,14.0,16.0,3.0,5.0,2.63,3.3,2.74,2.74,3.49,2.88
2016-03-05,2015,Southampton,Sunderland,1.0,1.0,D,16.0,11.0,5.0,3.0,1.59,3.88,6.19,1.65,4.1,6.75
2016-03-05,2015,Swansea,Norwich,1.0,0.0,H,10.0,8.0,3.0,3.0,2.0,3.38,3.99,2.05,3.5,4.2
2016-03-05,2015,Tottenham,Arsenal,2.0,2.0,D,26.0,10.0,11.0,4.0,2.36,3.38,3.08,2.5,3.62,3.25
2016-03-05,2015,Watford,Leicester,0.0,1.0,A,11.0,14.0,4.0,7.0,2.94,3.25,2.5,3.01,3.4,2.62
2016-03-06,2015,Crystal Palace,Liverpool,1.0,2.0,A,14.0,19.0,4.0,5.0,3.63,3.39,2.1,3.8,3.5,2.19
2016-03-06,2015,West Brom,Man United,1.0,0.0,H,9.0,7.0,2.0,1.0,4.1,3.32,1.99,4.33,3.5,2.06
2016-03-12,2015,Bournemouth,Swansea,3.0,2.0,H,12.0,12.0,4.0,4.0,1.95,3.34,4.26,2.0,3.5,4.5
2016-03-12,2015,Norwich,Man City,0.0,0.0,D,5.0,15.0,0.0,3.0,5.86,4.0,1.6,6.75,4.33,1.65
2016-03-12,2015,Stoke,Southampton,1.0,2.0,A,13.0,11.0,2.0,4.0,2.68,3.14,2.8,2.75,3.22,2.93
2016-03-13,2015,Aston Villa,Tottenham,0.0,2.0,A,11.0,19.0,2.0,8.0,6.97,4.26,1.49,7.75,4.5,1.53
2016-03-14,2015,Leicester,Newcastle,1.0,0.0,H,10.0,13.0,1.0,2.0,1.59,4.08,5.76,1.67,4.33,6.5
2016-03-19,2015,Chelsea,West Ham,2.0,2.0,D,22.0,13.0,5.0,6.0,1.72,3.78,4.89,1.78,3.96,5.25
2016-03-19,2015,Crystal Palace,Leicester,0.0,1.0,A,12.0,8.0,4.0,3.0,2.93,3.26,2.48,3.1,3.5,2.6
2016-03-19,2015,Everton,Arsenal,0.0,2.0,A,8.0,11.0,2.0,3.0,2.62,3.48,2.63,2.77,3.7,2.75
2016-03-19,2015,Swansea,Aston Villa,1.0,0.0,H,10.0,12.0,1.0,2.0,1.66,3.73,5.58,1.73,4.0,6.0
2016-03-19,2015,Watford,Stoke,1.0,2.0,A,9.0,9.0,4.0,6.0,2.39,3.16,3.17,2.5,3.27,3.36
2016-03-19,2015,West Brom,Norwich,0.0,1.0,A,10.0,7.0,0.0,1.0,2.23,3.2,3.45,2.33,3.3,3.7
2016-03-20,2015,Man City,Man United,0.0,1.0,A,26.0,5.0,2.0,3.0,1.83,3.62,4.42,1.87,3.8,4.75
2016-03-20,2015,Newcastle,Sunderland,1.0,1.0,D,17.0,14.0,8.0,4.0,2.11,3.34,3.61,2.2,3.53,3.85
2016-03-20,2015,Southampton,Liverpool,3.0,2.0,H,16.0,18.0,5.0,9.0,2.61,3.21,2.81,2.75,3.4,2.9
2016-03-20,2015,Tottenham,Bournemouth,3.0,0.0,H,17.0,2.0,8.0,0.0,1.53,4.24,6.2,1.57,4.5,7.0
2016-04-02,2015,Arsenal,Watford,4.0,0.0,H,19.0,6.0,12.0,2.0,1.35,5.03,9.07,1.38,5.4,10.0
2016-04-02,2015,Aston Villa,Chelsea,0.0,4.0,A,15.0,11.0,4.0,8.0,6.14,3.98,1.58,6.6,4.33,1.68
2016-04-02,2015,Bournemouth,Man City,0.0,4.0,A,11.0,15.0,2.0,7.0,3.62,3.5,2.05,3.75,3.71,2.13
2016-04-02,2015,Liverpool,Tottenham,1.0,1.0,D,15.0,18.0,7.0,5.0,2.47,3.34,2.91,2.6,3.5,3.03
2016-04-02,2015,Norwich,Newcastle,3.0,2.0,H,13.0,13.0,6.0,5.0,2.18,3.29,3.48,2.25,3.44,3.7
2016-04-02,2015,Stoke,Swansea,2.0,2.0,D,12.0,12.0,5.0,3.0,2.16,3.28,3.58,2.25,3.4,3.87
2016-04-02,2015,Sunderland,West Brom,0.0,0.0,D,22.0,3.0,7.0,0.0,2.08,3.27,3.81,2.15,3.4,4.1
2016-04-02,2015,West Ham,Crystal Palace,2.0,2.0,D,18.0,12.0,6.0,5.0,1.95,3.51,4.01,2.0,3.66,4.33
2016-04-03,2015,Leicester,Southampton,1.0,0.0,H,11.0,10.0,4.0,2.0,2.21,3.29,3.42,2.3,3.4,3.6
2016-04-03,2015,Man United,Everton,1.0,0.0,H,10.0,7.0,2.0,1.0,2.06,3.38,3.76,2.13,3.51,4.0
2016-04-09,2015,Aston Villa,Bournemouth,1.0,2.0,A,6.0,12.0,1.0,3.0,3.47,3.35,2.15,3.64,3.47,2.22
2016-04-09,2015,Crystal Palace,Norwich,1.0,0.0,H,13.0,13.0,6.0,4.0,2.07,3.33,3.73,2.15,3.41,3.95
2016-04-09,2015,Man City,West Brom,2.0,1.0,H,13.0,13.0,4.0,2.0,1.33,5.08,9.94,1.37,5.42,11.5
2016-04-09,2015,Southampton,Newcastle,3.0,1.0,H,20.0,5.0,6.0,3.0,1.56,4.0,6.14,1.6,4.23,7.0
2016-04-09,2015,Swansea,Chelsea,1.0,0.0,H,12.0,8.0,6.0,2.0,3.77,3.36,2.05,4.0,3.5,2.1
2016-04-09,2015,Watford,Everton,1.0,1.0,D,13.0,12.0,5.0,7.0,3.35,3.32,2.21,3.5,3.41,2.4
2016-04-09,2015,West Ham,Arsenal,3.0,3.0,D,19.0,11.0,7.0,6.0,3.72,3.61,1.98,3.93,3.83,2.05
2016-04-10,2015,Liverpool,Stoke,4.0,1.0,H,14.0,10.0,6.0,3.0,1.59,3.99,5.8,1.65,4.28,6.25
2016-04-10,2015,Sunderland,Leicester,0.0,2.0,A,15.0,17.0,1.0,7.0,3.41,3.37,2.17,3.6,3.5,2.25
2016-04-10,2015,Tottenham,Man United,3.0,0.0,H,16.0,5.0,8.0,1.0,1.91,3.5,4.13,2.1,3.65,4.44
2016-04-13,2015,Crystal Palace,Everton,0.0,0.0,D,18.0,9.0,6.0,5.0,2.85,3.3,2.52,2.95,3.49,2.63
2016-04-16,2015,Chelsea,Man City,0.0,3.0,A,11.0,11.0,4.0,8.0,2.67,3.36,2.65,2.75,3.55,2.75
2016-04-16,2015,Everton,Southampton,1.0,1.0,D,7.0,18.0,2.0,4.0,2.59,3.29,2.79,2.75,3.41,2.95
2016-04-16,2015,Man United,Aston Villa,1.0,0.0,H,13.0,7.0,4.0,1.0,1.23,6.04,14.93,1.26,7.0,17.0
2016-04-16,2015,Newcastle,Swansea,3.0,0.0,H,12.0,11.0,7.0,1.0,2.27,3.33,3.25,2.38,3.5,3.42
2016-04-16,2015,Norwich,Sunderland,0.0,3.0,A,19.0,8.0,6.0,3.0,2.34,3.27,3.18,2.4,3.41,3.4
2016-04-16,2015,West Brom,Watford,0.0,1.0,A,16.0,11.0,4.0,4.0,2.34,3.14,3.31,2.4,3.26,3.5
2016-04-17,2015,Arsenal,Crystal Palace,1.0,1.0,D,21.0,7.0,6.0,2.0,1.34,5.2,9.06,1.37,5.75,10.0
2016-04-17,2015,Bournemouth,Liverpool,1.0,2.0,A,18.0,19.0,5.0,6.0,3.46,3.42,2.13,3.71,3.52,2.2
2016-04-17,2015,Leicester,West Ham,2.0,2.0,D,6.0,19.0,2.0,4.0,1.91,3.57,4.08,2.0,3.8,4.3
2016-04-18,2015,Stoke,Tottenham,0.0,4.0,A,12.0,23.0,2.0,6.0,4.46,3.62,1.82,5.0,3.8,1.88
2016-04-19,2015,Newcastle,Man City,1.0,1.0,D,5.0,9.0,3.0,5.0,5.86,4.24,1.57,6.29,4.5,1.65
2016-04-20,2015,Liverpool,Everton,4.0,0.0,H,37.0,3.0,13.0,0.0,1.69,4.0,4.85,1.75,4.3,5.25
2016-04-20,2015,Man United,Crystal Palace,2.0,0.0,H,16.0,5.0,10.0,0.0,1.53,4.09,6.68,1.57,4.33,7.45
2016-04-20,2015,West Ham,Watford,3.0,1.0,H,18.0,7.0,7.0,4.0,1.54,4.16,6.3,1.65,4.37,6.83
2016-04-21,2015,Arsenal,West Brom,2.0,0.0,H,16.0,8.0,7.0,1.0,1.25,5.87,12.76,1.29,6.45,15.0
2016-04-23,2015,Aston Villa,Southampton,2.0,4.0,A,16.0,17.0,7.0,7.0,6.65,3.99,1.54,7.5,4.26,1.6
2016-04-23,2015,Bournemouth,Chelsea,1.0,4.0,A,13.0,16.0,4.0,4.0,2.99,3.43,2.35,3.1,3.61,2.5
2016-04-23,2015,Liverpool,Newcastle,2.0,2.0,D,13.0,6.0,4.0,3.0,1.55,4.27,5.8,1.62,4.6,6.5
2016-04-23,2015,Man City,Stoke,4.0,0.0,H,11.0,14.0,6.0,2.0,1.3,5.5,10.42,1.33,6.0,11.67
2016-04-24,2015,Leicester,Swansea,4.0,0.0,H,18.0,9.0,9.0,1.0,1.73,3.6,5.17,1.8,3.8,5.75
2016-04-24,2015,Sunderland,Arsenal,0.0,0.0,D,12.0,20.0,3.0,7.0,4.64,3.8,1.76,5.0,4.02,1.81
2016-04-25,2015,Tottenham,West Brom,1.0,1.0,D,19.0,16.0,2.0,3.0,1.22,6.19,14.03,1.25,7.0,17.0
2016-04-30,2015,Arsenal,Norwich,1.0,0.0,H,14.0,12.0,3.0,3.0,1.26,5.99,11.81,1.29,6.55,13.26
2016-04-30,2015,Everton,Bournemouth,2.0,1.0,H,12.0,16.0,5.0,2.0,1.98,3.67,3.69,2.05,3.81,4.0
2016-04-30,2015,Newcastle,Crystal Palace,1.0,0.0,H,10.0,9.0,4.0,3.0,1.99,3.47,3.87,2.05,3.61,4.2
2016-04-30,2015,Stoke,Sunderland,1.0,1.0,D,11.0,14.0,3.0,5.0,2.68,3.2,2.74,2.75,3.35,2.83
2016-04-30,2015,Watford,Aston Villa,3.0,2.0,H,18.0,7.0,6.0,2.0,1.7,3.74,5.16,1.75,3.95,5.75
2016-04-30,2015,West Brom,West Ham,0.0,3.0,A,15.0,8.0,5.0,4.0,3.82,3.38,2.04,4.1,3.56,2.2
2016-05-01,2015,Man United,Leicester,1.0,1.0,D,21.0,14.0,6.0,3.0,2.05,3.34,3.8,2.15,3.46,4.1
2016-05-01,2015,Southampton,Man City,4.0,2.0,H,14.0,6.0,7.0,5.0,2.68,3.34,2.65,2.8,3.5,2.75
2016-05-01,2015,Swansea,Liverpool,3.0,1.0,H,18.0,11.0,9.0,3.0,3.05,3.39,2.34,3.15,3.56,2.5
2016-05-02,2015,Chelsea,Tottenham,2.0,2.0,D,13.0,16.0,5.0,5.0,2.68,3.43,2.59,2.75,3.6,2.7
2016-05-07,2015,Aston Villa,Newcastle,0.0,0.0,D,2.0,9.0,0.0,3.0,5.45,3.98,1.63,6.0,4.33,1.73
2016-05-07,2015,Bournemouth,West Brom,1.0,1.0,D,12.0,12.0,4.0,4.0,1.92,3.47,4.19,1.96,3.61,4.45
2016-05-07,2015,Crystal Palace,Stoke,2.0,1.0,H,17.0,12.0,4.0,3.0,2.03,3.42,3.78,2.11,3.6,4.0
2016-05-07,2015,Leicester,Everton,3.0,1.0,H,32.0,9.0,8.0,5.0,1.87,3.74,4.06,1.93,4.0,4.33
2016-05-07,2015,Norwich,Man United,0.0,1.0,A,8.0,15.0,2.0,2.0,4.39,3.52,1.87,4.75,3.68,1.92
2016-05-07,2015,Sunderland,Chelsea,3.0,2.0,H,15.0,9.0,4.0,8.0,2.89,3.44,2.43,3.02,3.6,2.6
2016-05-07,2015,West Ham,Swansea,1.0,4.0,A,25.0,13.0,7.0,6.0,1.43,4.62,7.48,1.47,4.96,8.34
2016-05-08,2015,Liverpool,Watford,2.0,0.0,H,19.0,14.0,5.0,3.0,1.49,4.42,6.55,1.54,4.65,7.5
2016-05-08,2015,Man City,Arsenal,2.0,2.0,D,14.0,5.0,3.0,2.0,2.48,3.43,2.81,2.56,3.6,2.95
2016-05-08,2015,Tottenham,Southampton,1.0,2.0,A,20.0,10.0,6.0,2.0,1.98,3.58,3.78,2.05,3.75,4.0
2016-05-10,2015,West Ham,Man United,3.0,2.0,H,20.0,3.0,6.0,2.0,2.96,3.41,2.43,3.1,3.56,2.55
2016-05-11,2015,Liverpool,Chelsea,1.0,1.0,D,28.0,13.0,9.0,7.0,1.97,3.69,3.71,2.05,3.9,3.9
2016-05-11,2015,Norwich,Watford,4.0,2.0,H,18.0,12.0,6.0,7.0,1.82,3.66,4.43,1.87,3.81,5.0
2016-05-11,2015,Sunderland,Everton,3.0,0.0,H,14.0,17.0,8.0,6.0,1.73,3.83,4.82,1.8,4.01,5.4
2016-05-15,2015,Arsenal,Aston Villa,4.0,0.0,H,16.0,5.0,7.0,2.0,1.15,8.01,17.22,1.2,9.51,21.0
2016-05-15,2015,Chelsea,Leicester,1.0,1.0,D,17.0,18.0,4.0,5.0,2.28,3.58,3.02,2.35,3.8,3.3
2016-05-15,2015,Everton,Norwich,3.0,0.0,H,15.0,10.0,8.0,2.0,1.75,4.0,4.36,1.85,4.33,4.6
2016-05-15,2015,Newcastle,Tottenham,5.0,1.0,H,19.0,17.0,10.0,5.0,4.38,3.84,1.78,4.6,4.16,1.85
2016-05-15,2015,Southampton,Crystal Palace,4.0,1.0,H,18.0,16.0,5.0,4.0,1.33,5.29,9.03,1.4,5.69,10.0
2016-05-15,2015,Stoke,West Ham,2.0,1.0,H,7.0,20.0,4.0,7.0,3.37,3.59,2.1,3.5,3.83,2.3
2016-05-15,2015,Swansea,Man City,1.0,1.0,D,4.0,18.0,1.0,5.0,6.04,4.5,1.51,7.0,4.8,1.59
2016-05-15,2015,Watford,Sunderland,2.0,2.0,D,21.0,6.0,6.0,4.0,2.02,3.62,3.58,2.2,3.8,3.78
2016-05-15,2015,West Brom,Liverpool,1.0,1.0,D,13.0,7.0,1.0,3.0,2.38,3.49,2.91,2.5,3.7,3.1
2016-05-17,2015,Man United,Bournemouth,3.0,1.0,H,12.0,7.0,5.0,0.0,1.66,4.03,5.08,1.72,4.33,5.61
2016-08-13,2016,Burnley,Swansea,0.0,1.0,A,10.0,17.0,3.0,9.0,2.43,3.21,3.1,2.55,3.35,3.3
2016-08-13,2016,Crystal Palace,West Brom,0.0,1.0,A,14.0,13.0,4.0,3.0,2.01,3.23,4.16,2.1,3.4,4.5
2016-08-13,2016,Everton,Tottenham,1.0,1.0,D,12.0,13.0,6.0,4.0,3.12,3.32,2.36,3.3,3.45,2.5
2016-08-13,2016,Hull,Leicester,2.0,1.0,H,14.0,18.0,5.0,5.0,4.17,3.43,1.95,4.5,3.6,2.33
2016-08-13,2016,Man City,Sunderland,2.0,1.0,H,16.0,7.0,4.0,3.0,1.25,6.11,12.55,1.3,6.8,15.0
2016-08-13,2016,Middlesbrough,Stoke,1.0,1.0,D,12.0,12.0,2.0,1.0,2.31,3.16,3.38,2.4,3.3,3.65
2016-08-13,2016,Southampton,Watford,1.0,1.0,D,24.0,5.0,6.0,1.0,1.82,3.56,4.62,1.88,3.8,5.0
2016-08-14,2016,Arsenal,Liverpool,3.0,4.0,A,9.0,16.0,5.0,7.0,2.36,3.42,3.04,2.5,3.55,3.2
2016-08-14,2016,Bournemouth,Man United,1.0,3.0,A,9.0,11.0,3.0,7.0,4.5,3.51,1.86,5.0,3.75,1.95
2016-08-15,2016,Chelsea,West Ham,2.0,1.0,H,16.0,7.0,6.0,3.0,1.64,3.97,5.46,1.71,4.25,6.0
2016-08-19,2016,Man United,Southampton,2.0,0.0,H,12.0,13.0,5.0,1.0,1.52,4.17,7.06,1.62,4.45,8.0
2016-08-20,2016,Burnley,Liverpool,2.0,0.0,H,3.0,26.0,2.0,5.0,6.43,4.09,1.55,7.12,4.35,1.6
2016-08-20,2016,Leicester,Arsenal,0.0,0.0,D,8.0,13.0,1.0,4.0,2.87,3.48,2.45,3.0,3.63,2.55
2016-08-20,2016,Stoke,Man City,1.0,4.0,A,8.0,12.0,3.0,6.0,5.11,3.81,1.7,5.63,4.0,1.76
2016-08-20,2016,Swansea,Hull,0.0,2.0,A,13.0,12.0,3.0,4.0,1.79,3.54,4.95,1.86,3.7,5.5
2016-08-20,2016,Tottenham,Crystal Palace,1.0,0.0,H,20.0,10.0,5.0,2.0,1.46,4.48,7.49,1.51,4.78,8.5
2016-08-20,2016,Watford,Chelsea,1.0,2.0,A,6.0,13.0,2.0,4.0,5.22,3.66,1.72,5.75,3.85,1.8
2016-08-20,2016,West Brom,Everton,1.0,2.0,A,11.0,13.0,4.0,7.0,2.97,3.15,2.56,3.13,3.3,2.7
2016-08-21,2016,Sunderland,Middlesbrough,1.0,2.0,A,18.0,8.0,5.0,3.0,2.52,3.16,3.02,2.64,3.25,3.25
2016-08-21,2016,West Ham,Bournemouth,1.0,0.0,H,15.0,8.0,2.0,5.0,1.94,3.62,3.96,2.03,3.85,4.33
2016-08-27,2016,Chelsea,Burnley,3.0,0.0,H,22.0,6.0,10.0,0.0,1.25,5.72,13.7,1.3,6.35,15.25
2016-08-27,2016,Crystal Palace,Bournemouth,1.0,1.0,D,24.0,10.0,5.0,3.0,2.31,3.28,3.24,2.4,3.4,3.4
2016-08-27,2016,Everton,Stoke,1.0,0.0,H,21.0,8.0,9.0,1.0,1.72,3.66,5.17,1.77,3.8,5.7
2016-08-27,2016,Hull,Man United,0.0,1.0,A,8.0,29.0,2.0,9.0,7.8,4.28,1.46,8.5,4.6,1.52
2016-08-27,2016,Leicester,Swansea,2.0,1.0,H,13.0,9.0,6.0,3.0,1.72,3.69,5.11,1.78,3.88,5.57
2016-08-27,2016,Southampton,Sunderland,1.0,1.0,D,16.0,5.0,7.0,2.0,1.6,3.88,6.16,1.65,4.15,6.65
2016-08-27,2016,Tottenham,Liverpool,1.0,1.0,D,11.0,13.0,4.0,3.0,2.37,3.43,3.01,2.5,3.57,3.17
2016-08-27,2016,Watford,Arsenal,1.0,3.0,A,14.0,10.0,6.0,7.0,5.12,3.72,1.72,5.5,3.91,1.78
2016-08-28,2016,Man City,West Ham,3.0,1.0,H,22.0,9.0,5.0,2.0,1.28,5.75,10.65,1.33,6.3,12.0
2016-08-28,2016,West Brom,Middlesbrough,0.0,0.0,D,13.0,7.0,2.0,2.0,2.56,3.06,3.04,2.63,3.2,3.25
2016-09-10,2016,Arsenal,Southampton,2.0,1.0,H,17.0,11.0,2.0,5.0,1.57,4.15,5.98,1.63,4.39,6.5
2016-09-10,2016,Bournemouth,West Brom,1.0,0.0,H,12.0,12.0,5.0,2.0,2.02,3.25,4.15,2.1,3.4,4.55
2016-09-10,2016,Burnley,Hull,1.0,1.0,D,13.0,11.0,2.0,3.0,2.41,3.14,3.22,2.5,3.21,3.44
2016-09-10,2016,Liverpool,Leicester,4.0,1.0,H,17.0,12.0,11.0,3.0,1.66,3.95,5.36,1.7,4.24,6.0
2016-09-10,2016,Man United,Man City,1.0,2.0,A,14.0,18.0,3.0,6.0,2.32,3.26,3.28,2.4,3.37,3.5
2016-09-10,2016,Middlesbrough,Crystal Palace,1.0,2.0,A,12.0,12.0,4.0,4.0,2.27,3.15,3.5,2.38,3.25,3.75
2016-09-10,2016,Stoke,Tottenham,0.0,4.0,A,15.0,20.0,2.0,8.0,4.38,3.66,1.84,4.8,3.9,1.9
2016-09-10,2016,West Ham,Watford,2.0,4.0,A,19.0,13.0,4.0,8.0,1.88,3.53,4.35,1.95,3.7,4.75
2016-09-11,2016,Swansea,Chelsea,2.0,2.0,D,6.0,28.0,2.0,7.0,5.45,3.97,1.65,6.0,4.2,1.69
2016-09-12,2016,Sunderland,Everton,0.0,3.0,A,11.0,20.0,2.0,9.0,3.59,3.45,2.1,3.8,3.6,2.19
2016-09-16,2016,Chelsea,Liverpool,1.0,2.0,A,12.0,13.0,4.0,5.0,2.25,3.46,3.29,2.33,3.65,3.5
2016-09-17,2016,Everton,Middlesbrough,3.0,1.0,H,11.0,7.0,6.0,0.0,1.65,3.83,5.7,1.7,4.05,6.19
2016-09-17,2016,Hull,Arsenal,1.0,4.0,A,6.0,24.0,2.0,9.0,5.94,4.05,1.59,6.5,4.27,1.64
2016-09-17,2016,Leicester,Burnley,3.0,0.0,H,14.0,7.0,6.0,2.0,1.48,4.29,7.5,1.6,4.64,9.0
2016-09-17,2016,Man City,Bournemouth,4.0,0.0,H,20.0,6.0,12.0,2.0,1.28,5.82,11.3,1.35,6.39,13.0
2016-09-17,2016,West Brom,West Ham,4.0,2.0,H,8.0,23.0,6.0,5.0,2.73,3.17,2.76,2.9,3.3,2.9
2016-09-18,2016,Crystal Palace,Stoke,4.0,1.0,H,14.0,11.0,8.0,4.0,2.03,3.35,3.96,2.1,3.51,4.25
2016-09-18,2016,Southampton,Swansea,1.0,0.0,H,19.0,9.0,6.0,3.0,1.68,3.72,5.62,1.73,3.97,6.17
2016-09-18,2016,Tottenham,Sunderland,1.0,0.0,H,31.0,6.0,9.0,2.0,1.33,5.27,10.01,1.39,5.8,12.0
2016-09-18,2016,Watford,Man United,3.0,1.0,H,10.0,15.0,5.0,2.0,5.67,3.95,1.63,6.4,4.2,1.69
2016-09-24,2016,Arsenal,Chelsea,3.0,0.0,H,14.0,9.0,5.0,2.0,2.35,3.43,3.08,2.46,3.6,3.21
2016-09-24,2016,Bournemouth,Everton,1.0,0.0,H,12.0,13.0,1.0,2.0,3.55,3.46,2.12,3.79,3.58,2.2
2016-09-24,2016,Liverpool,Hull,5.0,1.0,H,32.0,2.0,12.0,1.0,1.22,6.62,13.93,1.27,7.27,17.0
2016-09-24,2016,Man United,Leicester,4.0,1.0,H,16.0,10.0,7.0,3.0,1.71,3.84,5.14,1.76,4.05,5.5
2016-09-24,2016,Middlesbrough,Tottenham,1.0,2.0,A,6.0,19.0,2.0,5.0,3.7,3.39,2.1,4.1,3.5,2.17
2016-09-24,2016,Stoke,West Brom,1.0,1.0,D,12.0,9.0,2.0,3.0,2.33,3.26,3.25,2.4,3.4,3.4
2016-09-24,2016,Sunderland,Crystal Palace,2.0,3.0,A,11.0,20.0,4.0,4.0,2.81,3.25,2.64,2.95,3.35,2.73
2016-09-24,2016,Swansea,Man City,1.0,3.0,A,13.0,18.0,5.0,4.0,8.38,5.08,1.38,9.5,5.5,1.45
2016-09-25,2016,West Ham,Southampton,0.0,3.0,A,13.0,18.0,1.0,9.0,2.78,3.29,2.64,2.9,3.44,2.78
2016-09-26,2016,Burnley,Watford,2.0,0.0,H,13.0,12.0,4.0,3.0,2.9,3.17,2.59,3.09,3.34,2.75
2016-09-30,2016,Everton,Crystal Palace,1.0,1.0,D,13.0,10.0,3.0,2.0,1.73,3.85,4.98,1.77,4.02,5.45
2016-10-01,2016,Hull,Chelsea,0.0,2.0,A,8.0,22.0,3.0,9.0,6.93,4.45,1.49,7.68,4.75,1.54
2016-10-01,2016,Sunderland,West Brom,1.0,1.0,D,7.0,17.0,2.0,7.0,2.44,3.17,3.16,2.55,3.3,3.3
2016-10-01,2016,Swansea,Liverpool,1.0,2.0,A,8.0,18.0,3.0,6.0,7.38,4.72,1.44,8.44,5.14,1.49
2016-10-01,2016,Watford,Bournemouth,2.0,2.0,D,17.0,11.0,7.0,2.0,2.35,3.28,3.21,2.42,3.45,3.5
2016-10-01,2016,West Ham,Middlesbrough,1.0,1.0,D,19.0,9.0,2.0,3.0,2.21,3.31,3.5,2.3,3.5,3.66
2016-10-02,2016,Burnley,Arsenal,0.0,1.0,A,10.0,18.0,1.0,3.0,8.94,4.91,1.38,10.17,5.28,1.43
2016-10-02,2016,Leicester,Southampton,0.0,0.0,D,9.0,11.0,1.0,5.0,2.21,3.31,3.49,2.3,3.45,3.65
2016-10-02,2016,Man United,Stoke,1.0,1.0,D,24.0,7.0,9.0,6.0,1.34,5.25,9.59,1.41,5.75,11.0
2016-10-02,2016,Tottenham,Man City,2.0,0.0,H,13.0,12.0,7.0,6.0,2.96,3.43,2.42,3.35,3.6,2.5
2016-10-15,2016,Arsenal,Swansea,3.0,2.0,H,16.0,13.0,6.0,6.0,1.28,5.91,11.22,1.32,6.5,13.0
2016-10-15,2016,Bournemouth,Hull,6.0,1.0,H,22.0,11.0,10.0,4.0,1.83,3.51,4.74,1.9,3.71,5.05
2016-10-15,2016,Chelsea,Leicester,3.0,0.0,H,16.0,5.0,6.0,0.0,1.58,4.19,5.88,1.63,4.5,6.5
2016-10-15,2016,Crystal Palace,West Ham,0.0,1.0,A,12.0,12.0,3.0,4.0,2.1,3.45,3.61,2.2,3.62,3.9
2016-10-15,2016,Man City,Everton,1.0,1.0,D,19.0,3.0,8.0,2.0,1.5,4.52,6.46,1.56,4.85,8.0
2016-10-15,2016,Stoke,Sunderland,2.0,0.0,H,18.0,11.0,6.0,1.0,1.99,3.44,3.99,2.1,3.6,4.34
2016-10-15,2016,West Brom,Tottenham,1.0,1.0,D,8.0,20.0,4.0,8.0,5.27,3.71,1.72,5.65,3.95,1.77
2016-10-16,2016,Middlesbrough,Watford,0.0,1.0,A,10.0,4.0,3.0,2.0,2.25,3.21,3.5,2.33,3.4,3.65
2016-10-16,2016,Southampton,Burnley,3.0,1.0,H,34.0,6.0,14.0,1.0,1.39,4.63,9.33,1.44,5.06,10.5
2016-10-17,2016,Liverpool,Man United,0.0,0.0,D,9.0,7.0,3.0,1.0,2.16,3.42,3.45,2.27,3.59,3.65
2016-10-22,2016,Arsenal,Middlesbrough,0.0,0.0,D,9.0,11.0,5.0,4.0,1.26,5.99,12.63,1.31,6.5,15.0
2016-10-22,2016,Bournemouth,Tottenham,0.0,0.0,D,8.0,16.0,1.0,4.0,3.94,3.58,1.97,4.2,3.75,2.02
2016-10-22,2016,Burnley,Everton,2.0,1.0,H,9.0,20.0,3.0,8.0,5.84,3.74,1.66,6.5,3.99,1.75
2016-10-22,2016,Hull,Stoke,0.0,2.0,A,9.0,12.0,2.0,6.0,3.01,3.27,2.48,3.16,3.4,2.7
2016-10-22,2016,Leicester,Crystal Palace,3.0,1.0,H,17.0,23.0,4.0,7.0,2.04,3.38,3.89,2.1,3.5,4.1
2016-10-22,2016,Liverpool,West Brom,2.0,1.0,H,21.0,6.0,7.0,1.0,1.28,5.84,11.53,1.33,6.33,13.25
2016-10-22,2016,Swansea,Watford,0.0,0.0,D,11.0,10.0,5.0,2.0,2.31,3.3,3.27,2.4,3.47,3.5
2016-10-22,2016,West Ham,Sunderland,1.0,0.0,H,20.0,10.0,3.0,2.0,1.68,3.94,5.24,1.75,4.15,5.75
2016-10-23,2016,Chelsea,Man United,4.0,0.0,H,14.0,16.0,6.0,5.0,2.21,3.24,3.57,2.27,3.4,3.8
2016-10-23,2016,Man City,Southampton,1.0,1.0,D,14.0,6.0,3.0,2.0,1.49,4.44,6.92,1.54,4.75,7.5
2016-10-29,2016,Crystal Palace,Liverpool,2.0,4.0,A,7.0,17.0,6.0,10.0,4.82,3.9,1.73,5.5,4.2,1.82
2016-10-29,2016,Man United,Burnley,0.0,0.0,D,37.0,7.0,11.0,1.0,1.21,6.49,16.6,1.25,7.05,20.25
2016-10-29,2016,Middlesbrough,Bournemouth,2.0,0.0,H,10.0,15.0,3.0,3.0,2.49,3.13,3.1,2.6,3.24,3.3
2016-10-29,2016,Sunderland,Arsenal,1.0,4.0,A,3.0,21.0,1.0,7.0,7.88,4.94,1.4,9.0,5.25,1.46
2016-10-29,2016,Tottenham,Leicester,1.0,1.0,D,22.0,6.0,5.0,1.0,1.63,3.99,5.63,1.68,4.24,6.03
2016-10-29,2016,Watford,Hull,1.0,0.0,H,22.0,8.0,0.0,2.0,1.75,3.64,5.16,1.81,3.82,5.6
2016-10-29,2016,West Brom,Man City,0.0,4.0,A,9.0,21.0,1.0,8.0,7.45,4.5,1.46,8.5,4.75,1.54
2016-10-30,2016,Everton,West Ham,2.0,0.0,H,17.0,13.0,6.0,3.0,1.79,3.81,4.52,1.86,4.01,4.8
2016-10-30,2016,Southampton,Chelsea,0.0,2.0,A,9.0,13.0,1.0,7.0,3.1,3.33,2.39,3.3,3.45,2.48
2016-10-31,2016,Stoke,Swansea,3.0,1.0,H,17.0,14.0,4.0,6.0,2.04,3.5,3.72,2.16,3.65,4.1
2016-11-05,2016,Bournemouth,Sunderland,1.0,2.0,A,22.0,9.0,7.0,4.0,1.62,4.05,5.59,1.7,4.33,5.9
2016-11-05,2016,Burnley,Crystal Palace,3.0,2.0,H,14.0,16.0,7.0,5.0,3.32,3.25,2.31,3.5,3.37,2.4
2016-11-05,2016,Chelsea,Everton,5.0,0.0,H,21.0,1.0,9.0,0.0,1.56,4.22,6.23,1.64,4.5,7.0
2016-11-05,2016,Man City,Middlesbrough,1.0,1.0,D,25.0,5.0,7.0,3.0,1.22,6.6,14.35,1.27,7.35,17.0
2016-11-05,2016,West Ham,Stoke,1.0,1.0,D,9.0,12.0,2.0,4.0,2.0,3.52,3.87,2.05,3.68,4.2
2016-11-06,2016,Arsenal,Tottenham,1.0,1.0,D,15.0,10.0,2.0,3.0,1.94,3.53,4.11,2.03,3.71,4.4
2016-11-06,2016,Hull,Southampton,2.0,1.0,H,6.0,19.0,2.0,7.0,5.46,3.71,1.7,5.75,3.9,1.81
2016-11-06,2016,Leicester,West Brom,1.0,2.0,A,5.0,11.0,2.0,5.0,1.78,3.55,5.11,1.85,3.75,5.49
2016-11-06,2016,Liverpool,Watford,6.0,1.0,H,28.0,11.0,17.0,8.0,1.28,5.9,11.25,1.37,6.4,13.0
2016-11-06,2016,Swansea,Man United,1.0,3.0,A,6.0,9.0,1.0,3.0,4.82,3.87,1.74,5.3,4.2,1.81
2016-11-19,2016,Crystal Palace,Man City,1.0,2.0,A,9.0,10.0,2.0,4.0,6.09,4.38,1.54,6.6,4.62,1.6
2016-11-19,2016,Everton,Swansea,1.0,1.0,D,14.0,5.0,6.0,3.0,1.58,4.17,5.98,1.63,4.4,6.52
2016-11-19,2016,Man United,Arsenal,1.0,1.0,D,12.0,5.0,5.0,1.0,2.54,3.26,2.92,2.72,3.47,3.0
2016-11-19,2016,Southampton,Liverpool,0.0,0.0,D,3.0,15.0,0.0,2.0,3.33,3.46,2.21,3.8,3.67,2.35
2016-11-19,2016,Stoke,Bournemouth,0.0,1.0,A,14.0,9.0,6.0,2.0,2.25,3.38,3.34,2.33,3.65,3.5
2016-11-19,2016,Sunderland,Hull,3.0,0.0,H,11.0,17.0,4.0,7.0,2.11,3.29,3.79,2.2,3.49,4.03
2016-11-19,2016,Tottenham,West Ham,3.0,2.0,H,14.0,11.0,6.0,3.0,1.5,4.4,6.85,1.65,4.61,7.52
2016-11-19,2016,Watford,Leicester,2.0,1.0,H,10.0,10.0,3.0,2.0,2.8,3.24,2.67,2.91,3.46,2.85
2016-11-20,2016,Middlesbrough,Chelsea,0.0,1.0,A,12.0,13.0,1.0,3.0,6.43,4.11,1.56,7.05,4.31,1.61
2016-11-21,2016,West Brom,Burnley,4.0,0.0,H,16.0,5.0,6.0,2.0,1.92,3.33,4.46,2.04,3.5,4.93
2016-11-26,2016,Burnley,Man City,1.0,2.0,A,10.0,21.0,5.0,5.0,9.52,5.83,1.31,10.5,6.17,1.36
2016-11-26,2016,Chelsea,Tottenham,2.0,1.0,H,9.0,12.0,5.0,6.0,1.76,3.76,4.85,1.8,4.01,5.25
2016-11-26,2016,Hull,West Brom,1.0,1.0,D,10.0,11.0,4.0,2.0,3.1,3.13,2.5,3.3,3.25,2.64
2016-11-26,2016,Leicester,Middlesbrough,2.0,2.0,D,11.0,6.0,3.0,2.0,1.88,3.52,4.45,1.94,3.65,4.8
2016-11-26,2016,Liverpool,Sunderland,2.0,0.0,H,27.0,6.0,7.0,1.0,1.17,7.85,16.08,1.21,9.0,19.0
2016-11-26,2016,Swansea,Crystal Palace,5.0,4.0,H,18.0,12.0,9.0,4.0,2.61,3.27,2.83,2.7,3.44,2.96
2016-11-27,2016,Arsenal,Bournemouth,3.0,1.0,H,16.0,9.0,3.0,3.0,1.42,4.83,7.8,1.47,5.3,9.0
2016-11-27,2016,Man United,West Ham,1.0,1.0,D,17.0,6.0,8.0,2.0,1.48,4.48,7.07,1.52,4.9,8.0
2016-11-27,2016,Southampton,Everton,1.0,0.0,H,17.0,13.0,7.0,1.0,2.15,3.35,3.6,2.24,3.5,3.85
2016-11-27,2016,Watford,Stoke,0.0,1.0,A,11.0,14.0,2.0,1.0,2.38,3.26,3.16,2.45,3.4,3.32
2016-12-03,2016,Crystal Palace,Southampton,3.0,0.0,H,9.0,17.0,4.0,3.0,3.38,3.3,2.25,3.58,3.41,2.4
2016-12-03,2016,Man City,Chelsea,1.0,3.0,A,14.0,10.0,5.0,4.0,2.12,3.49,3.51,2.2,3.65,3.8
2016-12-03,2016,Stoke,Burnley,2.0,0.0,H,10.0,14.0,4.0,4.0,1.62,3.92,5.92,1.7,4.12,6.5
2016-12-03,2016,Sunderland,Leicester,2.0,1.0,H,22.0,17.0,6.0,5.0,3.26,3.35,2.28,3.4,3.5,2.4
2016-12-03,2016,Tottenham,Swansea,5.0,0.0,H,28.0,1.0,15.0,0.0,1.35,5.15,9.23,1.39,5.5,10.0
2016-12-03,2016,West Brom,Watford,3.0,1.0,H,11.0,17.0,3.0,5.0,2.16,3.27,3.65,2.21,3.4,3.89
2016-12-03,2016,West Ham,Arsenal,1.0,5.0,A,10.0,19.0,3.0,10.0,4.79,3.93,1.73,5.1,4.2,1.77
2016-12-04,2016,Bournemouth,Liverpool,4.0,3.0,H,12.0,10.0,8.0,3.0,4.59,3.89,1.76,5.0,4.2,1.8
2016-12-04,2016,Everton,Man United,1.0,1.0,D,13.0,10.0,6.0,2.0,3.59,3.4,2.13,3.8,3.5,2.2
2016-12-05,2016,Middlesbrough,Hull,1.0,0.0,H,16.0,6.0,4.0,2.0,1.79,3.47,5.09,1.85,3.6,5.7
2016-12-10,2016,Arsenal,Stoke,3.0,1.0,H,21.0,12.0,6.0,5.0,1.36,5.19,8.83,1.41,5.55,10.0
2016-12-10,2016,Burnley,Bournemouth,3.0,2.0,H,16.0,17.0,7.0,4.0,3.36,3.37,2.24,3.5,3.5,2.4
2016-12-10,2016,Hull,Crystal Palace,3.0,3.0,D,15.0,14.0,6.0,6.0,3.33,3.29,2.29,3.5,3.4,2.5
2016-12-10,2016,Leicester,Man City,4.0,2.0,H,10.0,19.0,6.0,4.0,4.99,3.95,1.7,5.28,4.25,1.76
2016-12-10,2016,Swansea,Sunderland,3.0,0.0,H,14.0,11.0,5.0,2.0,2.13,3.45,3.55,2.23,3.57,3.7
2016-12-10,2016,Watford,Everton,3.0,2.0,H,11.0,11.0,6.0,4.0,3.06,3.28,2.44,3.15,3.4,2.54
2016-12-11,2016,Chelsea,West Brom,1.0,0.0,H,12.0,6.0,2.0,1.0,1.27,5.84,12.53,1.32,6.25,15.0
2016-12-11,2016,Liverpool,West Ham,2.0,2.0,D,18.0,7.0,3.0,3.0,1.29,5.9,10.37,1.35,6.4,12.0
2016-12-11,2016,Man United,Tottenham,1.0,0.0,H,15.0,12.0,5.0,4.0,2.2,3.32,3.49,2.25,3.42,3.65
2016-12-11,2016,Southampton,Middlesbrough,1.0,0.0,H,14.0,6.0,3.0,2.0,1.69,3.61,5.83,1.76,3.8,6.42
2016-12-13,2016,Bournemouth,Leicester,1.0,0.0,H,9.0,12.0,3.0,4.0,2.41,3.4,3.04,2.55,3.55,3.2
2016-12-13,2016,Everton,Arsenal,2.0,1.0,H,14.0,9.0,4.0,3.0,4.11,3.7,1.91,4.36,3.85,1.98
2016-12-14,2016,Crystal Palace,Man United,1.0,2.0,A,6.0,16.0,3.0,6.0,5.19,3.94,1.68,5.56,4.2,1.75
2016-12-14,2016,Man City,Watford,2.0,0.0,H,13.0,5.0,7.0,2.0,1.26,6.26,11.65,1.3,6.65,13.37
2016-12-14,2016,Middlesbrough,Liverpool,0.0,3.0,A,8.0,15.0,3.0,4.0,5.99,4.13,1.58,6.48,4.33,1.64
2016-12-14,2016,Stoke,Southampton,0.0,0.0,D,5.0,15.0,3.0,4.0,3.15,3.2,2.43,3.3,3.3,2.6
2016-12-14,2016,Sunderland,Chelsea,0.0,1.0,A,8.0,19.0,3.0,6.0,9.49,5.43,1.33,10.5,5.8,1.37
2016-12-14,2016,Tottenham,Hull,3.0,0.0,H,27.0,10.0,9.0,5.0,1.23,6.33,13.83,1.27,7.0,15.85
2016-12-14,2016,West Brom,Swansea,3.0,1.0,H,13.0,8.0,4.0,4.0,2.04,3.42,3.87,2.1,3.55,4.04
2016-12-14,2016,West Ham,Burnley,1.0,0.0,H,20.0,8.0,7.0,2.0,1.64,3.97,5.52,1.71,4.16,5.85
2016-12-17,2016,Crystal Palace,Chelsea,0.0,1.0,A,6.0,13.0,2.0,6.0,5.82,4.09,1.6,6.5,4.3,1.71
2016-12-17,2016,Middlesbrough,Swansea,3.0,0.0,H,10.0,14.0,4.0,2.0,2.07,3.36,3.83,2.15,3.43,4.1
2016-12-17,2016,Stoke,Leicester,2.0,2.0,D,16.0,14.0,7.0,8.0,2.55,3.3,2.89,2.67,3.5,2.98
2016-12-17,2016,Sunderland,Watford,1.0,0.0,H,12.0,9.0,4.0,4.0,2.6,3.21,2.9,2.7,3.35,3.0
2016-12-17,2016,West Brom,Man United,0.0,2.0,A,10.0,10.0,1.0,5.0,5.38,3.68,1.72,5.75,4.0,1.76
2016-12-17,2016,West Ham,Hull,1.0,0.0,H,18.0,16.0,6.0,5.0,1.65,3.93,5.61,1.72,4.15,6.14
2016-12-18,2016,Bournemouth,Southampton,1.0,3.0,A,10.0,14.0,5.0,8.0,2.91,3.21,2.6,3.05,3.35,2.75
2016-12-18,2016,Man City,Arsenal,2.0,1.0,H,14.0,6.0,5.0,1.0,2.13,3.54,3.48,2.25,3.74,3.7
2016-12-18,2016,Tottenham,Burnley,2.0,1.0,H,30.0,5.0,9.0,2.0,1.21,6.73,14.84,1.25,7.5,17.33
2016-12-19,2016,Everton,Liverpool,0.0,1.0,A,6.0,11.0,1.0,4.0,4.12,3.61,1.91,4.3,3.85,2.0
2016-12-26,2016,Arsenal,West Brom,1.0,0.0,H,26.0,3.0,11.0,1.0,1.34,5.31,9.47,1.4,5.75,11.0
2016-12-26,2016,Burnley,Middlesbrough,1.0,0.0,H,6.0,8.0,4.0,2.0,2.97,3.1,2.61,3.1,3.2,2.72
2016-12-26,2016,Chelsea,Bournemouth,3.0,0.0,H,14.0,7.0,4.0,3.0,1.38,4.85,8.69,1.42,5.5,9.91
2016-12-26,2016,Hull,Man City,0.0,3.0,A,10.0,16.0,3.0,6.0,9.42,5.56,1.32,11.5,6.0,1.36
2016-12-26,2016,Leicester,Everton,0.0,2.0,A,7.0,8.0,2.0,3.0,2.5,3.32,2.93,2.64,3.5,3.15
2016-12-26,2016,Man United,Sunderland,3.0,1.0,H,26.0,7.0,9.0,4.0,1.22,6.48,14.79,1.25,7.25,17.0
2016-12-26,2016,Swansea,West Ham,1.0,4.0,A,14.0,14.0,7.0,7.0,2.63,3.34,2.75,2.75,3.55,2.85
2016-12-26,2016,Watford,Crystal Palace,1.0,1.0,D,9.0,10.0,3.0,4.0,2.47,3.28,3.0,2.57,3.4,3.15
2016-12-27,2016,Liverpool,Stoke,4.0,1.0,H,20.0,6.0,6.0,2.0,1.29,5.76,10.49,1.34,6.25,12.0
2016-12-28,2016,Southampton,Tottenham,1.0,4.0,A,9.0,17.0,2.0,5.0,2.89,3.24,2.57,3.01,3.4,2.68
2016-12-30,2016,Hull,Everton,2.0,2.0,D,13.0,20.0,4.0,7.0,4.2,3.4,1.98,4.36,3.5,2.04
2016-12-31,2016,Burnley,Sunderland,4.0,1.0,H,16.0,11.0,6.0,3.0,2.38,3.24,3.24,2.45,3.4,3.41
2016-12-31,2016,Chelsea,Stoke,4.0,2.0,H,18.0,5.0,7.0,2.0,1.27,5.84,12.21,1.31,6.5,14.86
2016-12-31,2016,Leicester,West Ham,1.0,0.0,H,12.0,25.0,4.0,5.0,2.07,3.53,3.66,2.14,3.65,3.9
2016-12-31,2016,Liverpool,Man City,1.0,0.0,H,5.0,9.0,1.0,2.0,2.35,3.48,3.05,2.45,3.62,3.18
2016-12-31,2016,Man United,Middlesbrough,2.0,1.0,H,32.0,9.0,12.0,2.0,1.25,5.85,14.97,1.29,6.5,17.5
2016-12-31,2016,Southampton,West Brom,1.0,2.0,A,10.0,7.0,1.0,3.0,1.76,3.52,5.31,1.81,3.7,5.6
2016-12-31,2016,Swansea,Bournemouth,0.0,3.0,A,14.0,11.0,5.0,6.0,2.82,3.39,2.56,2.95,3.5,2.65
2017-01-01,2016,Arsenal,Crystal Palace,2.0,0.0,H,22.0,7.0,7.0,4.0,1.33,5.45,9.57,1.36,5.75,10.5
2017-01-01,2016,Watford,Tottenham,1.0,4.0,A,6.0,19.0,2.0,6.0,5.49,3.8,1.67,6.0,4.0,1.73
2017-01-02,2016,Everton,Southampton,3.0,0.0,H,17.0,12.0,6.0,3.0,2.23,3.3,3.45,2.32,3.42,3.6
2017-01-02,2016,Man City,Burnley,2.0,1.0,H,14.0,11.0,3.0,3.0,1.16,8.07,17.76,1.2,9.15,21.79
2017-01-02,2016,Middlesbrough,Leicester,0.0,0.0,D,9.0,10.0,1.0,4.0,2.73,3.1,2.85,2.85,3.2,2.95
2017-01-02,2016,Sunderland,Liverpool,2.0,2.0,D,10.0,21.0,5.0,15.0,9.41,5.26,1.34,11.0,5.6,1.4
2017-01-02,2016,West Brom,Hull,3.0,1.0,H,8.0,17.0,5.0,6.0,1.75,3.57,5.25,1.8,3.8,5.65
2017-01-02,2016,West Ham,Man United,0.0,2.0,A,8.0,13.0,2.0,6.0,5.56,3.95,1.64,6.0,4.15,1.7
2017-01-03,2016,Bournemouth,Arsenal,3.0,3.0,D,12.0,14.0,6.0,4.0,4.44,3.72,1.82,5.0,3.9,1.87
2017-01-03,2016,Crystal Palace,Swansea,1.0,2.0,A,7.0,11.0,3.0,4.0,1.79,3.63,4.78,1.86,3.9,5.0
2017-01-03,2016,Stoke,Watford,2.0,0.0,H,17.0,9.0,5.0,2.0,1.88,3.51,4.37,2.0,3.7,4.8
2017-01-04,2016,Tottenham,Chelsea,2.0,0.0,H,9.0,11.0,2.0,2.0,2.78,3.28,2.64,3.15,3.45,2.77
2017-01-14,2016,Burnley,Southampton,1.0,0.0,H,9.0,20.0,3.0,5.0,3.56,3.29,2.2,3.75,3.4,2.31
2017-01-14,2016,Hull,Bournemouth,3.0,1.0,H,14.0,8.0,3.0,6.0,3.24,3.45,2.27,3.35,3.62,2.36
2017-01-14,2016,Leicester,Chelsea,0.0,3.0,A,7.0,8.0,2.0,3.0,5.78,3.87,1.64,6.2,4.1,1.74
2017-01-14,2016,Sunderland,Stoke,1.0,3.0,A,14.0,14.0,3.0,6.0,3.0,3.34,2.46,3.12,3.45,2.65
2017-01-14,2016,Swansea,Arsenal,0.0,4.0,A,12.0,14.0,3.0,6.0,6.38,4.55,1.51,7.0,4.95,1.57
2017-01-14,2016,Tottenham,West Brom,4.0,0.0,H,21.0,3.0,11.0,0.0,1.32,5.23,11.25,1.38,5.55,12.75
2017-01-14,2016,Watford,Middlesbrough,0.0,0.0,D,12.0,5.0,5.0,1.0,2.49,3.1,3.16,2.56,3.3,3.3
2017-01-14,2016,West Ham,Crystal Palace,3.0,0.0,H,14.0,10.0,3.0,1.0,2.38,3.33,3.13,2.46,3.43,3.3
2017-01-15,2016,Everton,Man City,4.0,0.0,H,6.0,13.0,4.0,5.0,4.39,3.8,1.82,4.6,4.0,1.9
2017-01-15,2016,Man United,Liverpool,1.0,1.0,D,9.0,13.0,3.0,4.0,2.14,3.33,3.67,2.22,3.46,3.88
2017-01-21,2016,Bournemouth,Watford,2.0,2.0,D,15.0,10.0,5.0,3.0,1.84,3.64,4.52,1.9,3.8,4.8
2017-01-21,2016,Crystal Palace,Everton,0.0,1.0,A,8.0,16.0,2.0,8.0,3.12,3.35,2.37,3.3,3.45,2.46
2017-01-21,2016,Liverpool,Swansea,2.0,3.0,A,16.0,6.0,5.0,3.0,1.22,6.9,13.56,1.25,7.73,15.25
2017-01-21,2016,Man City,Tottenham,2.0,2.0,D,17.0,6.0,7.0,2.0,2.12,3.45,3.59,2.18,3.59,3.75
2017-01-21,2016,Middlesbrough,West Ham,1.0,3.0,A,11.0,13.0,2.0,5.0,2.45,3.16,3.17,2.58,3.25,3.33
2017-01-21,2016,Stoke,Man United,1.0,1.0,D,6.0,25.0,1.0,8.0,5.84,3.99,1.62,6.25,4.2,1.65
2017-01-21,2016,West Brom,Sunderland,2.0,0.0,H,14.0,9.0,5.0,3.0,1.68,3.8,5.49,1.72,4.05,6.03
2017-01-22,2016,Arsenal,Burnley,2.0,1.0,H,24.0,13.0,8.0,7.0,1.2,7.02,15.09,1.22,7.5,18.0
2017-01-22,2016,Chelsea,Hull,2.0,0.0,H,9.0,9.0,5.0,4.0,1.17,7.61,17.48,1.2,8.5,21.0
2017-01-22,2016,Southampton,Leicester,3.0,0.0,H,20.0,11.0,7.0,2.0,1.83,3.46,4.9,2.0,3.6,5.35
2017-01-31,2016,Arsenal,Watford,1.0,2.0,A,20.0,10.0,5.0,6.0,1.23,6.51,13.3,1.26,7.0,15.5
2017-01-31,2016,Bournemouth,Crystal Palace,0.0,2.0,A,10.0,11.0,2.0,4.0,2.09,3.46,3.69,2.18,3.57,3.92
2017-01-31,2016,Burnley,Leicester,1.0,0.0,H,24.0,13.0,3.0,5.0,2.85,3.2,2.67,2.94,3.3,2.76
2017-01-31,2016,Liverpool,Chelsea,1.0,1.0,D,7.0,8.0,3.0,2.0,2.6,3.24,2.92,2.7,3.33,3.05
2017-01-31,2016,Middlesbrough,West Brom,1.0,1.0,D,11.0,16.0,3.0,5.0,2.68,3.02,2.99,2.77,3.15,3.1
2017-01-31,2016,Sunderland,Tottenham,0.0,0.0,D,3.0,14.0,1.0,3.0,8.95,5.24,1.36,10.0,5.65,1.4
2017-01-31,2016,Swansea,Southampton,2.0,1.0,H,11.0,10.0,5.0,2.0,3.24,3.33,2.32,3.4,3.42,2.41
2017-02-01,2016,Man United,Hull,0.0,0.0,D,15.0,6.0,6.0,2.0,1.18,7.37,17.0,1.2,8.2,23.0
2017-02-01,2016,Stoke,Everton,1.0,1.0,D,14.0,14.0,7.0,5.0,2.82,3.31,2.61,2.9,3.42,2.74
2017-02-01,2016,West Ham,Man City,0.0,4.0,A,6.0,11.0,1.0,4.0,5.68,4.38,1.57,6.0,4.66,1.65
2017-02-04,2016,Chelsea,Arsenal,3.0,1.0,H,13.0,9.0,6.0,5.0,1.95,3.53,4.13,2.1,3.73,4.42
2017-02-04,2016,Crystal Palace,Sunderland,0.0,4.0,A,21.0,10.0,9.0,7.0,1.69,3.82,5.37,1.75,4.0,5.75
2017-02-04,2016,Everton,Bournemouth,6.0,3.0,H,15.0,18.0,10.0,8.0,1.71,3.86,5.07,1.79,4.0,5.55
2017-02-04,2016,Hull,Liverpool,2.0,0.0,H,7.0,22.0,4.0,5.0,7.42,4.47,1.47,8.0,4.76,1.55
2017-02-04,2016,Southampton,West Ham,1.0,3.0,A,21.0,6.0,7.0,4.0,1.84,3.59,4.58,1.92,3.75,4.84
2017-02-04,2016,Tottenham,Middlesbrough,1.0,0.0,H,17.0,8.0,5.0,0.0,1.27,5.76,12.9,1.3,6.14,14.5
2017-02-04,2016,Watford,Burnley,2.0,1.0,H,16.0,11.0,7.0,7.0,2.12,3.26,3.83,2.18,3.4,4.1
2017-02-04,2016,West Brom,Stoke,1.0,0.0,H,16.0,12.0,4.0,2.0,2.31,3.22,3.39,2.41,3.3,3.6
2017-02-05,2016,Leicester,Man United,0.0,3.0,A,11.0,15.0,1.0,9.0,5.58,3.8,1.68,5.95,4.0,1.74
2017-02-05,2016,Man City,Swansea,2.0,1.0,H,17.0,4.0,5.0,2.0,1.22,6.9,13.58,1.25,7.55,15.0
2017-02-11,2016,Arsenal,Hull,2.0,0.0,H,17.0,9.0,7.0,4.0,1.28,5.92,11.24,1.31,6.35,13.0
2017-02-11,2016,Liverpool,Tottenham,2.0,0.0,H,17.0,7.0,9.0,2.0,2.24,3.34,3.41,2.35,3.45,3.61
2017-02-11,2016,Man United,Watford,2.0,0.0,H,22.0,9.0,11.0,3.0,1.25,6.19,12.92,1.27,6.74,15.0
2017-02-11,2016,Middlesbrough,Everton,0.0,0.0,D,9.0,7.0,3.0,3.0,3.7,3.28,2.15,3.9,3.37,2.22
2017-02-11,2016,Stoke,Crystal Palace,1.0,0.0,H,7.0,6.0,4.0,1.0,2.1,3.36,3.73,2.19,3.42,3.95
2017-02-11,2016,Sunderland,Southampton,0.0,4.0,A,6.0,15.0,1.0,8.0,3.76,3.43,2.06,3.95,3.54,2.2
2017-02-11,2016,West Ham,West Brom,2.0,2.0,D,16.0,8.0,4.0,3.0,2.22,3.26,3.52,2.33,3.4,3.75
2017-02-12,2016,Burnley,Chelsea,1.0,1.0,D,6.0,13.0,4.0,2.0,8.28,4.61,1.42,9.11,5.0,1.46
2017-02-12,2016,Swansea,Leicester,2.0,0.0,H,10.0,9.0,4.0,1.0,2.41,3.26,3.13,2.52,3.32,3.25
2017-02-13,2016,Bournemouth,Man City,0.0,2.0,A,5.0,17.0,1.0,5.0,6.91,4.76,1.45,7.53,5.05,1.5
2017-02-25,2016,Chelsea,Swansea,3.0,1.0,H,16.0,3.0,5.0,2.0,1.25,6.18,12.92,1.28,6.74,15.0
2017-02-25,2016,Crystal Palace,Middlesbrough,1.0,0.0,H,15.0,11.0,3.0,4.0,2.1,3.12,4.08,2.16,3.4,4.37
2017-02-25,2016,Everton,Sunderland,2.0,0.0,H,20.0,10.0,8.0,1.0,1.4,4.97,7.87,1.45,5.25,8.92
2017-02-25,2016,Hull,Burnley,1.0,1.0,D,15.0,10.0,1.0,3.0,2.16,3.22,3.74,2.25,3.35,3.92
2017-02-25,2016,Watford,West Ham,1.0,1.0,D,9.0,13.0,1.0,2.0,2.57,3.22,2.91,2.68,3.32,3.0
2017-02-25,2016,West Brom,Bournemouth,2.0,1.0,H,13.0,12.0,4.0,4.0,2.07,3.39,3.81,2.11,3.5,4.1
2017-02-26,2016,Tottenham,Stoke,4.0,0.0,H,21.0,5.0,9.0,3.0,1.42,4.79,7.82,1.45,5.1,9.0
2017-02-27,2016,Leicester,Liverpool,3.0,1.0,H,13.0,17.0,7.0,7.0,5.66,4.04,1.62,6.0,4.27,1.7
2017-03-04,2016,Leicester,Hull,3.0,1.0,H,17.0,10.0,5.0,4.0,1.85,3.56,4.62,1.91,3.8,5.0
2017-03-04,2016,Liverpool,Arsenal,3.0,1.0,H,18.0,7.0,7.0,3.0,2.11,3.51,3.56,2.2,3.62,3.8
2017-03-04,2016,Man United,Bournemouth,1.0,1.0,D,20.0,3.0,7.0,1.0,1.25,6.15,12.85,1.28,6.55,17.35
2017-03-04,2016,Stoke,Middlesbrough,2.0,0.0,H,13.0,8.0,8.0,2.0,1.95,3.32,4.43,2.06,3.4,4.76
2017-03-04,2016,Swansea,Burnley,3.0,2.0,H,23.0,6.0,10.0,4.0,2.01,3.36,4.07,2.11,3.5,4.3
2017-03-04,2016,Watford,Southampton,3.0,4.0,A,16.0,20.0,4.0,11.0,3.51,3.28,2.22,3.7,3.4,2.33
2017-03-04,2016,West Brom,Crystal Palace,0.0,2.0,A,11.0,10.0,1.0,4.0,2.19,3.21,3.68,2.28,3.4,3.87
2017-03-05,2016,Sunderland,Man City,0.0,2.0,A,11.0,14.0,3.0,7.0,10.54,5.99,1.29,12.0,6.5,1.33
2017-03-05,2016,Tottenham,Everton,3.0,2.0,H,20.0,8.0,7.0,4.0,1.63,4.01,5.58,1.7,4.2,5.88
2017-03-06,2016,West Ham,Chelsea,1.0,2.0,A,11.0,9.0,2.0,4.0,5.74,4.02,1.62,6.2,4.3,1.67
2017-03-08,2016,Man City,Stoke,0.0,0.0,D,12.0,5.0,1.0,2.0,1.23,6.49,12.73,1.27,7.35,15.0
2017-03-11,2016,Bournemouth,West Ham,3.0,2.0,H,21.0,15.0,9.0,7.0,2.59,3.38,2.78,2.7,3.55,2.88
2017-03-11,2016,Everton,West Brom,3.0,0.0,H,16.0,5.0,5.0,2.0,1.67,3.81,5.61,1.7,3.97,6.0
2017-03-11,2016,Hull,Swansea,2.0,1.0,H,15.0,11.0,7.0,3.0,2.52,3.26,2.97,2.64,3.35,3.1
2017-03-12,2016,Liverpool,Burnley,2.0,1.0,H,10.0,11.0,3.0,1.0,1.24,6.3,13.23,1.26,6.75,15.0
2017-03-18,2016,Bournemouth,Swansea,2.0,0.0,H,12.0,10.0,6.0,1.0,2.16,3.41,3.5,2.3,3.52,3.7
2017-03-18,2016,Crystal Palace,Watford,1.0,0.0,H,7.0,6.0,0.0,2.0,1.92,3.42,4.39,2.0,3.57,4.75
2017-03-18,2016,Everton,Hull,4.0,0.0,H,14.0,6.0,8.0,0.0,1.51,4.25,6.81,1.54,4.5,7.53
2017-03-18,2016,Stoke,Chelsea,1.0,2.0,A,5.0,20.0,1.0,7.0,6.13,3.94,1.6,6.74,4.2,1.66
2017-03-18,2016,Sunderland,Burnley,0.0,0.0,D,14.0,17.0,5.0,3.0,2.54,3.22,2.95,2.62,3.32,3.1
2017-03-18,2016,West Brom,Arsenal,3.0,1.0,H,12.0,11.0,8.0,2.0,5.09,3.84,1.71,5.5,4.06,1.76
2017-03-18,2016,West Ham,Leicester,2.0,3.0,A,20.0,11.0,7.0,5.0,2.3,3.39,3.2,2.38,3.5,3.41
2017-03-19,2016,Man City,Liverpool,1.0,1.0,D,13.0,13.0,3.0,4.0,1.97,3.65,3.82,2.03,3.82,4.1
2017-03-19,2016,Middlesbrough,Man United,1.0,3.0,A,10.0,14.0,3.0,6.0,5.69,3.67,1.68,6.3,3.9,1.75
2017-03-19,2016,Tottenham,Southampton,2.0,1.0,H,12.0,8.0,6.0,3.0,1.7,3.81,5.26,1.75,4.0,5.9
2017-04-01,2016,Burnley,Tottenham,0.0,2.0,A,13.0,19.0,2.0,7.0,5.5,3.78,1.68,6.07,3.95,1.75
2017-04-01,2016,Chelsea,Crystal Palace,1.0,2.0,A,24.0,8.0,11.0,3.0,1.28,5.54,12.13,1.31,6.0,13.87
2017-04-01,2016,Hull,West Ham,2.0,1.0,H,7.0,12.0,3.0,4.0,2.45,3.33,2.98,2.56,3.5,3.1
2017-04-01,2016,Leicester,Stoke,2.0,0.0,H,23.0,10.0,10.0,2.0,2.04,3.44,3.83,2.1,3.55,4.1
2017-04-01,2016,Liverpool,Everton,3.0,1.0,H,10.0,9.0,6.0,4.0,1.7,3.94,4.99,1.75,4.15,5.35
2017-04-01,2016,Man United,West Brom,0.0,0.0,D,18.0,3.0,3.0,1.0,1.36,4.9,9.83,1.4,5.5,11.0
2017-04-01,2016,Southampton,Bournemouth,0.0,0.0,D,14.0,12.0,4.0,3.0,1.64,3.99,5.52,1.69,4.2,6.0
2017-04-01,2016,Watford,Sunderland,1.0,0.0,H,23.0,11.0,10.0,3.0,1.84,3.56,4.57,1.91,3.67,4.86
2017-04-02,2016,Arsenal,Man City,2.0,2.0,D,8.0,14.0,3.0,5.0,3.08,3.62,2.26,3.25,3.82,2.41
2017-04-02,2016,Swansea,Middlesbrough,0.0,0.0,D,15.0,8.0,3.0,1.0,1.97,3.39,4.2,2.06,3.5,4.5
2017-04-04,2016,Burnley,Stoke,1.0,0.0,H,7.0,15.0,3.0,2.0,2.45,3.1,3.23,2.55,3.3,3.42
2017-04-04,2016,Leicester,Sunderland,2.0,0.0,H,19.0,15.0,8.0,3.0,1.45,4.5,7.85,1.5,4.7,8.92
2017-04-04,2016,Man United,Everton,1.0,1.0,D,18.0,11.0,3.0,4.0,1.57,4.11,6.32,1.61,4.3,6.8
2017-04-04,2016,Watford,West Brom,2.0,0.0,H,9.0,18.0,2.0,2.0,2.49,3.14,3.13,2.56,3.3,3.3
2017-04-05,2016,Arsenal,West Ham,3.0,0.0,H,21.0,7.0,8.0,2.0,1.39,5.11,7.7,1.43,5.35,8.72
2017-04-05,2016,Chelsea,Man City,2.0,1.0,H,10.0,17.0,4.0,7.0,2.37,3.41,3.05,2.45,3.56,3.3
2017-04-05,2016,Hull,Middlesbrough,4.0,2.0,H,17.0,12.0,5.0,4.0,2.05,3.27,4.04,2.2,3.5,4.3
2017-04-05,2016,Liverpool,Bournemouth,2.0,2.0,D,20.0,7.0,8.0,2.0,1.38,5.1,8.25,1.43,5.5,9.5
2017-04-05,2016,Southampton,Crystal Palace,3.0,1.0,H,25.0,17.0,9.0,3.0,1.83,3.56,4.67,1.91,3.7,4.86
2017-04-05,2016,Swansea,Tottenham,1.0,3.0,A,4.0,18.0,1.0,8.0,5.04,3.82,1.72,5.35,4.0,1.8
2017-04-08,2016,Bournemouth,Chelsea,1.0,3.0,A,12.0,15.0,1.0,5.0,6.2,4.02,1.58,6.74,4.3,1.63
2017-04-08,2016,Man City,Hull,3.0,1.0,H,23.0,6.0,7.0,1.0,1.2,7.13,14.5,1.22,7.6,18.32
2017-04-08,2016,Middlesbrough,Burnley,0.0,0.0,D,12.0,7.0,5.0,2.0,2.42,3.12,3.24,2.5,3.3,3.45
2017-04-08,2016,Stoke,Liverpool,1.0,2.0,A,9.0,14.0,4.0,4.0,4.0,3.61,1.94,4.4,3.8,2.02
2017-04-08,2016,Tottenham,Watford,4.0,0.0,H,19.0,8.0,6.0,2.0,1.24,6.1,13.34,1.3,6.74,18.0
2017-04-08,2016,West Brom,Southampton,0.0,1.0,A,17.0,10.0,6.0,3.0,3.0,3.2,2.5,3.2,3.31,2.63
2017-04-08,2016,West Ham,Swansea,1.0,0.0,H,14.0,4.0,6.0,1.0,2.09,3.47,3.61,2.17,3.62,3.92
2017-04-09,2016,Everton,Leicester,4.0,2.0,H,12.0,6.0,7.0,4.0,1.73,3.78,4.95,1.79,3.98,5.35
2017-04-09,2016,Sunderland,Man United,0.0,3.0,A,9.0,18.0,4.0,9.0,9.93,5.01,1.34,11.0,5.32,1.4
2017-04-10,2016,Crystal Palace,Arsenal,3.0,0.0,H,17.0,11.0,6.0,3.0,4.33,3.8,1.81,5.0,4.0,1.85
2017-04-15,2016,Crystal Palace,Leicester,2.0,2.0,D,15.0,6.0,4.0,2.0,1.77,3.7,4.76,1.84,3.85,5.2
2017-04-15,2016,Everton,Burnley,3.0,1.0,H,29.0,13.0,7.0,6.0,1.44,4.49,7.81,1.48,4.82,8.67
2017-04-15,2016,Southampton,Man City,0.0,3.0,A,8.0,18.0,1.0,5.0,4.45,3.91,1.77,5.0,4.1,1.82
2017-04-15,2016,Stoke,Hull,3.0,1.0,H,14.0,14.0,4.0,3.0,1.97,3.4,4.1,2.04,3.54,4.35
2017-04-15,2016,Sunderland,West Ham,2.0,2.0,D,14.0,7.0,4.0,3.0,3.17,3.4,2.29,3.36,3.54,2.36
2017-04-15,2016,Tottenham,Bournemouth,4.0,0.0,H,24.0,5.0,14.0,1.0,1.26,6.14,10.98,1.3,6.67,12.45
2017-04-15,2016,Watford,Swansea,1.0,0.0,H,15.0,13.0,7.0,4.0,2.48,3.23,2.98,2.58,3.4,3.12
2017-04-16,2016,Man United,Chelsea,2.0,0.0,H,9.0,5.0,3.0,0.0,2.63,3.15,2.87,2.82,3.3,3.0
2017-04-16,2016,West Brom,Liverpool,0.0,1.0,A,7.0,15.0,2.0,2.0,4.29,3.6,1.87,4.5,3.8,1.93
2017-04-17,2016,Middlesbrough,Arsenal,1.0,2.0,A,13.0,12.0,5.0,4.0,6.33,4.25,1.53,7.0,4.5,1.57
2017-04-22,2016,Bournemouth,Middlesbrough,4.0,0.0,H,20.0,5.0,10.0,2.0,1.86,3.66,4.28,1.93,3.8,4.5
2017-04-22,2016,Hull,Watford,2.0,0.0,H,8.0,13.0,3.0,2.0,1.9,3.55,4.23,1.95,3.75,4.5
2017-04-22,2016,Swansea,Stoke,2.0,0.0,H,10.0,9.0,6.0,3.0,2.18,3.34,3.5,2.26,3.53,3.68
2017-04-22,2016,West Ham,Everton,0.0,0.0,D,15.0,4.0,3.0,0.0,3.23,3.51,2.22,3.5,3.68,2.31
2017-04-23,2016,Burnley,Man United,0.0,2.0,A,8.0,12.0,0.0,6.0,5.66,3.76,1.66,6.25,4.0,1.71
2017-04-23,2016,Liverpool,Crystal Palace,1.0,2.0,A,14.0,7.0,1.0,3.0,1.49,4.55,6.69,1.51,4.91,7.5
2017-04-25,2016,Chelsea,Southampton,4.0,2.0,H,17.0,12.0,7.0,4.0,1.44,4.56,8.02,1.5,4.75,9.0
2017-04-26,2016,Arsenal,Leicester,1.0,0.0,H,12.0,7.0,5.0,3.0,1.6,4.35,5.38,1.64,4.55,6.0
2017-04-26,2016,Crystal Palace,Tottenham,0.0,1.0,A,6.0,18.0,1.0,4.0,5.41,4.07,1.64,5.8,4.25,1.7
2017-04-26,2016,Middlesbrough,Sunderland,1.0,0.0,H,6.0,10.0,2.0,4.0,2.22,3.37,3.4,2.3,3.45,3.58
2017-04-27,2016,Man City,Man United,0.0,0.0,D,19.0,3.0,6.0,1.0,1.88,3.67,4.24,1.94,3.8,4.5
2017-04-29,2016,Crystal Palace,Burnley,0.0,2.0,A,15.0,9.0,5.0,3.0,1.8,3.56,4.81,1.85,3.75,5.1
2017-04-29,2016,Southampton,Hull,0.0,0.0,D,11.0,9.0,2.0,1.0,1.66,3.91,5.38,1.72,4.06,5.77
2017-04-29,2016,Stoke,West Ham,0.0,0.0,D,19.0,12.0,4.0,4.0,2.09,3.42,3.61,2.16,3.5,4.0
2017-04-29,2016,Sunderland,Bournemouth,0.0,1.0,A,17.0,15.0,5.0,7.0,2.95,3.48,2.39,3.05,3.6,2.5
2017-04-29,2016,West Brom,Leicester,0.0,1.0,A,16.0,6.0,4.0,1.0,2.5,3.35,2.86,2.6,3.5,2.98
2017-04-30,2016,Everton,Chelsea,0.0,3.0,A,12.0,11.0,4.0,5.0,3.68,3.53,2.03,3.9,3.7,2.1
2017-04-30,2016,Man United,Swansea,1.0,1.0,D,12.0,12.0,6.0,4.0,1.37,4.85,8.93,1.43,5.5,10.06
2017-04-30,2016,Middlesbrough,Man City,2.0,2.0,D,14.0,22.0,6.0,4.0,10.68,5.57,1.29,13.0,6.0,1.33
2017-04-30,2016,Tottenham,Arsenal,2.0,0.0,H,20.0,12.0,11.0,4.0,1.88,3.81,3.93,1.95,4.0,4.16
2017-05-01,2016,Watford,Liverpool,0.0,1.0,A,9.0,12.0,2.0,8.0,6.09,4.24,1.55,6.62,4.5,1.62
2017-05-05,2016,West Ham,Tottenham,1.0,0.0,H,13.0,11.0,5.0,5.0,8.54,5.11,1.37,9.4,5.5,1.42
2017-05-06,2016,Bournemouth,Stoke,2.0,2.0,D,12.0,14.0,2.0,3.0,2.2,3.47,3.32,2.25,3.6,3.5
2017-05-06,2016,Burnley,West Brom,2.0,2.0,D,14.0,11.0,4.0,3.0,2.24,3.19,3.52,2.31,3.5,4.1
2017-05-06,2016,Hull,Sunderland,0.0,2.0,A,16.0,12.0,6.0,5.0,1.45,4.53,7.32,1.51,4.75,8.0
2017-05-06,2016,Leicester,Watford,3.0,0.0,H,11.0,14.0,5.0,7.0,1.58,4.02,6.25,1.61,4.25,7.0
2017-05-06,2016,Man City,Crystal Palace,5.0,0.0,H,26.0,5.0,12.0,2.0,1.27,6.22,10.52,1.3,6.8,12.0
2017-05-06,2016,Swansea,Everton,1.0,0.0,H,9.0,8.0,4.0,2.0,2.76,3.38,2.6,2.82,3.5,2.7
2017-05-07,2016,Arsenal,Man United,2.0,0.0,H,9.0,10.0,4.0,4.0,1.92,3.61,4.11,2.1,3.75,4.33
2017-05-07,2016,Liverpool,Southampton,0.0,0.0,D,17.0,4.0,8.0,0.0,1.59,4.13,5.79,1.62,4.33,6.5
2017-05-08,2016,Chelsea,Middlesbrough,3.0,0.0,H,21.0,2.0,7.0,1.0,1.16,7.94,18.77,1.19,9.17,23.0
2017-05-10,2016,Southampton,Arsenal,0.0,2.0,A,14.0,11.0,3.0,4.0,3.58,3.64,2.04,3.75,3.8,2.1
2017-05-12,2016,Everton,Watford,1.0,0.0,H,15.0,14.0,6.0,2.0,1.45,4.57,7.39,1.5,4.8,8.05
2017-05-12,2016,West Brom,Chelsea,0.0,1.0,A,7.0,24.0,2.0,5.0,9.46,4.94,1.36,10.0,5.5,1.41
2017-05-13,2016,Bournemouth,Burnley,2.0,1.0,H,18.0,14.0,6.0,3.0,1.92,3.63,4.04,2.0,3.76,4.28
2017-05-13,2016,Man City,Leicester,2.0,1.0,H,17.0,9.0,5.0,4.0,1.23,6.56,12.42,1.28,7.5,15.0
2017-05-13,2016,Middlesbrough,Southampton,1.0,2.0,A,14.0,14.0,3.0,4.0,3.84,3.52,2.0,4.1,3.68,2.07
2017-05-13,2016,Stoke,Arsenal,1.0,4.0,A,10.0,10.0,4.0,6.0,4.56,4.0,1.74,4.8,4.18,1.79
2017-05-13,2016,Sunderland,Swansea,0.0,2.0,A,13.0,3.0,4.0,3.0,4.04,3.68,1.91,4.25,3.85,1.97
2017-05-14,2016,Crystal Palace,Hull,4.0,0.0,H,12.0,9.0,4.0,0.0,2.06,3.5,3.68,2.11,3.64,3.8
2017-05-14,2016,Tottenham,Man United,2.0,1.0,H,14.0,8.0,7.0,2.0,1.7,3.85,5.14,1.85,4.04,5.5
2017-05-14,2016,West Ham,Liverpool,0.0,4.0,A,10.0,26.0,3.0,11.0,5.26,3.94,1.67,5.62,4.2,1.73
2017-05-15,2016,Chelsea,Watford,4.0,3.0,H,24.0,9.0,9.0,3.0,1.24,6.54,12.61,1.33,7.15,14.5
2017-05-16,2016,Arsenal,Sunderland,2.0,0.0,H,36.0,6.0,13.0,2.0,1.09,11.35,26.47,1.12,13.62,32.75
2017-05-16,2016,Man City,West Brom,3.0,1.0,H,21.0,5.0,10.0,2.0,1.13,9.1,22.37,1.15,10.39,29.0
2017-05-17,2016,Southampton,Man United,0.0,0.0,D,17.0,11.0,6.0,1.0,2.67,3.27,2.75,2.76,3.5,2.95
2017-05-18,2016,Leicester,Tottenham,1.0,6.0,A,12.0,26.0,5.0,12.0,4.29,3.69,1.85,4.5,3.8,2.0
2017-05-21,2016,Arsenal,Everton,3.0,1.0,H,17.0,22.0,9.0,7.0,1.42,4.96,7.29,1.45,5.29,8.0
2017-05-21,2016,Burnley,West Ham,1.0,2.0,A,9.0,14.0,1.0,4.0,2.38,3.4,3.02,2.45,3.5,3.26
2017-05-21,2016,Chelsea,Sunderland,5.0,1.0,H,28.0,7.0,8.0,3.0,1.15,8.17,19.89,1.2,9.55,26.0
2017-05-21,2016,Hull,Tottenham,1.0,7.0,A,10.0,19.0,4.0,14.0,6.09,4.4,1.53,7.0,4.75,1.6
2017-05-21,2016,Leicester,Bournemouth,1.0,1.0,D,21.0,10.0,5.0,4.0,1.92,3.67,3.95,2.0,3.85,4.35
2017-05-21,2016,Liverpool,Middlesbrough,3.0,0.0,H,25.0,9.0,10.0,3.0,1.12,8.61,26.64,1.15,9.5,31.75
2017-05-21,2016,Man United,Crystal Palace,2.0,0.0,H,9.0,6.0,2.0,1.0,2.48,3.31,2.94,2.6,3.5,3.19
2017-05-21,2016,Southampton,Stoke,0.0,1.0,A,14.0,14.0,6.0,3.0,1.77,3.79,4.6,1.8,3.95,5.0
2017-05-21,2016,Swansea,West Brom,2.0,1.0,H,12.0,16.0,2.0,5.0,2.06,3.51,3.63,2.1,3.68,3.8
2017-05-21,2016,Watford,Man City,0.0,5.0,A,6.0,15.0,3.0,9.0,10.78,5.9,1.28,13.0,6.25,1.31
2017-08-11,2017,Arsenal,Leicester,4.0,3.0,H,27.0,6.0,10.0,3.0,1.51,4.43,6.44,1.55,4.6,6.89
2017-08-12,2017,Brighton,Man City,0.0,2.0,A,6.0,14.0,2.0,4.0,10.1,5.25,1.32,11.5,5.6,1.36
2017-08-12,2017,Chelsea,Burnley,2.0,3.0,A,19.0,10.0,6.0,5.0,1.24,6.06,13.67,1.27,6.55,15.5
2017-08-12,2017,Crystal Palace,Huddersfield,0.0,3.0,A,14.0,8.0,4.0,6.0,1.81,3.5,4.82,1.86,3.65,5.11
2017-08-12,2017,Everton,Stoke,1.0,0.0,H,9.0,9.0,4.0,1.0,1.69,3.69,5.5,1.71,3.85,6.0
2017-08-12,2017,Southampton,Swansea,0.0,0.0,D,29.0,4.0,2.0,0.0,1.61,3.84,5.98,1.66,4.05,6.5
2017-08-12,2017,Watford,Liverpool,3.0,3.0,D,9.0,14.0,4.0,5.0,5.75,4.06,1.6,6.5,4.3,1.65
2017-08-12,2017,West Brom,Bournemouth,1.0,0.0,H,16.0,9.0,6.0,2.0,2.43,3.19,3.11,2.5,3.3,3.3
2017-08-13,2017,Man United,West Ham,4.0,0.0,H,22.0,9.0,6.0,1.0,1.31,5.29,10.74,1.35,5.75,13.0
2017-08-13,2017,Newcastle,Tottenham,0.0,2.0,A,6.0,18.0,3.0,6.0,5.16,3.87,1.69,5.5,4.0,1.75
2017-08-19,2017,Bournemouth,Watford,0.0,2.0,A,6.0,19.0,2.0,7.0,1.96,3.56,3.9,2.01,3.7,4.16
2017-08-19,2017,Burnley,West Brom,0.0,1.0,A,20.0,8.0,0.0,1.0,2.56,3.1,3.02,2.72,3.2,3.13
2017-08-19,2017,Leicester,Brighton,2.0,0.0,H,14.0,5.0,4.0,2.0,1.73,3.7,5.06,1.78,3.85,5.5
2017-08-19,2017,Liverpool,Crystal Palace,1.0,0.0,H,23.0,4.0,13.0,1.0,1.37,5.02,8.86,1.4,5.4,10.0
2017-08-19,2017,Southampton,West Ham,3.0,2.0,H,14.0,16.0,5.0,8.0,1.73,3.74,4.96,1.78,3.96,5.43
2017-08-19,2017,Stoke,Arsenal,1.0,0.0,H,11.0,18.0,4.0,6.0,4.41,3.69,1.83,4.8,3.85,1.89
2017-08-19,2017,Swansea,Man United,0.0,4.0,A,6.0,17.0,1.0,8.0,10.48,4.89,1.35,12.01,5.33,1.4
2017-08-20,2017,Huddersfield,Newcastle,1.0,0.0,H,7.0,13.0,3.0,5.0,2.42,3.2,3.12,2.51,3.31,3.25
2017-08-20,2017,Tottenham,Chelsea,1.0,2.0,A,18.0,9.0,6.0,2.0,2.07,3.46,3.65,2.12,3.65,3.85
2017-08-21,2017,Man City,Everton,1.0,1.0,D,19.0,7.0,6.0,2.0,1.31,5.48,10.04,1.36,5.88,11.27
2017-08-26,2017,Bournemouth,Man City,1.0,2.0,A,9.0,19.0,3.0,8.0,9.8,5.58,1.32,11.14,6.0,1.35
2017-08-26,2017,Crystal Palace,Swansea,0.0,2.0,A,16.0,7.0,3.0,3.0,1.95,3.42,4.22,2.02,3.51,4.41
2017-08-26,2017,Huddersfield,Southampton,0.0,0.0,D,16.0,6.0,6.0,3.0,3.8,3.32,2.09,4.01,3.45,2.3
2017-08-26,2017,Man United,Leicester,2.0,0.0,H,22.0,11.0,7.0,4.0,1.33,5.32,9.97,1.35,6.0,11.31
2017-08-26,2017,Newcastle,West Ham,3.0,0.0,H,16.0,8.0,8.0,3.0,2.3,3.34,3.26,2.45,3.45,3.4
2017-08-26,2017,Watford,Brighton,0.0,0.0,D,8.0,16.0,0.0,2.0,1.95,3.37,4.26,2.01,3.5,4.55
2017-08-27,2017,Chelsea,Everton,2.0,0.0,H,18.0,7.0,7.0,0.0,1.45,4.44,7.91,1.48,4.6,8.5
2017-08-27,2017,Liverpool,Arsenal,4.0,0.0,H,18.0,8.0,10.0,0.0,2.14,3.6,3.36,2.21,3.8,3.55
2017-08-27,2017,Tottenham,Burnley,1.0,1.0,D,28.0,13.0,5.0,3.0,1.24,6.16,13.33,1.27,6.55,15.0
2017-08-27,2017,West Brom,Stoke,1.0,1.0,D,10.0,16.0,2.0,2.0,2.37,3.08,3.36,2.45,3.3,3.56
2017-09-09,2017,Arsenal,Bournemouth,3.0,0.0,H,17.0,7.0,9.0,2.0,1.36,5.36,8.22,1.39,5.8,9.0
2017-09-09,2017,Brighton,West Brom,3.0,1.0,H,12.0,12.0,6.0,3.0,2.63,3.01,3.01,2.76,3.3,3.2
2017-09-09,2017,Everton,Tottenham,0.0,3.0,A,12.0,15.0,1.0,6.0,3.69,3.4,2.09,3.94,3.5,2.15
2017-09-09,2017,Leicester,Chelsea,1.0,2.0,A,8.0,16.0,2.0,6.0,4.51,3.73,1.8,4.75,3.93,1.84
2017-09-09,2017,Man City,Liverpool,5.0,0.0,H,13.0,10.0,7.0,3.0,1.87,3.82,4.03,2.0,4.0,4.33
2017-09-09,2017,Southampton,Watford,0.0,2.0,A,9.0,12.0,1.0,3.0,1.66,3.86,5.56,1.72,4.05,6.0
2017-09-09,2017,Stoke,Man United,2.0,2.0,D,10.0,18.0,5.0,8.0,7.02,4.27,1.5,7.51,4.65,1.55
2017-09-10,2017,Burnley,Crystal Palace,1.0,0.0,H,4.0,23.0,2.0,5.0,2.33,3.19,3.32,2.5,3.3,3.51
2017-09-10,2017,Swansea,Newcastle,0.0,1.0,A,10.0,16.0,4.0,8.0,2.38,3.2,3.21,2.5,3.35,3.35
2017-09-11,2017,West Ham,Huddersfield,2.0,0.0,H,19.0,10.0,3.0,2.0,1.92,3.46,4.27,2.0,3.6,4.65
2017-09-15,2017,Bournemouth,Brighton,2.0,1.0,H,15.0,9.0,3.0,2.0,2.14,3.34,3.66,2.2,3.44,3.95
2017-09-16,2017,Crystal Palace,Southampton,0.0,1.0,A,14.0,13.0,3.0,4.0,2.95,3.21,2.54,3.05,3.35,2.67
2017-09-16,2017,Huddersfield,Leicester,1.0,1.0,D,15.0,10.0,3.0,1.0,3.31,3.33,2.27,3.5,3.45,2.5
2017-09-16,2017,Liverpool,Burnley,1.0,1.0,D,35.0,5.0,9.0,4.0,1.26,5.89,11.99,1.3,6.4,13.45
2017-09-16,2017,Newcastle,Stoke,2.0,1.0,H,14.0,13.0,3.0,4.0,2.34,3.21,3.28,2.43,3.3,3.5
2017-09-16,2017,Tottenham,Swansea,0.0,0.0,D,26.0,4.0,8.0,0.0,1.23,6.38,13.26,1.27,7.0,15.0
2017-09-16,2017,Watford,Man City,0.0,6.0,A,7.0,28.0,1.0,10.0,8.75,5.36,1.34,10.0,6.0,1.37
2017-09-16,2017,West Brom,West Ham,0.0,0.0,D,6.0,9.0,1.0,1.0,2.33,3.22,3.29,2.45,3.35,3.5
2017-09-17,2017,Chelsea,Arsenal,0.0,0.0,D,13.0,11.0,4.0,2.0,1.8,3.85,4.37,1.85,4.02,4.85
2017-09-17,2017,Man United,Everton,4.0,0.0,H,16.0,7.0,7.0,3.0,1.34,5.09,10.03,1.36,5.5,12.0
2017-09-23,2017,Burnley,Huddersfield,0.0,0.0,D,5.0,9.0,3.0,2.0,2.17,3.19,3.71,2.22,3.35,3.9
2017-09-23,2017,Everton,Bournemouth,2.0,1.0,H,12.0,8.0,4.0,4.0,1.68,3.83,5.34,1.72,4.0,5.75
2017-09-23,2017,Leicester,Liverpool,2.0,3.0,A,12.0,23.0,7.0,6.0,4.07,3.74,1.89,4.3,4.0,2.0
2017-09-23,2017,Man City,Crystal Palace,5.0,0.0,H,25.0,5.0,9.0,0.0,1.14,8.84,19.23,1.16,10.0,23.0
2017-09-23,2017,Southampton,Man United,0.0,1.0,A,14.0,9.0,4.0,4.0,5.08,3.69,1.73,5.5,3.85,1.77
2017-09-23,2017,Stoke,Chelsea,0.0,4.0,A,13.0,7.0,2.0,4.0,5.66,4.04,1.61,6.1,4.25,1.67
2017-09-23,2017,Swansea,Watford,1.0,2.0,A,10.0,8.0,3.0,4.0,2.36,3.26,3.17,2.45,3.4,3.3
2017-09-23,2017,West Ham,Tottenham,2.0,3.0,A,10.0,15.0,4.0,5.0,5.6,4.15,1.6,6.0,4.36,1.7
2017-09-24,2017,Brighton,Newcastle,1.0,0.0,H,7.0,17.0,3.0,5.0,2.7,3.1,2.83,2.85,3.3,2.96
2017-09-25,2017,Arsenal,West Brom,2.0,0.0,H,16.0,7.0,6.0,3.0,1.34,5.22,9.49,1.38,5.65,11.0
2017-09-30,2017,Bournemouth,Leicester,0.0,0.0,D,19.0,8.0,4.0,1.0,2.78,3.36,2.53,2.9,3.5,2.68
2017-09-30,2017,Chelsea,Man City,0.0,1.0,A,4.0,17.0,2.0,6.0,2.78,3.44,2.49,2.91,3.63,2.69
2017-09-30,2017,Huddersfield,Tottenham,0.0,4.0,A,6.0,14.0,1.0,7.0,8.47,4.7,1.39,9.54,5.05,1.45
2017-09-30,2017,Man United,Crystal Palace,4.0,0.0,H,18.0,6.0,7.0,1.0,1.17,7.29,17.9,1.19,8.03,23.0
2017-09-30,2017,Stoke,Southampton,2.0,1.0,H,17.0,21.0,6.0,3.0,2.9,3.22,2.51,3.06,3.38,2.73
2017-09-30,2017,West Brom,Watford,2.0,2.0,D,9.0,15.0,4.0,3.0,2.24,3.14,3.49,2.35,3.35,3.7
2017-09-30,2017,West Ham,Swansea,1.0,0.0,H,9.0,6.0,4.0,1.0,1.86,3.46,4.47,1.91,3.6,4.9
2017-10-01,2017,Arsenal,Brighton,2.0,0.0,H,25.0,9.0,12.0,1.0,1.24,6.16,12.23,1.27,6.65,14.0
2017-10-01,2017,Everton,Burnley,0.0,1.0,A,23.0,5.0,4.0,2.0,1.65,3.71,5.74,1.7,3.9,6.2
2017-10-01,2017,Newcastle,Liverpool,1.0,1.0,D,8.0,17.0,5.0,2.0,4.82,3.9,1.71,5.2,4.17,1.77
2017-10-14,2017,Burnley,West Ham,1.0,1.0,D,20.0,8.0,5.0,6.0,2.67,3.18,2.78,2.81,3.3,2.89
2017-10-14,2017,Crystal Palace,Chelsea,2.0,1.0,H,14.0,15.0,5.0,5.0,8.46,4.67,1.4,9.5,5.0,1.45
2017-10-14,2017,Liverpool,Man United,0.0,0.0,D,19.0,6.0,5.0,1.0,2.71,3.26,2.7,2.87,3.4,2.8
2017-10-14,2017,Man City,Stoke,7.0,2.0,H,20.0,5.0,11.0,1.0,1.14,8.69,18.5,1.17,9.5,23.0
2017-10-14,2017,Swansea,Huddersfield,2.0,0.0,H,7.0,7.0,3.0,2.0,2.15,3.13,3.78,2.21,3.4,4.1
2017-10-14,2017,Tottenham,Bournemouth,1.0,0.0,H,18.0,5.0,6.0,1.0,1.2,7.1,13.4,1.25,8.0,16.0
2017-10-14,2017,Watford,Arsenal,2.0,1.0,H,11.0,9.0,2.0,6.0,5.17,4.18,1.63,5.65,4.4,1.75
2017-10-15,2017,Brighton,Everton,1.0,1.0,D,12.0,13.0,3.0,6.0,3.19,3.14,2.41,3.3,3.3,2.53
2017-10-15,2017,Southampton,Newcastle,2.0,2.0,D,12.0,19.0,2.0,5.0,1.85,3.49,4.5,1.91,3.6,4.9
2017-10-16,2017,Leicester,West Brom,1.0,1.0,D,11.0,5.0,3.0,1.0,2.01,3.32,3.99,2.13,3.5,4.3
2017-10-20,2017,West Ham,Brighton,0.0,3.0,A,16.0,7.0,2.0,5.0,1.82,3.42,4.96,1.87,3.55,5.43
2017-10-21,2017,Chelsea,Watford,4.0,2.0,H,14.0,16.0,8.0,5.0,1.36,5.02,8.7,1.4,5.5,10.0
2017-10-21,2017,Huddersfield,Man United,2.0,1.0,H,5.0,9.0,3.0,3.0,10.29,4.87,1.34,11.73,5.3,1.37
2017-10-21,2017,Man City,Burnley,3.0,0.0,H,15.0,6.0,10.0,0.0,1.1,10.5,23.54,1.15,12.4,31.0
2017-10-21,2017,Newcastle,Crystal Palace,1.0,0.0,H,7.0,10.0,3.0,0.0,1.97,3.41,4.05,2.06,3.6,4.33
2017-10-21,2017,Southampton,West Brom,1.0,0.0,H,20.0,7.0,6.0,2.0,1.81,3.37,5.04,1.9,3.6,5.5
2017-10-21,2017,Stoke,Bournemouth,1.0,2.0,A,10.0,7.0,2.0,3.0,2.15,3.38,3.48,2.23,3.5,3.8
2017-10-21,2017,Swansea,Leicester,1.0,2.0,A,19.0,11.0,4.0,6.0,2.77,3.21,2.65,2.9,3.31,2.95
2017-10-22,2017,Everton,Arsenal,2.0,5.0,A,8.0,30.0,3.0,14.0,3.77,3.52,2.01,4.0,3.75,2.1
2017-10-22,2017,Tottenham,Liverpool,4.0,1.0,H,14.0,12.0,6.0,7.0,2.18,3.48,3.32,2.25,3.62,3.5
2017-10-28,2017,Arsenal,Swansea,2.0,1.0,H,17.0,4.0,5.0,2.0,1.22,6.7,12.66,1.25,7.35,15.0
2017-10-28,2017,Bournemouth,Chelsea,0.0,1.0,A,7.0,18.0,1.0,5.0,5.35,4.14,1.62,6.0,4.3,1.68
2017-10-28,2017,Crystal Palace,West Ham,2.0,2.0,D,19.0,6.0,9.0,2.0,2.34,3.27,3.2,2.41,3.4,3.37
2017-10-28,2017,Liverpool,Huddersfield,3.0,0.0,H,16.0,1.0,8.0,0.0,1.24,6.33,12.15,1.29,6.9,14.0
2017-10-28,2017,Man United,Tottenham,1.0,0.0,H,11.0,13.0,3.0,4.0,2.16,3.3,3.6,2.25,3.5,3.8
2017-10-28,2017,Watford,Stoke,0.0,1.0,A,13.0,6.0,0.0,2.0,2.03,3.52,3.71,2.13,3.69,3.9
2017-10-28,2017,West Brom,Man City,2.0,3.0,A,6.0,15.0,4.0,5.0,11.86,6.18,1.25,13.0,6.83,1.29
2017-10-29,2017,Brighton,Southampton,1.0,1.0,D,7.0,6.0,2.0,1.0,3.21,3.13,2.4,3.35,3.3,2.5
2017-10-29,2017,Leicester,Everton,2.0,0.0,H,9.0,16.0,3.0,2.0,2.13,3.37,3.53,2.22,3.5,3.75
2017-10-30,2017,Burnley,Newcastle,1.0,0.0,H,12.0,12.0,5.0,5.0,2.9,3.12,2.6,3.05,3.3,2.7
2017-11-04,2017,Huddersfield,West Brom,1.0,0.0,H,7.0,9.0,3.0,3.0,2.73,2.96,2.93,2.85,3.1,3.04
2017-11-04,2017,Newcastle,Bournemouth,0.0,1.0,A,16.0,16.0,4.0,6.0,1.98,3.42,4.05,2.06,3.5,4.36
2017-11-04,2017,Southampton,Burnley,0.0,1.0,A,13.0,5.0,3.0,1.0,1.64,3.64,6.2,1.75,3.8,7.0
2017-11-04,2017,Stoke,Leicester,2.0,2.0,D,11.0,14.0,7.0,4.0,2.65,3.25,2.77,2.75,3.35,2.95
2017-11-04,2017,Swansea,Brighton,0.0,1.0,A,12.0,5.0,2.0,2.0,2.38,3.1,3.29,2.47,3.35,3.44
2017-11-04,2017,West Ham,Liverpool,1.0,4.0,A,6.0,15.0,1.0,7.0,5.17,4.13,1.64,5.55,4.33,1.75
2017-11-05,2017,Chelsea,Man United,1.0,0.0,H,18.0,10.0,8.0,2.0,2.47,3.15,3.07,2.6,3.25,3.2
2017-11-05,2017,Everton,Watford,3.0,2.0,H,10.0,11.0,5.0,3.0,2.16,3.34,3.52,2.25,3.45,3.8
2017-11-05,2017,Man City,Arsenal,3.0,1.0,H,9.0,6.0,5.0,3.0,1.42,5.02,7.0,1.55,5.5,7.7
2017-11-05,2017,Tottenham,Crystal Palace,1.0,0.0,H,12.0,11.0,2.0,3.0,1.28,5.87,10.96,1.31,6.5,12.0
2017-11-18,2017,Arsenal,Tottenham,2.0,0.0,H,14.0,14.0,5.0,4.0,2.43,3.51,2.85,2.54,3.62,2.95
2017-11-18,2017,Bournemouth,Huddersfield,4.0,0.0,H,11.0,20.0,5.0,3.0,1.82,3.42,4.85,2.0,3.6,5.25
2017-11-18,2017,Burnley,Swansea,2.0,0.0,H,16.0,13.0,7.0,1.0,2.11,3.12,3.96,2.22,3.3,4.4
2017-11-18,2017,Crystal Palace,Everton,2.0,2.0,D,16.0,8.0,7.0,5.0,2.36,3.21,3.2,2.6,3.3,3.4
2017-11-18,2017,Leicester,Man City,0.0,2.0,A,2.0,12.0,0.0,4.0,8.54,5.49,1.34,9.5,5.89,1.37
2017-11-18,2017,Liverpool,Southampton,3.0,0.0,H,21.0,5.0,8.0,0.0,1.39,4.87,8.29,1.45,5.17,9.5
2017-11-18,2017,Man United,Newcastle,4.0,1.0,H,16.0,12.0,7.0,5.0,1.28,5.43,12.54,1.3,5.8,15.0
2017-11-18,2017,West Brom,Chelsea,0.0,4.0,A,7.0,11.0,2.0,7.0,6.13,3.89,1.6,6.5,4.1,1.65
2017-11-19,2017,Watford,West Ham,2.0,0.0,H,17.0,10.0,7.0,6.0,2.1,3.42,3.61,2.2,3.52,3.8
2017-11-20,2017,Brighton,Stoke,2.0,2.0,D,9.0,13.0,3.0,6.0,2.38,3.11,3.27,2.45,3.3,3.52
2017-11-24,2017,West Ham,Leicester,1.0,1.0,D,8.0,7.0,4.0,2.0,2.71,3.29,2.7,2.87,3.4,2.85
2017-11-25,2017,Crystal Palace,Stoke,2.0,1.0,H,10.0,9.0,5.0,3.0,2.04,3.35,3.85,2.13,3.5,4.03
2017-11-25,2017,Liverpool,Chelsea,1.0,1.0,D,16.0,11.0,4.0,3.0,2.12,3.5,3.46,2.2,3.68,3.7
2017-11-25,2017,Man United,Brighton,1.0,0.0,H,15.0,8.0,4.0,2.0,1.19,6.72,18.1,1.22,7.5,22.0
2017-11-25,2017,Newcastle,Watford,0.0,3.0,A,12.0,12.0,2.0,4.0,2.2,3.34,3.42,2.33,3.5,3.6
2017-11-25,2017,Swansea,Bournemouth,0.0,0.0,D,10.0,9.0,1.0,5.0,2.75,3.18,2.71,2.9,3.33,2.85
2017-11-25,2017,Tottenham,West Brom,1.0,1.0,D,24.0,5.0,5.0,2.0,1.25,5.83,13.89,1.3,6.25,17.0
2017-11-26,2017,Burnley,Arsenal,0.0,1.0,A,8.0,17.0,2.0,2.0,5.83,4.24,1.57,6.5,4.52,1.63
2017-11-26,2017,Huddersfield,Man City,1.0,2.0,A,4.0,14.0,0.0,5.0,15.71,7.29,1.18,19.0,8.24,1.21
2017-11-26,2017,Southampton,Everton,4.0,1.0,H,17.0,5.0,5.0,2.0,1.87,3.39,4.64,2.0,3.5,5.2
2017-11-28,2017,Brighton,Crystal Palace,0.0,0.0,D,10.0,10.0,4.0,4.0,2.64,3.07,2.93,2.75,3.17,3.05
2017-11-28,2017,Leicester,Tottenham,2.0,1.0,H,7.0,18.0,4.0,6.0,4.75,3.82,1.75,5.0,4.0,1.8
2017-11-28,2017,Watford,Man United,2.0,4.0,A,12.0,15.0,3.0,7.0,5.09,3.88,1.7,5.55,4.1,1.75
2017-11-28,2017,West Brom,Newcastle,2.0,2.0,D,8.0,14.0,4.0,4.0,2.35,3.12,3.35,2.41,3.21,3.6
2017-11-29,2017,Arsenal,Huddersfield,5.0,0.0,H,21.0,7.0,7.0,2.0,1.2,6.88,14.72,1.23,7.5,19.0
2017-11-29,2017,Bournemouth,Burnley,1.0,2.0,A,10.0,10.0,2.0,4.0,1.98,3.34,4.13,2.1,3.5,4.6
2017-11-29,2017,Chelsea,Swansea,1.0,0.0,H,21.0,2.0,10.0,0.0,1.19,7.16,16.0,1.2,8.0,21.0
2017-11-29,2017,Everton,West Ham,4.0,0.0,H,8.0,7.0,5.0,3.0,2.31,3.27,3.25,2.4,3.4,3.4
2017-11-29,2017,Man City,Southampton,2.0,1.0,H,26.0,7.0,12.0,2.0,1.19,7.39,14.99,1.21,8.5,19.0
2017-11-29,2017,Stoke,Liverpool,0.0,3.0,A,10.0,14.0,1.0,7.0,6.01,4.41,1.53,6.5,4.69,1.57
2017-12-02,2017,Arsenal,Man United,1.0,3.0,A,33.0,8.0,15.0,4.0,2.44,3.31,2.99,2.52,3.5,3.2
2017-12-02,2017,Brighton,Liverpool,1.0,5.0,A,6.0,12.0,2.0,6.0,6.92,4.34,1.49,7.58,4.55,1.54
2017-12-02,2017,Chelsea,Newcastle,3.0,1.0,H,23.0,8.0,9.0,2.0,1.25,6.04,12.95,1.27,6.55,15.0
2017-12-02,2017,Everton,Huddersfield,2.0,0.0,H,6.0,5.0,4.0,3.0,1.71,3.68,5.3,1.75,3.85,6.0
2017-12-02,2017,Leicester,Burnley,1.0,0.0,H,16.0,14.0,3.0,4.0,1.8,3.54,4.77,1.9,3.7,5.25
2017-12-02,2017,Stoke,Swansea,2.0,1.0,H,10.0,10.0,3.0,3.0,1.93,3.34,4.36,1.98,3.5,4.61
2017-12-02,2017,Watford,Tottenham,1.0,1.0,D,6.0,8.0,2.0,2.0,4.9,3.93,1.7,5.3,4.2,1.8
2017-12-02,2017,West Brom,Crystal Palace,0.0,0.0,D,20.0,10.0,6.0,2.0,2.47,3.1,3.12,2.57,3.2,3.35
2017-12-03,2017,Bournemouth,Southampton,1.0,1.0,D,16.0,15.0,5.0,4.0,2.98,3.17,2.51,3.16,3.3,2.7
2017-12-03,2017,Man City,West Ham,2.0,1.0,H,24.0,7.0,8.0,4.0,1.1,10.73,22.34,1.13,13.0,29.0
2017-12-09,2017,Burnley,Watford,1.0,0.0,H,8.0,11.0,5.0,2.0,2.53,3.18,2.98,2.63,3.3,3.1
2017-12-09,2017,Crystal Palace,Bournemouth,2.0,2.0,D,24.0,11.0,8.0,5.0,2.01,3.41,3.89,2.1,3.53,4.16
2017-12-09,2017,Huddersfield,Brighton,2.0,0.0,H,19.0,7.0,6.0,2.0,2.63,2.97,3.04,2.73,3.2,3.2
2017-12-09,2017,Newcastle,Leicester,2.0,3.0,A,10.0,13.0,4.0,5.0,2.58,3.24,2.85,2.7,3.35,2.95
2017-12-09,2017,Swansea,West Brom,1.0,0.0,H,18.0,7.0,3.0,1.0,2.65,2.99,2.99,2.75,3.1,3.15
2017-12-09,2017,Tottenham,Stoke,5.0,1.0,H,20.0,4.0,11.0,3.0,1.28,5.93,10.61,1.31,6.5,12.0
2017-12-09,2017,West Ham,Chelsea,1.0,0.0,H,5.0,19.0,2.0,2.0,6.98,4.4,1.49,7.5,4.67,1.55
2017-12-10,2017,Liverpool,Everton,1.0,1.0,D,23.0,3.0,3.0,2.0,1.29,5.77,10.37,1.4,6.29,12.0
2017-12-10,2017,Man United,Man City,1.0,2.0,A,8.0,14.0,5.0,7.0,3.32,3.45,2.2,3.5,3.6,2.3
2017-12-10,2017,Southampton,Arsenal,1.0,1.0,D,6.0,11.0,3.0,6.0,3.85,3.6,1.95,4.2,3.8,2.03
2017-12-12,2017,Burnley,Stoke,1.0,0.0,H,10.0,14.0,2.0,7.0,2.26,3.17,3.48,2.4,3.3,3.75
2017-12-12,2017,Crystal Palace,Watford,2.0,1.0,H,14.0,7.0,4.0,2.0,2.26,3.45,3.21,2.4,3.6,3.35
2017-12-12,2017,Huddersfield,Chelsea,1.0,3.0,A,7.0,12.0,2.0,5.0,8.31,4.43,1.44,9.0,4.8,1.48
2017-12-13,2017,Liverpool,West Brom,0.0,0.0,D,14.0,6.0,5.0,1.0,1.21,6.69,13.99,1.25,7.25,15.25
2017-12-13,2017,Man United,Bournemouth,1.0,0.0,H,9.0,14.0,2.0,7.0,1.28,5.75,11.73,1.3,6.35,13.0
2017-12-13,2017,Newcastle,Everton,0.0,1.0,A,16.0,7.0,4.0,4.0,2.38,3.25,3.17,2.6,3.4,3.35
2017-12-13,2017,Southampton,Leicester,1.0,4.0,A,12.0,16.0,4.0,11.0,2.06,3.39,3.78,2.12,3.5,4.18
2017-12-13,2017,Swansea,Man City,0.0,4.0,A,7.0,23.0,3.0,10.0,13.07,6.23,1.24,15.0,7.0,1.27
2017-12-13,2017,Tottenham,Brighton,2.0,0.0,H,25.0,7.0,8.0,4.0,1.24,6.18,13.29,1.27,6.8,16.0
2017-12-13,2017,West Ham,Arsenal,0.0,0.0,D,6.0,22.0,0.0,3.0,5.26,4.15,1.64,5.5,4.45,1.67
2017-12-16,2017,Arsenal,Newcastle,1.0,0.0,H,23.0,10.0,5.0,2.0,1.25,6.15,12.08,1.29,6.8,15.0
2017-12-16,2017,Brighton,Burnley,0.0,0.0,D,12.0,11.0,2.0,6.0,2.56,2.93,3.2,2.7,3.3,3.4
2017-12-16,2017,Chelsea,Southampton,1.0,0.0,H,24.0,6.0,8.0,2.0,1.38,4.86,8.55,1.42,5.2,10.0
2017-12-16,2017,Leicester,Crystal Palace,0.0,3.0,A,11.0,13.0,2.0,6.0,1.88,3.57,4.34,1.92,3.7,4.55
2017-12-16,2017,Man City,Tottenham,4.0,1.0,H,20.0,7.0,11.0,2.0,1.54,4.45,5.8,1.59,4.75,6.5
2017-12-16,2017,Stoke,West Ham,0.0,3.0,A,17.0,14.0,0.0,7.0,2.26,3.28,3.38,2.33,3.4,3.55
2017-12-16,2017,Watford,Huddersfield,1.0,4.0,A,13.0,15.0,3.0,9.0,1.76,3.67,4.87,1.81,3.85,5.25
2017-12-17,2017,Bournemouth,Liverpool,0.0,4.0,A,6.0,21.0,2.0,7.0,6.27,4.52,1.5,6.65,4.81,1.55
2017-12-17,2017,West Brom,Man United,1.0,2.0,A,12.0,8.0,5.0,3.0,6.11,3.9,1.6,6.5,4.1,1.64
2017-12-18,2017,Everton,Swansea,3.0,1.0,H,12.0,8.0,7.0,3.0,1.72,3.61,5.3,1.78,3.75,5.8
2017-12-22,2017,Arsenal,Liverpool,3.0,3.0,D,11.0,14.0,4.0,9.0,2.47,3.61,2.8,2.6,3.76,2.95
2017-12-23,2017,Brighton,Watford,1.0,0.0,H,14.0,13.0,3.0,1.0,2.6,3.14,2.93,2.7,3.3,3.1
2017-12-23,2017,Burnley,Tottenham,0.0,3.0,A,5.0,18.0,2.0,8.0,6.73,4.08,1.53,7.25,4.35,1.65
2017-12-23,2017,Everton,Chelsea,0.0,0.0,D,5.0,25.0,0.0,8.0,5.68,3.83,1.65,6.25,4.0,1.7
2017-12-23,2017,Leicester,Man United,2.0,2.0,D,11.0,19.0,3.0,6.0,4.29,3.6,1.87,4.75,3.8,1.95
2017-12-23,2017,Man City,Bournemouth,4.0,0.0,H,14.0,5.0,5.0,1.0,1.1,10.56,23.69,1.13,12.7,31.0
2017-12-23,2017,Southampton,Huddersfield,1.0,1.0,D,12.0,10.0,6.0,3.0,1.6,3.88,6.26,1.65,4.1,7.0
2017-12-23,2017,Stoke,West Brom,3.0,1.0,H,9.0,17.0,5.0,7.0,2.29,3.18,3.41,2.38,3.35,3.6
2017-12-23,2017,Swansea,Crystal Palace,1.0,1.0,D,7.0,13.0,2.0,5.0,3.24,3.13,2.4,3.4,3.27,2.5
2017-12-23,2017,West Ham,Newcastle,2.0,3.0,A,19.0,11.0,6.0,4.0,2.11,3.31,3.73,2.2,3.5,4.1
2017-12-26,2017,Bournemouth,West Ham,3.0,3.0,D,26.0,10.0,10.0,5.0,2.74,3.23,2.7,2.85,3.35,2.85
2017-12-26,2017,Chelsea,Brighton,2.0,0.0,H,25.0,8.0,8.0,1.0,1.2,6.9,16.27,1.23,7.51,20.0
2017-12-26,2017,Huddersfield,Stoke,1.0,1.0,D,18.0,15.0,8.0,7.0,2.49,3.15,3.07,2.57,3.3,3.25
2017-12-26,2017,Liverpool,Swansea,5.0,0.0,H,22.0,7.0,9.0,4.0,1.16,8.14,17.92,1.2,9.12,23.0
2017-12-26,2017,Man United,Burnley,2.0,2.0,D,23.0,3.0,6.0,2.0,1.24,6.01,13.97,1.3,6.75,17.0
2017-12-26,2017,Tottenham,Southampton,5.0,2.0,H,16.0,16.0,7.0,6.0,1.36,5.07,9.24,1.42,5.55,11.0
2017-12-26,2017,Watford,Leicester,2.0,1.0,H,11.0,11.0,1.0,5.0,2.5,3.42,2.82,2.62,3.6,2.95
2017-12-26,2017,West Brom,Everton,0.0,0.0,D,17.0,7.0,3.0,3.0,2.47,3.12,3.13,2.6,3.25,3.35
2017-12-27,2017,Newcastle,Man City,0.0,1.0,A,6.0,22.0,2.0,6.0,12.97,6.41,1.23,15.0,7.25,1.3
2017-12-28,2017,Crystal Palace,Arsenal,2.0,3.0,A,16.0,16.0,2.0,9.0,4.47,3.88,1.77,4.8,4.15,1.85
2017-12-30,2017,Bournemouth,Everton,2.0,1.0,H,19.0,6.0,7.0,1.0,2.35,3.26,3.19,2.45,3.4,3.47
2017-12-30,2017,Chelsea,Stoke,5.0,0.0,H,21.0,1.0,12.0,1.0,1.17,7.45,17.16,1.22,8.5,21.0
2017-12-30,2017,Huddersfield,Burnley,0.0,0.0,D,3.0,11.0,1.0,4.0,2.35,3.05,3.42,2.6,3.2,3.67
2017-12-30,2017,Liverpool,Leicester,2.0,1.0,H,17.0,7.0,6.0,1.0,1.3,5.8,9.48,1.35,6.27,11.0
2017-12-30,2017,Man United,Southampton,0.0,0.0,D,15.0,8.0,3.0,3.0,1.36,5.01,9.21,1.4,5.5,11.0
2017-12-30,2017,Newcastle,Brighton,0.0,0.0,D,11.0,10.0,2.0,3.0,2.12,3.19,3.82,2.2,3.35,4.1
2017-12-30,2017,Watford,Swansea,1.0,2.0,A,9.0,9.0,4.0,4.0,1.69,3.69,5.39,1.75,3.9,6.0
2017-12-31,2017,Crystal Palace,Man City,0.0,0.0,D,10.0,15.0,1.0,4.0,11.16,6.18,1.26,13.0,6.75,1.3
2017-12-31,2017,West Brom,Arsenal,1.0,1.0,D,14.0,14.0,3.0,4.0,4.83,3.85,1.72,5.39,4.1,1.78
2018-01-01,2017,Brighton,Bournemouth,2.0,2.0,D,15.0,26.0,6.0,8.0,2.39,3.1,3.29,2.55,3.2,3.5
2018-01-01,2017,Burnley,Liverpool,1.0,2.0,A,13.0,19.0,4.0,5.0,6.96,4.31,1.5,7.6,4.6,1.55
2018-01-01,2017,Everton,Man United,0.0,2.0,A,12.0,21.0,0.0,6.0,5.17,3.49,1.78,5.5,3.8,1.85
2018-01-01,2017,Leicester,Huddersfield,3.0,0.0,H,11.0,6.0,5.0,1.0,1.65,3.85,5.63,1.7,4.08,6.25
2018-01-01,2017,Stoke,Newcastle,0.0,1.0,A,11.0,14.0,4.0,6.0,2.3,3.28,3.28,2.41,3.45,3.5
2018-01-02,2017,Man City,Watford,3.0,1.0,H,17.0,7.0,7.0,4.0,1.16,8.1,17.55,1.21,9.55,25.7
2018-01-02,2017,Southampton,Crystal Palace,1.0,2.0,A,10.0,11.0,3.0,4.0,1.98,3.42,3.99,2.1,3.6,4.4
2018-01-02,2017,Swansea,Tottenham,0.0,2.0,A,8.0,12.0,1.0,5.0,10.32,5.22,1.32,12.5,5.55,1.37
2018-01-02,2017,West Ham,West Brom,2.0,1.0,H,13.0,10.0,5.0,3.0,1.94,3.33,4.24,2.1,3.5,4.6
2018-01-03,2017,Arsenal,Chelsea,2.0,2.0,D,14.0,19.0,6.0,6.0,2.68,3.4,2.62,2.8,3.65,2.8
2018-01-04,2017,Tottenham,West Ham,1.0,1.0,D,31.0,3.0,8.0,1.0,1.28,5.86,10.66,1.35,6.5,13.0
2018-01-13,2017,Chelsea,Leicester,0.0,0.0,D,17.0,14.0,7.0,1.0,1.29,5.65,10.82,1.33,6.15,12.0
2018-01-13,2017,Crystal Palace,Burnley,1.0,0.0,H,17.0,8.0,2.0,2.0,2.01,3.25,4.18,2.07,3.35,4.51
2018-01-13,2017,Huddersfield,West Ham,1.0,4.0,A,8.0,8.0,2.0,6.0,2.64,3.05,2.96,2.75,3.25,3.1
2018-01-13,2017,Newcastle,Swansea,1.0,1.0,D,12.0,8.0,4.0,5.0,1.94,3.31,4.38,2.0,3.5,4.75
2018-01-13,2017,Tottenham,Everton,4.0,0.0,H,20.0,7.0,10.0,0.0,1.28,5.67,12.11,1.33,6.4,14.0
2018-01-13,2017,Watford,Southampton,2.0,2.0,D,16.0,10.0,4.0,4.0,2.46,3.33,2.94,2.55,3.5,3.08
2018-01-13,2017,West Brom,Brighton,2.0,0.0,H,15.0,13.0,4.0,1.0,2.12,3.0,4.14,2.2,3.2,4.5
2018-01-14,2017,Bournemouth,Arsenal,2.0,1.0,H,13.0,12.0,5.0,3.0,4.49,4.02,1.73,4.8,4.28,1.8
2018-01-14,2017,Liverpool,Man City,4.0,3.0,H,16.0,11.0,7.0,4.0,3.03,3.6,2.27,3.2,3.79,2.37
2018-01-15,2017,Man United,Stoke,3.0,0.0,H,20.0,11.0,9.0,5.0,1.22,6.58,13.77,1.25,7.25,15.72
2018-01-20,2017,Arsenal,Crystal Palace,4.0,1.0,H,16.0,9.0,10.0,5.0,1.5,4.46,6.55,1.52,4.75,7.2
2018-01-20,2017,Brighton,Chelsea,0.0,4.0,A,10.0,14.0,3.0,10.0,6.17,3.76,1.62,6.78,3.95,1.67
2018-01-20,2017,Burnley,Man United,0.0,1.0,A,13.0,12.0,2.0,2.0,6.64,3.82,1.58,7.5,4.0,1.63
2018-01-20,2017,Everton,West Brom,1.0,1.0,D,9.0,15.0,4.0,5.0,2.14,3.14,3.82,2.22,3.3,4.25
2018-01-20,2017,Leicester,Watford,2.0,0.0,H,9.0,11.0,5.0,3.0,1.84,3.75,4.22,1.9,3.9,4.65
2018-01-20,2017,Man City,Newcastle,3.0,1.0,H,21.0,6.0,9.0,4.0,1.13,9.22,21.28,1.15,11.0,26.0
2018-01-20,2017,Stoke,Huddersfield,2.0,0.0,H,11.0,6.0,6.0,3.0,2.03,3.33,3.97,2.1,3.45,4.23
2018-01-20,2017,West Ham,Bournemouth,1.0,1.0,D,12.0,8.0,4.0,3.0,2.01,3.55,3.76,2.1,3.7,4.0
2018-01-21,2017,Southampton,Tottenham,1.0,1.0,D,10.0,17.0,4.0,2.0,5.37,3.94,1.65,5.75,4.14,1.7
2018-01-22,2017,Swansea,Liverpool,1.0,0.0,H,3.0,21.0,2.0,4.0,10.75,5.37,1.31,12.0,5.8,1.35
2018-01-30,2017,Huddersfield,Liverpool,0.0,3.0,A,5.0,14.0,1.0,7.0,10.65,5.46,1.31,12.0,5.75,1.4
2018-01-30,2017,Swansea,Arsenal,3.0,1.0,H,12.0,9.0,4.0,4.0,6.93,4.37,1.5,7.5,4.62,1.55
2018-01-30,2017,West Ham,Crystal Palace,1.0,1.0,D,8.0,9.0,3.0,3.0,2.99,3.23,2.51,3.11,3.32,2.66
2018-01-31,2017,Chelsea,Bournemouth,0.0,3.0,A,21.0,11.0,5.0,5.0,1.28,5.9,10.77,1.32,6.5,12.0
2018-01-31,2017,Everton,Leicester,2.0,1.0,H,9.0,8.0,4.0,1.0,2.99,3.14,2.56,3.11,3.25,2.7
2018-01-31,2017,Man City,West Brom,3.0,0.0,H,19.0,3.0,10.0,1.0,1.15,8.47,18.91,1.17,10.0,23.0
2018-01-31,2017,Newcastle,Burnley,1.0,1.0,D,14.0,11.0,4.0,2.0,2.17,3.13,3.83,2.25,3.3,4.05
2018-01-31,2017,Southampton,Brighton,1.0,1.0,D,18.0,9.0,3.0,2.0,1.75,3.43,5.49,1.82,3.6,6.03
2018-01-31,2017,Stoke,Watford,0.0,0.0,D,11.0,12.0,4.0,2.0,2.22,3.44,3.3,2.3,3.6,3.5
2018-01-31,2017,Tottenham,Man United,2.0,0.0,H,22.0,6.0,6.0,3.0,2.29,3.33,3.28,2.4,3.46,3.45
2018-02-03,2017,Arsenal,Everton,5.0,1.0,H,15.0,11.0,7.0,2.0,1.31,5.43,10.46,1.35,6.0,12.0
2018-02-03,2017,Bournemouth,Stoke,2.0,1.0,H,15.0,13.0,8.0,4.0,1.91,3.58,4.12,2.1,3.73,4.5
2018-02-03,2017,Brighton,West Ham,3.0,1.0,H,21.0,4.0,5.0,1.0,2.32,3.02,3.53,2.42,3.14,3.7
2018-02-03,2017,Burnley,Man City,1.0,1.0,D,8.0,20.0,3.0,7.0,11.77,5.69,1.28,13.0,6.15,1.35
2018-02-03,2017,Leicester,Swansea,1.0,1.0,D,13.0,3.0,5.0,1.0,1.78,3.56,4.97,1.84,3.7,5.35
2018-02-03,2017,Man United,Huddersfield,2.0,0.0,H,16.0,4.0,7.0,0.0,1.16,7.59,20.1,1.2,8.5,26.0
2018-02-03,2017,West Brom,Southampton,2.0,3.0,A,9.0,13.0,3.0,5.0,2.54,3.13,3.0,2.66,3.26,3.2
2018-02-04,2017,Crystal Palace,Newcastle,1.0,1.0,D,21.0,11.0,6.0,8.0,2.03,3.35,3.93,2.11,3.51,4.2
2018-02-04,2017,Liverpool,Tottenham,2.0,2.0,D,9.0,13.0,3.0,6.0,2.08,3.69,3.44,2.2,3.85,3.6
2018-02-05,2017,Watford,Chelsea,4.0,1.0,H,21.0,7.0,8.0,3.0,5.78,3.96,1.61,6.25,4.15,1.67
2018-02-10,2017,Everton,Crystal Palace,3.0,1.0,H,11.0,16.0,5.0,4.0,2.24,3.2,3.47,2.33,3.38,3.7
2018-02-10,2017,Man City,Leicester,5.0,1.0,H,19.0,2.0,11.0,2.0,1.21,6.76,13.46,1.25,7.49,17.0
2018-02-10,2017,Stoke,Brighton,1.0,1.0,D,15.0,14.0,3.0,6.0,2.19,3.18,3.62,2.27,3.33,3.8
2018-02-10,2017,Swansea,Burnley,1.0,0.0,H,12.0,13.0,4.0,1.0,2.45,2.98,3.28,2.54,3.12,3.5
2018-02-10,2017,Tottenham,Arsenal,1.0,0.0,H,18.0,6.0,6.0,1.0,2.0,3.76,3.58,2.2,3.91,3.8
2018-02-10,2017,West Ham,Watford,2.0,0.0,H,8.0,11.0,4.0,4.0,2.48,3.28,2.93,2.58,3.39,3.1
2018-02-11,2017,Huddersfield,Bournemouth,4.0,1.0,H,15.0,7.0,4.0,2.0,3.22,3.16,2.38,3.4,3.3,2.65
2018-02-11,2017,Newcastle,Man United,1.0,0.0,H,10.0,13.0,3.0,6.0,5.56,3.8,1.65,6.0,4.03,1.7
2018-02-11,2017,Southampton,Liverpool,0.0,2.0,A,6.0,16.0,4.0,4.0,4.42,3.8,1.8,4.81,4.0,1.87
2018-02-12,2017,Chelsea,West Brom,3.0,0.0,H,20.0,8.0,8.0,1.0,1.37,4.89,8.71,1.41,5.2,10.0
2018-02-24,2017,Bournemouth,Newcastle,2.0,2.0,D,18.0,15.0,5.0,4.0,2.1,3.42,3.63,2.2,3.53,3.85
2018-02-24,2017,Brighton,Swansea,4.0,1.0,H,16.0,11.0,5.0,1.0,2.1,3.13,4.03,2.2,3.25,4.36
2018-02-24,2017,Burnley,Southampton,1.0,1.0,D,9.0,13.0,3.0,6.0,2.86,3.03,2.74,3.0,3.2,2.85
2018-02-24,2017,Leicester,Stoke,1.0,1.0,D,19.0,6.0,9.0,2.0,1.72,3.76,5.13,1.77,3.92,5.64
2018-02-24,2017,Liverpool,West Ham,4.0,1.0,H,21.0,7.0,12.0,4.0,1.23,6.71,12.67,1.26,7.5,15.0
2018-02-24,2017,Watford,Everton,1.0,0.0,H,13.0,7.0,5.0,2.0,2.21,3.33,3.42,2.35,3.45,3.6
2018-02-24,2017,West Brom,Huddersfield,1.0,2.0,A,10.0,16.0,3.0,7.0,1.94,3.25,4.49,2.02,3.4,4.9
2018-02-25,2017,Crystal Palace,Tottenham,0.0,1.0,A,5.0,14.0,3.0,4.0,6.79,4.41,1.49,7.5,4.71,1.54
2018-02-25,2017,Man United,Chelsea,2.0,1.0,H,10.0,14.0,5.0,7.0,2.28,3.24,3.38,2.38,3.36,3.55
2018-03-01,2017,Arsenal,Man City,0.0,3.0,A,10.0,9.0,5.0,5.0,4.35,3.95,1.78,4.6,4.12,1.85
2018-03-03,2017,Burnley,Everton,2.0,1.0,H,21.0,10.0,8.0,4.0,2.48,3.04,3.26,2.6,3.3,3.45
2018-03-03,2017,Leicester,Bournemouth,1.0,1.0,D,23.0,8.0,4.0,3.0,1.85,3.7,4.32,1.92,3.9,4.57
2018-03-03,2017,Liverpool,Newcastle,2.0,0.0,H,14.0,7.0,3.0,2.0,1.21,6.95,13.84,1.25,7.75,17.0
2018-03-03,2017,Southampton,Stoke,0.0,0.0,D,18.0,12.0,6.0,3.0,1.74,3.67,5.16,1.85,3.9,5.5
2018-03-03,2017,Swansea,West Ham,4.0,1.0,H,9.0,7.0,8.0,2.0,2.55,3.17,2.98,2.65,3.3,3.15
2018-03-03,2017,Tottenham,Huddersfield,2.0,0.0,H,15.0,3.0,7.0,3.0,1.19,7.18,16.27,1.25,8.07,20.0
2018-03-03,2017,Watford,West Brom,1.0,0.0,H,15.0,9.0,4.0,2.0,2.13,3.29,3.73,2.22,3.42,4.0
2018-03-04,2017,Brighton,Arsenal,2.0,1.0,H,13.0,15.0,6.0,7.0,3.94,3.67,1.93,4.4,3.8,2.02
2018-03-04,2017,Man City,Chelsea,1.0,0.0,H,13.0,3.0,3.0,0.0,1.6,4.14,5.63,1.65,4.35,6.07
2018-03-05,2017,Crystal Palace,Man United,2.0,3.0,A,10.0,17.0,4.0,8.0,6.47,4.05,1.56,7.0,4.3,1.61
2018-03-10,2017,Chelsea,Crystal Palace,2.0,1.0,H,27.0,9.0,11.0,2.0,1.3,5.54,11.0,1.33,6.0,13.0
2018-03-10,2017,Everton,Brighton,2.0,0.0,H,13.0,10.0,3.0,4.0,2.19,3.19,3.65,2.26,3.3,3.89
2018-03-10,2017,Huddersfield,Swansea,0.0,0.0,D,30.0,0.0,4.0,0.0,2.49,3.08,3.16,2.6,3.2,3.37
2018-03-10,2017,Man United,Liverpool,2.0,1.0,H,5.0,14.0,2.0,2.0,2.7,3.3,2.71,2.81,3.4,2.82
2018-03-10,2017,Newcastle,Southampton,3.0,0.0,H,7.0,6.0,5.0,2.0,2.74,3.12,2.79,2.85,3.23,2.9
2018-03-10,2017,West Brom,Leicester,1.0,4.0,A,6.0,14.0,2.0,6.0,2.97,3.19,2.54,3.12,3.3,2.67
2018-03-10,2017,West Ham,Burnley,0.0,3.0,A,13.0,7.0,4.0,4.0,2.27,3.15,3.51,2.35,3.4,3.7
2018-03-11,2017,Arsenal,Watford,3.0,0.0,H,11.0,11.0,7.0,4.0,1.47,4.62,6.67,1.52,5.0,7.5
2018-03-11,2017,Bournemouth,Tottenham,1.0,4.0,A,14.0,12.0,3.0,8.0,6.09,4.47,1.52,6.5,4.7,1.56
2018-03-12,2017,Stoke,Man City,0.0,2.0,A,3.0,17.0,0.0,6.0,13.18,6.47,1.23,15.0,7.0,1.27
2018-03-17,2017,Bournemouth,West Brom,2.0,1.0,H,17.0,11.0,5.0,6.0,1.84,3.54,4.56,1.91,3.75,5.0
2018-03-17,2017,Huddersfield,Crystal Palace,0.0,2.0,A,6.0,17.0,2.0,6.0,2.88,3.12,2.65,3.0,3.26,2.77
2018-03-17,2017,Liverpool,Watford,5.0,0.0,H,13.0,4.0,10.0,1.0,1.19,7.39,15.4,1.22,8.12,19.0
2018-03-17,2017,Stoke,Everton,1.0,2.0,A,9.0,17.0,4.0,9.0,2.45,3.23,3.07,2.55,3.36,3.2
2018-03-31,2017,Brighton,Leicester,0.0,2.0,A,15.0,6.0,3.0,4.0,2.75,3.15,2.73,2.9,3.26,2.87
2018-03-31,2017,Crystal Palace,Liverpool,1.0,2.0,A,6.0,16.0,3.0,6.0,6.26,4.41,1.52,7.2,4.82,1.57
2018-03-31,2017,Everton,Man City,1.0,3.0,A,6.0,18.0,2.0,4.0,9.14,5.12,1.35,10.5,5.5,1.39
2018-03-31,2017,Man United,Swansea,2.0,0.0,H,11.0,3.0,5.0,2.0,1.24,6.09,13.32,1.29,7.02,16.5
2018-03-31,2017,Newcastle,Huddersfield,1.0,0.0,H,18.0,4.0,3.0,0.0,1.75,3.52,5.19,1.8,3.69,5.6
2018-03-31,2017,Watford,Bournemouth,2.0,2.0,D,16.0,13.0,5.0,6.0,2.32,3.39,3.12,2.42,3.51,3.27
2018-03-31,2017,West Brom,Burnley,1.0,2.0,A,8.0,11.0,3.0,4.0,2.59,3.03,3.02,2.71,3.2,3.16
2018-03-31,2017,West Ham,Southampton,3.0,0.0,H,13.0,9.0,5.0,0.0,2.85,3.19,2.62,2.99,3.3,2.8
2018-04-01,2017,Arsenal,Stoke,3.0,0.0,H,24.0,8.0,11.0,2.0,1.31,5.64,9.57,1.35,6.15,11.0
2018-04-01,2017,Chelsea,Tottenham,1.0,3.0,A,14.0,12.0,4.0,7.0,2.36,3.29,3.12,2.5,3.41,3.26
2018-04-07,2017,Bournemouth,Crystal Palace,2.0,2.0,D,20.0,13.0,5.0,6.0,2.45,3.39,2.93,2.53,3.51,3.15
2018-04-07,2017,Brighton,Huddersfield,1.0,1.0,D,13.0,14.0,4.0,5.0,1.86,3.4,4.76,1.92,3.6,5.2
2018-04-07,2017,Everton,Liverpool,0.0,0.0,D,6.0,10.0,1.0,3.0,4.06,3.65,1.92,4.33,3.76,1.99
2018-04-07,2017,Leicester,Newcastle,1.0,2.0,A,8.0,8.0,1.0,4.0,1.95,3.45,4.13,2.03,3.63,4.4
2018-04-07,2017,Man City,Man United,2.0,3.0,A,20.0,5.0,6.0,4.0,1.88,3.69,4.17,1.95,3.95,4.5
2018-04-07,2017,Stoke,Tottenham,1.0,2.0,A,10.0,15.0,4.0,4.0,9.98,5.28,1.33,11.07,5.69,1.37
2018-04-07,2017,Watford,Burnley,1.0,2.0,A,14.0,7.0,5.0,4.0,2.33,3.15,3.36,2.43,3.3,3.55
2018-04-07,2017,West Brom,Swansea,1.0,1.0,D,15.0,7.0,3.0,1.0,2.37,3.15,3.29,2.5,3.3,3.5
2018-04-08,2017,Arsenal,Southampton,3.0,2.0,H,13.0,15.0,7.0,8.0,1.56,4.32,5.86,1.6,4.55,6.5
2018-04-08,2017,Chelsea,West Ham,1.0,1.0,D,23.0,5.0,6.0,2.0,1.27,5.83,11.34,1.31,6.5,13.0
2018-04-14,2017,Burnley,Leicester,2.0,1.0,H,8.0,15.0,3.0,6.0,2.63,3.12,2.91,2.74,3.3,3.03
2018-04-14,2017,Crystal Palace,Brighton,3.0,2.0,H,15.0,12.0,8.0,3.0,1.89,3.42,4.54,1.95,3.6,5.0
2018-04-14,2017,Huddersfield,Watford,1.0,0.0,H,9.0,4.0,1.0,2.0,2.63,3.15,2.88,2.76,3.25,3.05
2018-04-14,2017,Liverpool,Bournemouth,3.0,0.0,H,20.0,6.0,7.0,1.0,1.24,6.52,12.5,1.27,7.15,14.6
2018-04-14,2017,Southampton,Chelsea,2.0,3.0,A,10.0,17.0,7.0,5.0,4.37,3.61,1.86,4.75,3.79,1.92
2018-04-14,2017,Swansea,Everton,1.0,1.0,D,17.0,12.0,7.0,3.0,2.53,3.15,3.04,2.65,3.3,3.2
2018-04-14,2017,Tottenham,Man City,1.0,3.0,A,8.0,17.0,3.0,6.0,2.65,3.52,2.63,2.78,3.7,2.75
2018-04-15,2017,Man United,West Brom,0.0,1.0,A,14.0,10.0,4.0,4.0,1.19,6.97,17.38,1.23,8.0,21.0
2018-04-15,2017,Newcastle,Arsenal,2.0,1.0,H,8.0,15.0,4.0,3.0,3.24,3.54,2.22,3.4,3.7,2.31
2018-04-16,2017,West Ham,Stoke,1.0,1.0,D,18.0,11.0,6.0,7.0,2.0,3.41,3.91,2.08,3.6,4.2
2018-04-17,2017,Brighton,Tottenham,1.0,1.0,D,8.0,16.0,5.0,6.0,6.27,4.24,1.55,6.7,4.4,1.6
2018-04-18,2017,Bournemouth,Man United,0.0,2.0,A,13.0,13.0,2.0,4.0,4.84,3.88,1.73,5.2,4.08,1.77
2018-04-19,2017,Burnley,Chelsea,1.0,2.0,A,5.0,16.0,2.0,5.0,4.31,3.44,1.9,4.75,3.6,2.0
2018-04-19,2017,Leicester,Southampton,0.0,0.0,D,11.0,6.0,3.0,2.0,2.35,3.4,3.08,2.44,3.53,3.3
2018-04-21,2017,Watford,Crystal Palace,0.0,0.0,D,14.0,6.0,4.0,1.0,2.9,3.33,2.5,3.03,3.49,2.6
2018-04-21,2017,West Brom,Liverpool,2.0,2.0,D,13.0,9.0,6.0,3.0,6.79,4.3,1.51,7.57,4.5,1.55
2018-04-22,2017,Arsenal,West Ham,4.0,1.0,H,20.0,11.0,8.0,4.0,1.54,4.49,5.87,1.6,4.75,6.5
2018-04-22,2017,Man City,Swansea,5.0,0.0,H,19.0,4.0,12.0,1.0,1.13,8.89,21.51,1.2,10.3,25.97
2018-04-22,2017,Stoke,Burnley,1.0,1.0,D,8.0,16.0,3.0,7.0,2.28,3.2,3.42,2.38,3.4,3.65
2018-04-23,2017,Everton,Newcastle,1.0,0.0,H,9.0,9.0,1.0,2.0,2.29,3.25,3.32,2.4,3.4,3.6
2018-04-28,2017,Burnley,Brighton,0.0,0.0,D,10.0,9.0,4.0,1.0,2.22,3.16,3.6,2.31,3.35,3.8
2018-04-28,2017,Crystal Palace,Leicester,5.0,0.0,H,15.0,6.0,9.0,1.0,2.05,3.5,3.65,2.13,3.64,3.85
2018-04-28,2017,Huddersfield,Everton,0.0,2.0,A,9.0,7.0,2.0,5.0,2.56,3.02,3.09,2.64,3.14,3.25
2018-04-28,2017,Liverpool,Stoke,0.0,0.0,D,20.0,5.0,2.0,1.0,1.31,5.54,9.73,1.36,5.94,11.0
2018-04-28,2017,Newcastle,West Brom,0.0,1.0,A,17.0,9.0,2.0,2.0,1.86,3.47,4.58,1.94,3.6,5.0
2018-04-28,2017,Southampton,Bournemouth,2.0,1.0,H,14.0,14.0,6.0,7.0,1.71,3.9,4.88,1.77,4.13,5.2
2018-04-28,2017,Swansea,Chelsea,0.0,1.0,A,10.0,11.0,3.0,3.0,6.97,4.23,1.5,7.6,4.54,1.55
2018-04-29,2017,Man United,Arsenal,2.0,1.0,H,17.0,8.0,3.0,3.0,1.44,4.64,7.64,1.5,5.0,8.5
2018-04-29,2017,West Ham,Man City,1.0,4.0,A,4.0,19.0,1.0,7.0,9.79,5.44,1.32,11.04,5.88,1.4
2018-04-30,2017,Tottenham,Watford,2.0,0.0,H,13.0,13.0,3.0,5.0,1.15,8.03,18.87,1.18,9.15,23.8
2018-05-04,2017,Brighton,Man United,1.0,0.0,H,11.0,16.0,4.0,3.0,4.54,3.53,1.86,4.8,3.65,1.91
2018-05-05,2017,Bournemouth,Swansea,1.0,0.0,H,13.0,12.0,5.0,3.0,2.1,3.5,3.54,2.3,3.62,3.75
2018-05-05,2017,Everton,Southampton,1.0,1.0,D,9.0,11.0,3.0,5.0,2.88,3.24,2.58,3.0,3.4,2.7
2018-05-05,2017,Leicester,West Ham,0.0,2.0,A,13.0,13.0,2.0,3.0,2.23,3.39,3.3,2.32,3.6,3.48
2018-05-05,2017,Stoke,Crystal Palace,1.0,2.0,A,7.0,13.0,2.0,2.0,2.65,3.31,2.74,2.75,3.43,2.91
2018-05-05,2017,Watford,Newcastle,2.0,1.0,H,11.0,9.0,8.0,1.0,2.37,3.29,3.14,2.45,3.41,3.3
2018-05-05,2017,West Brom,Tottenham,1.0,0.0,H,9.0,18.0,1.0,5.0,7.54,4.66,1.43,8.5,5.3,1.48
2018-05-06,2017,Arsenal,Burnley,5.0,0.0,H,16.0,6.0,8.0,2.0,1.55,4.21,6.14,1.6,4.46,7.0
2018-05-06,2017,Chelsea,Liverpool,1.0,0.0,H,12.0,10.0,4.0,5.0,2.23,3.51,3.23,2.32,3.7,3.4
2018-05-06,2017,Man City,Huddersfield,0.0,0.0,D,15.0,5.0,2.0,3.0,1.09,11.57,28.0,1.12,14.0,34.0
2018-05-08,2017,Swansea,Southampton,0.0,1.0,A,11.0,13.0,3.0,8.0,3.04,3.2,2.5,3.15,3.33,2.61
2018-05-09,2017,Chelsea,Huddersfield,1.0,1.0,D,22.0,3.0,5.0,2.0,1.18,7.37,17.21,1.21,8.5,21.0
2018-05-09,2017,Leicester,Arsenal,3.0,1.0,H,19.0,14.0,10.0,7.0,3.62,3.78,1.98,3.79,4.0,2.05
2018-05-09,2017,Man City,Brighton,3.0,1.0,H,19.0,6.0,7.0,3.0,1.13,9.25,21.8,1.15,11.0,27.0
2018-05-09,2017,Tottenham,Newcastle,1.0,0.0,H,11.0,14.0,7.0,3.0,1.18,7.57,15.42,1.21,8.5,18.0
2018-05-10,2017,West Ham,Man United,0.0,0.0,D,9.0,16.0,2.0,6.0,4.46,3.74,1.8,4.75,3.9,1.87
2018-05-13,2017,Burnley,Bournemouth,1.0,2.0,A,12.0,16.0,4.0,5.0,2.18,3.42,3.37,2.28,3.6,3.7
2018-05-13,2017,Crystal Palace,West Brom,2.0,0.0,H,11.0,7.0,5.0,1.0,1.75,3.82,4.63,1.85,4.1,5.0
2018-05-13,2017,Huddersfield,Arsenal,0.0,1.0,A,18.0,9.0,3.0,4.0,5.58,4.31,1.58,6.05,4.58,1.65
2018-05-13,2017,Liverpool,Brighton,4.0,0.0,H,22.0,2.0,11.0,1.0,1.19,7.25,14.69,1.23,8.0,19.0
2018-05-13,2017,Man United,Watford,1.0,0.0,H,7.0,7.0,1.0,3.0,1.37,5.12,8.21,1.43,6.0,11.0
2018-05-13,2017,Newcastle,Chelsea,3.0,0.0,H,16.0,6.0,6.0,2.0,5.83,4.05,1.59,6.6,4.4,1.7
2018-05-13,2017,Southampton,Man City,0.0,1.0,A,8.0,13.0,3.0,2.0,7.39,4.82,1.42,9.0,5.15,1.46
2018-05-13,2017,Swansea,Stoke,1.0,2.0,A,26.0,8.0,11.0,5.0,1.89,3.67,4.08,1.98,3.9,4.35
2018-05-13,2017,Tottenham,Leicester,5.0,4.0,H,14.0,16.0,6.0,9.0,1.31,5.74,9.13,1.35,6.25,10.5
2018-05-13,2017,West Ham,Everton,3.0,1.0,H,15.0,14.0,4.0,7.0,2.37,3.39,3.04,2.45,3.52,3.21
2018-08-10,2018,Man United,Leicester,2.0,1.0,H,8.0,13.0,6.0,4.0,1.56,3.92,7.06,1.6,4.2,8.05
2018-08-11,2018,Bournemouth,Cardiff,2.0,0.0,H,12.0,10.0,4.0,1.0,1.88,3.53,4.37,1.93,3.71,4.75
2018-08-11,2018,Fulham,Crystal Palace,0.0,2.0,A,15.0,10.0,6.0,9.0,2.47,3.35,2.92,2.6,3.49,3.05
2018-08-11,2018,Huddersfield,Chelsea,0.0,3.0,A,6.0,13.0,1.0,4.0,6.09,3.9,1.61,6.85,4.07,1.66
2018-08-11,2018,Newcastle,Tottenham,1.0,2.0,A,15.0,15.0,2.0,5.0,3.83,3.4,2.05,4.01,3.57,2.12
2018-08-11,2018,Watford,Brighton,2.0,0.0,H,19.0,6.0,5.0,0.0,2.36,3.14,3.31,2.48,3.3,3.42
2018-08-11,2018,Wolves,Everton,2.0,2.0,D,11.0,6.0,4.0,5.0,2.33,3.27,3.23,2.41,3.4,3.4
2018-08-12,2018,Arsenal,Man City,0.0,2.0,A,9.0,17.0,3.0,8.0,3.83,3.8,1.92,4.15,4.0,2.0
2018-08-12,2018,Liverpool,West Ham,4.0,0.0,H,18.0,5.0,8.0,2.0,1.25,6.22,12.3,1.29,6.79,15.0
2018-08-12,2018,Southampton,Burnley,0.0,0.0,D,18.0,16.0,3.0,6.0,1.84,3.43,4.8,1.9,3.61,5.2
2018-08-18,2018,Cardiff,Newcastle,0.0,0.0,D,12.0,12.0,1.0,6.0,3.14,3.07,2.5,3.25,3.21,2.6
2018-08-18,2018,Chelsea,Arsenal,3.0,2.0,H,24.0,15.0,11.0,6.0,1.81,3.85,4.29,1.87,4.02,4.54
2018-08-18,2018,Everton,Southampton,2.0,1.0,H,13.0,15.0,7.0,4.0,1.89,3.44,4.41,2.0,3.63,4.78
2018-08-18,2018,Leicester,Wolves,2.0,0.0,H,6.0,11.0,2.0,3.0,2.05,3.44,3.77,2.12,3.61,4.0
2018-08-18,2018,Tottenham,Fulham,3.0,1.0,H,25.0,10.0,11.0,3.0,1.28,5.88,10.92,1.31,6.5,12.61
2018-08-18,2018,West Ham,Bournemouth,1.0,2.0,A,11.0,12.0,5.0,5.0,2.08,3.53,3.56,2.15,3.67,3.75
2018-08-19,2018,Brighton,Man United,3.0,2.0,H,6.0,9.0,3.0,3.0,5.19,3.53,1.76,5.52,3.62,1.84
2018-08-19,2018,Burnley,Watford,1.0,3.0,A,8.0,9.0,3.0,6.0,2.39,3.04,3.34,2.5,3.18,3.5
2018-08-19,2018,Man City,Huddersfield,6.0,1.0,H,32.0,5.0,14.0,1.0,1.09,11.35,28.36,1.11,13.0,35.0
2018-08-20,2018,Crystal Palace,Liverpool,0.0,2.0,A,8.0,16.0,2.0,6.0,6.79,4.83,1.44,7.35,5.11,1.49
2018-08-25,2018,Arsenal,West Ham,3.0,1.0,H,17.0,13.0,10.0,5.0,1.37,5.32,8.1,1.4,5.72,9.5
2018-08-25,2018,Bournemouth,Everton,2.0,2.0,D,17.0,11.0,5.0,3.0,2.59,3.49,2.7,2.69,3.6,2.81
2018-08-25,2018,Huddersfield,Cardiff,0.0,0.0,D,5.0,14.0,1.0,4.0,2.32,3.04,3.53,2.4,3.18,3.7
2018-08-25,2018,Liverpool,Brighton,1.0,0.0,H,22.0,6.0,8.0,2.0,1.16,8.05,18.81,1.18,8.92,23.0
2018-08-25,2018,Southampton,Leicester,1.0,2.0,A,11.0,8.0,5.0,5.0,2.42,3.22,3.12,2.52,3.35,3.25
2018-08-25,2018,Wolves,Man City,1.0,1.0,D,11.0,18.0,2.0,6.0,10.84,6.18,1.27,13.0,6.75,1.3
2018-08-26,2018,Fulham,Burnley,4.0,2.0,H,25.0,12.0,12.0,2.0,1.98,3.36,4.14,2.04,3.57,4.5
2018-08-26,2018,Newcastle,Chelsea,1.0,2.0,A,6.0,15.0,2.0,3.0,5.25,3.9,1.67,5.75,4.17,1.71
2018-08-26,2018,Watford,Crystal Palace,2.0,1.0,H,13.0,9.0,5.0,3.0,2.55,3.22,2.92,2.66,3.36,3.04
2018-08-27,2018,Man United,Tottenham,0.0,3.0,A,23.0,9.0,5.0,5.0,2.56,3.27,2.86,2.67,3.4,3.0
2018-09-01,2018,Brighton,Fulham,2.0,2.0,D,15.0,10.0,5.0,5.0,2.23,3.37,3.33,2.3,3.5,3.5
2018-09-01,2018,Chelsea,Bournemouth,2.0,0.0,H,24.0,8.0,6.0,1.0,1.29,5.88,9.9,1.33,6.3,11.0
2018-09-01,2018,Crystal Palace,Southampton,0.0,2.0,A,20.0,19.0,6.0,6.0,1.95,3.42,4.16,2.0,3.52,4.5
2018-09-01,2018,Everton,Huddersfield,1.0,1.0,D,11.0,9.0,1.0,6.0,1.51,4.1,7.26,1.6,4.33,8.06
2018-09-01,2018,Leicester,Liverpool,1.0,2.0,A,12.0,10.0,5.0,4.0,7.32,4.76,1.43,8.03,5.1,1.5
2018-09-01,2018,Man City,Newcastle,2.0,1.0,H,24.0,3.0,8.0,2.0,1.11,9.76,24.64,1.13,11.34,32.5
2018-09-01,2018,West Ham,Wolves,0.0,1.0,A,13.0,15.0,3.0,6.0,2.51,3.37,2.86,2.6,3.5,3.0
2018-09-02,2018,Burnley,Man United,0.0,2.0,A,9.0,21.0,2.0,9.0,5.73,3.72,1.67,6.25,3.9,1.7
2018-09-02,2018,Cardiff,Arsenal,2.0,3.0,A,14.0,17.0,3.0,11.0,6.0,4.22,1.56,6.6,4.54,1.65
2018-09-02,2018,Watford,Tottenham,2.0,1.0,H,7.0,11.0,3.0,2.0,5.38,4.13,1.62,5.75,4.3,1.68
2018-09-15,2018,Bournemouth,Leicester,4.0,2.0,H,10.0,14.0,5.0,8.0,2.42,3.41,2.98,2.51,3.5,3.13
2018-09-15,2018,Chelsea,Cardiff,4.0,1.0,H,18.0,6.0,7.0,2.0,1.18,7.2,17.53,1.21,8.0,21.0
2018-09-15,2018,Huddersfield,Crystal Palace,0.0,1.0,A,15.0,7.0,2.0,2.0,3.19,3.11,2.45,3.3,3.27,2.55
2018-09-15,2018,Man City,Fulham,3.0,0.0,H,28.0,9.0,9.0,3.0,1.12,9.54,21.93,1.14,11.0,29.0
2018-09-15,2018,Newcastle,Arsenal,1.0,2.0,A,4.0,12.0,2.0,2.0,4.01,3.72,1.91,4.2,3.9,1.97
2018-09-15,2018,Tottenham,Liverpool,1.0,2.0,A,11.0,17.0,3.0,10.0,2.97,3.62,2.33,3.1,3.74,2.4
2018-09-15,2018,Watford,Man United,1.0,2.0,A,14.0,9.0,5.0,6.0,4.16,3.55,1.93,4.5,3.65,2.0
2018-09-16,2018,Everton,West Ham,1.0,3.0,A,16.0,9.0,4.0,4.0,2.03,3.58,3.68,2.12,3.75,4.1
2018-09-16,2018,Wolves,Burnley,1.0,0.0,H,30.0,7.0,7.0,2.0,1.74,3.55,5.42,1.8,3.72,6.0
2018-09-17,2018,Southampton,Brighton,2.0,2.0,D,14.0,12.0,5.0,4.0,2.12,3.28,3.75,2.22,3.42,4.0
2018-09-22,2018,Brighton,Tottenham,1.0,2.0,A,8.0,16.0,4.0,7.0,4.76,3.81,1.75,5.0,4.0,1.8
2018-09-22,2018,Burnley,Bournemouth,4.0,0.0,H,12.0,19.0,5.0,5.0,2.87,3.32,2.55,3.0,3.42,2.62
2018-09-22,2018,Cardiff,Man City,0.0,5.0,A,2.0,21.0,2.0,10.0,18.84,7.85,1.16,23.0,9.0,1.2
2018-09-22,2018,Crystal Palace,Newcastle,0.0,0.0,D,16.0,6.0,4.0,3.0,2.14,3.32,3.68,2.24,3.4,3.8
2018-09-22,2018,Fulham,Watford,1.0,1.0,D,15.0,11.0,3.0,6.0,2.46,3.43,2.9,2.6,3.55,3.0
2018-09-22,2018,Leicester,Huddersfield,3.0,1.0,H,18.0,9.0,8.0,2.0,1.61,3.82,6.35,1.67,4.0,7.0
2018-09-22,2018,Liverpool,Southampton,3.0,0.0,H,12.0,7.0,4.0,1.0,1.2,7.06,15.75,1.22,7.75,19.0
2018-09-22,2018,Man United,Wolves,1.0,1.0,D,15.0,11.0,6.0,8.0,1.57,4.12,6.09,1.6,4.33,6.6
2018-09-23,2018,Arsenal,Everton,2.0,0.0,H,9.0,9.0,5.0,6.0,1.46,4.83,6.54,1.49,5.05,7.5
2018-09-23,2018,West Ham,Chelsea,0.0,0.0,D,6.0,17.0,1.0,6.0,5.61,4.33,1.58,6.5,4.5,1.64
2018-09-29,2018,Arsenal,Watford,2.0,0.0,H,9.0,13.0,2.0,4.0,1.47,4.77,6.41,1.51,5.1,7.5
2018-09-29,2018,Chelsea,Liverpool,1.0,1.0,D,10.0,13.0,4.0,6.0,2.81,3.52,2.49,2.92,3.65,2.62
2018-09-29,2018,Everton,Fulham,3.0,0.0,H,19.0,6.0,6.0,0.0,1.74,3.99,4.58,1.8,4.2,4.82
2018-09-29,2018,Huddersfield,Tottenham,0.0,2.0,A,9.0,10.0,5.0,6.0,7.61,4.48,1.46,8.5,5.0,1.5
2018-09-29,2018,Man City,Brighton,2.0,0.0,H,28.0,4.0,8.0,1.0,1.09,11.16,27.87,1.12,12.87,34.25
2018-09-29,2018,Newcastle,Leicester,0.0,2.0,A,6.0,12.0,1.0,5.0,2.56,3.22,2.93,2.65,3.3,3.05
2018-09-29,2018,West Ham,Man United,3.0,1.0,H,8.0,9.0,3.0,4.0,4.41,3.71,1.84,4.6,3.87,1.89
2018-09-29,2018,Wolves,Southampton,2.0,0.0,H,14.0,17.0,6.0,6.0,1.82,3.54,4.79,1.9,3.75,5.25
2018-09-30,2018,Cardiff,Burnley,1.0,2.0,A,19.0,3.0,5.0,2.0,2.56,3.06,3.09,2.64,3.15,3.2
2018-10-01,2018,Bournemouth,Crystal Palace,2.0,1.0,H,11.0,10.0,5.0,2.0,2.25,3.43,3.24,2.37,3.55,3.4
2018-10-05,2018,Brighton,West Ham,1.0,0.0,H,9.0,17.0,4.0,4.0,2.67,3.26,2.8,2.75,3.35,2.9
2018-10-06,2018,Burnley,Huddersfield,1.0,1.0,D,6.0,19.0,3.0,2.0,2.12,3.06,4.11,2.18,3.2,4.35
2018-10-06,2018,Crystal Palace,Wolves,0.0,1.0,A,11.0,7.0,4.0,2.0,2.92,3.18,2.6,3.03,3.25,2.75
2018-10-06,2018,Leicester,Everton,1.0,2.0,A,8.0,17.0,2.0,8.0,2.19,3.4,3.44,2.28,3.55,3.6
2018-10-06,2018,Man United,Newcastle,3.0,2.0,H,18.0,13.0,10.0,8.0,1.45,4.44,7.86,1.5,4.6,9.0
2018-10-06,2018,Tottenham,Cardiff,1.0,0.0,H,19.0,8.0,7.0,6.0,1.23,6.51,13.14,1.26,7.5,16.0
2018-10-06,2018,Watford,Bournemouth,0.0,4.0,A,14.0,10.0,2.0,7.0,2.13,3.55,3.45,2.16,3.7,3.68
2018-10-07,2018,Fulham,Arsenal,1.0,5.0,A,21.0,9.0,4.0,7.0,4.85,4.31,1.66,5.25,4.5,1.71
2018-10-07,2018,Liverpool,Man City,0.0,0.0,D,7.0,6.0,2.0,2.0,2.52,3.54,2.77,2.63,3.7,2.88
2018-10-07,2018,Southampton,Chelsea,0.0,3.0,A,15.0,21.0,6.0,6.0,5.75,4.07,1.61,6.19,4.3,1.65
2018-10-20,2018,Bournemouth,Southampton,0.0,0.0,D,10.0,8.0,2.0,4.0,2.03,3.58,3.69,2.1,3.75,3.9
2018-10-20,2018,Cardiff,Fulham,4.0,2.0,H,22.0,9.0,5.0,4.0,2.46,3.42,2.91,2.55,3.53,3.1
2018-10-20,2018,Chelsea,Man United,2.0,2.0,D,21.0,7.0,6.0,4.0,1.73,3.86,4.94,1.77,4.15,5.26
2018-10-20,2018,Huddersfield,Liverpool,0.0,1.0,A,13.0,11.0,1.0,2.0,11.1,5.18,1.31,13.0,5.5,1.35
2018-10-20,2018,Man City,Burnley,5.0,0.0,H,24.0,5.0,10.0,0.0,1.08,12.2,30.98,1.1,15.0,41.0
2018-10-20,2018,Newcastle,Brighton,0.0,1.0,A,27.0,8.0,6.0,2.0,2.19,3.16,3.71,2.27,3.25,3.9
2018-10-20,2018,West Ham,Tottenham,0.0,1.0,A,13.0,10.0,4.0,2.0,4.02,3.8,1.89,4.3,3.95,1.95
2018-10-20,2018,Wolves,Watford,0.0,2.0,A,10.0,9.0,1.0,3.0,1.74,3.63,5.18,1.8,3.75,5.5
2018-10-21,2018,Everton,Crystal Palace,2.0,0.0,H,20.0,7.0,4.0,3.0,1.86,3.56,4.49,1.93,3.7,4.81
2018-10-22,2018,Arsenal,Leicester,3.0,1.0,H,19.0,8.0,6.0,2.0,1.53,4.45,5.99,1.58,4.75,6.75
2018-10-27,2018,Brighton,Wolves,1.0,0.0,H,2.0,25.0,1.0,7.0,3.15,3.13,2.46,3.3,3.25,2.58
2018-10-27,2018,Fulham,Bournemouth,0.0,3.0,A,11.0,12.0,1.0,5.0,2.85,3.69,2.38,2.95,3.85,2.5
2018-10-27,2018,Leicester,West Ham,1.0,1.0,D,21.0,11.0,7.0,3.0,2.11,3.4,3.64,2.22,3.55,3.8
2018-10-27,2018,Liverpool,Cardiff,4.0,1.0,H,19.0,2.0,7.0,1.0,1.11,10.13,26.13,1.13,11.45,31.0
2018-10-27,2018,Southampton,Newcastle,0.0,0.0,D,22.0,6.0,4.0,0.0,2.11,3.27,3.8,2.19,3.4,4.0
2018-10-27,2018,Watford,Huddersfield,3.0,0.0,H,12.0,13.0,6.0,7.0,1.75,3.65,5.1,1.8,3.8,5.5
2018-10-28,2018,Burnley,Chelsea,0.0,4.0,A,7.0,24.0,1.0,8.0,10.06,4.84,1.36,11.5,5.1,1.4
2018-10-28,2018,Crystal Palace,Arsenal,2.0,2.0,D,16.0,7.0,3.0,2.0,4.39,4.07,1.76,4.75,4.26,1.8
2018-10-28,2018,Man United,Everton,2.0,1.0,H,14.0,14.0,10.0,6.0,1.73,3.8,4.93,1.78,4.0,5.32
2018-10-29,2018,Tottenham,Man City,0.0,1.0,A,4.0,13.0,1.0,6.0,4.51,4.1,1.72,4.8,4.35,1.8
2018-11-03,2018,Arsenal,Liverpool,1.0,1.0,D,12.0,13.0,4.0,4.0,3.67,3.77,1.98,3.92,3.96,2.2
2018-11-03,2018,Bournemouth,Man United,1.0,2.0,A,18.0,18.0,7.0,8.0,3.54,3.57,2.1,3.62,3.7,2.15
2018-11-03,2018,Cardiff,Leicester,0.0,1.0,A,11.0,13.0,2.0,5.0,3.65,3.31,2.15,3.85,3.45,2.25
2018-11-03,2018,Everton,Brighton,3.0,1.0,H,14.0,5.0,3.0,3.0,1.59,3.94,6.28,1.7,4.15,7.01
2018-11-03,2018,Newcastle,Watford,1.0,0.0,H,10.0,16.0,2.0,1.0,2.69,3.19,2.79,2.81,3.3,2.9
2018-11-03,2018,West Ham,Burnley,4.0,2.0,H,22.0,6.0,10.0,3.0,1.74,3.68,5.1,1.8,3.85,5.5
2018-11-03,2018,Wolves,Tottenham,2.0,3.0,A,16.0,10.0,7.0,8.0,3.05,3.33,2.41,3.28,3.43,2.5
2018-11-04,2018,Chelsea,Crystal Palace,3.0,1.0,H,15.0,7.0,6.0,2.0,1.27,6.07,11.34,1.3,6.75,13.0
2018-11-04,2018,Man City,Southampton,6.0,1.0,H,18.0,12.0,8.0,6.0,1.11,9.93,24.64,1.14,11.0,34.0
2018-11-05,2018,Huddersfield,Fulham,1.0,0.0,H,10.0,7.0,2.0,1.0,2.28,3.35,3.25,2.4,3.5,3.45
2018-11-10,2018,Cardiff,Brighton,2.0,1.0,H,20.0,7.0,6.0,3.0,2.56,3.11,3.05,2.65,3.2,3.2
2018-11-10,2018,Crystal Palace,Tottenham,0.0,1.0,A,11.0,11.0,4.0,2.0,4.34,3.67,1.86,4.5,3.8,1.92
2018-11-10,2018,Huddersfield,West Ham,1.0,1.0,D,15.0,12.0,7.0,5.0,3.39,3.21,2.3,3.5,3.33,2.38
2018-11-10,2018,Leicester,Burnley,0.0,0.0,D,22.0,6.0,5.0,1.0,1.49,4.28,7.24,1.53,4.5,8.0
2018-11-10,2018,Newcastle,Bournemouth,2.0,1.0,H,18.0,14.0,6.0,4.0,2.81,3.33,2.59,2.94,3.45,2.68
2018-11-10,2018,Southampton,Watford,1.0,1.0,D,14.0,12.0,4.0,6.0,2.47,3.28,3.0,2.58,3.4,3.11
2018-11-11,2018,Arsenal,Wolves,1.0,1.0,D,10.0,12.0,3.0,5.0,1.65,4.11,5.19,1.7,4.4,6.2
2018-11-11,2018,Chelsea,Everton,0.0,0.0,D,15.0,6.0,4.0,1.0,1.42,4.89,7.45,1.46,5.25,8.5
2018-11-11,2018,Liverpool,Fulham,2.0,0.0,H,20.0,8.0,7.0,3.0,1.11,10.48,23.87,1.13,12.0,31.0
2018-11-11,2018,Man City,Man United,3.0,1.0,H,17.0,6.0,5.0,1.0,1.39,5.14,7.77,1.45,5.5,9.0
2018-11-24,2018,Brighton,Leicester,1.0,1.0,D,14.0,8.0,3.0,3.0,2.87,3.18,2.63,3.0,3.4,2.75
2018-11-24,2018,Everton,Cardiff,1.0,0.0,H,16.0,7.0,8.0,1.0,1.42,4.66,8.12,1.45,5.0,9.0
2018-11-24,2018,Fulham,Southampton,3.0,2.0,H,10.0,19.0,5.0,8.0,2.61,3.35,2.77,2.72,3.5,2.9
2018-11-24,2018,Man United,Crystal Palace,0.0,0.0,D,12.0,13.0,5.0,2.0,1.4,4.81,8.13,1.44,5.25,9.0
2018-11-24,2018,Tottenham,Chelsea,3.0,1.0,H,18.0,13.0,9.0,2.0,2.78,3.42,2.56,2.88,3.55,2.65
2018-11-24,2018,Watford,Liverpool,0.0,3.0,A,5.0,10.0,1.0,7.0,6.03,4.28,1.55,6.6,4.5,1.6
2018-11-24,2018,West Ham,Man City,0.0,4.0,A,9.0,9.0,1.0,6.0,11.55,6.3,1.25,13.0,6.75,1.27
2018-11-25,2018,Bournemouth,Arsenal,1.0,2.0,A,11.0,20.0,5.0,4.0,3.5,3.77,2.03,3.7,4.0,2.11
2018-11-25,2018,Wolves,Huddersfield,0.0,2.0,A,12.0,14.0,3.0,6.0,1.49,4.08,7.75,1.53,4.33,8.5
2018-11-26,2018,Burnley,Newcastle,1.0,2.0,A,14.0,17.0,4.0,3.0,2.84,3.1,2.7,2.93,3.2,2.85
2018-11-30,2018,Cardiff,Wolves,2.0,1.0,H,17.0,15.0,3.0,4.0,3.64,3.2,2.21,3.8,3.32,2.31
2018-12-01,2018,Crystal Palace,Burnley,2.0,0.0,H,29.0,4.0,9.0,0.0,1.62,3.82,6.21,1.67,4.0,6.66
2018-12-01,2018,Huddersfield,Brighton,1.0,2.0,A,7.0,14.0,2.0,6.0,2.47,2.97,3.31,2.56,3.06,3.46
2018-12-01,2018,Leicester,Watford,2.0,0.0,H,7.0,8.0,3.0,0.0,2.25,3.3,3.4,2.32,3.41,3.6
2018-12-01,2018,Man City,Bournemouth,3.0,1.0,H,16.0,4.0,6.0,1.0,1.11,10.11,22.4,1.14,11.25,26.0
2018-12-01,2018,Newcastle,West Ham,0.0,3.0,A,16.0,7.0,4.0,4.0,2.47,3.25,3.03,2.58,3.38,3.13
2018-12-01,2018,Southampton,Man United,2.0,2.0,D,16.0,11.0,6.0,5.0,4.2,3.53,1.92,4.5,3.65,2.0
2018-12-02,2018,Arsenal,Tottenham,4.0,2.0,H,22.0,11.0,7.0,6.0,2.56,3.57,2.69,2.65,3.75,2.75
2018-12-02,2018,Chelsea,Fulham,2.0,0.0,H,16.0,9.0,9.0,4.0,1.18,7.65,15.63,1.21,8.5,19.0
2018-12-02,2018,Liverpool,Everton,1.0,0.0,H,16.0,9.0,3.0,3.0,1.39,4.94,8.28,1.42,5.25,9.0
2018-12-04,2018,Bournemouth,Huddersfield,2.0,1.0,H,6.0,23.0,2.0,6.0,1.69,3.77,5.45,1.8,3.95,6.02
2018-12-04,2018,Brighton,Crystal Palace,3.0,1.0,H,9.0,18.0,3.0,5.0,2.9,3.06,2.72,3.01,3.2,2.85
2018-12-04,2018,Watford,Man City,1.0,2.0,A,11.0,15.0,7.0,7.0,10.09,5.8,1.3,12.0,6.25,1.33
2018-12-04,2018,West Ham,Cardiff,3.0,1.0,H,17.0,9.0,11.0,5.0,1.65,3.95,5.55,1.71,4.1,6.0
2018-12-05,2018,Burnley,Liverpool,1.0,3.0,A,10.0,18.0,6.0,12.0,11.64,5.7,1.28,14.0,6.25,1.3
2018-12-05,2018,Everton,Newcastle,1.0,1.0,D,19.0,8.0,3.0,5.0,1.58,3.9,6.4,1.65,4.1,7.0
2018-12-05,2018,Fulham,Leicester,1.0,1.0,D,25.0,13.0,7.0,5.0,2.97,3.43,2.41,3.06,3.6,2.52
2018-12-05,2018,Man United,Arsenal,2.0,2.0,D,10.0,9.0,7.0,4.0,2.4,3.48,2.93,2.52,3.6,3.05
2018-12-05,2018,Tottenham,Southampton,3.0,1.0,H,13.0,18.0,8.0,5.0,1.37,4.96,8.82,1.4,5.25,10.0
2018-12-05,2018,Wolves,Chelsea,2.0,1.0,H,6.0,17.0,2.0,3.0,4.7,3.71,1.78,5.06,3.9,1.83
2018-12-08,2018,Arsenal,Huddersfield,1.0,0.0,H,14.0,6.0,2.0,0.0,1.28,5.88,11.2,1.3,6.25,13.0
2018-12-08,2018,Bournemouth,Liverpool,0.0,4.0,A,8.0,10.0,2.0,4.0,5.53,4.33,1.59,6.0,4.57,1.68
2018-12-08,2018,Burnley,Brighton,1.0,0.0,H,14.0,14.0,4.0,1.0,2.84,3.08,2.73,2.95,3.2,2.85
2018-12-08,2018,Cardiff,Southampton,1.0,0.0,H,13.0,12.0,4.0,1.0,2.86,3.21,2.62,2.95,3.33,2.72
2018-12-08,2018,Chelsea,Man City,2.0,0.0,H,8.0,14.0,5.0,4.0,3.85,3.67,1.95,4.2,3.8,2.0
2018-12-08,2018,Leicester,Tottenham,0.0,2.0,A,11.0,7.0,3.0,2.0,3.79,3.55,2.0,4.0,3.75,2.08
2018-12-08,2018,Man United,Fulham,4.0,1.0,H,20.0,10.0,11.0,4.0,1.35,5.24,9.11,1.38,5.75,10.5
2018-12-08,2018,West Ham,Crystal Palace,3.0,2.0,H,13.0,8.0,6.0,4.0,2.26,3.34,3.32,2.33,3.45,3.5
2018-12-09,2018,Newcastle,Wolves,1.0,2.0,A,12.0,13.0,4.0,6.0,2.91,3.08,2.65,3.01,3.2,2.82
2018-12-10,2018,Everton,Watford,2.0,2.0,D,12.0,15.0,5.0,3.0,1.75,3.74,4.77,1.82,3.95,5.11
2018-12-15,2018,Crystal Palace,Leicester,1.0,0.0,H,8.0,12.0,1.0,2.0,2.64,3.12,2.92,2.72,3.2,3.05
2018-12-15,2018,Fulham,West Ham,0.0,2.0,A,16.0,6.0,4.0,3.0,2.9,3.51,2.42,3.03,3.65,2.51
2018-12-15,2018,Huddersfield,Newcastle,0.0,1.0,A,15.0,8.0,5.0,5.0,2.63,3.01,3.05,2.73,3.2,3.2
2018-12-15,2018,Man City,Everton,3.0,1.0,H,13.0,9.0,5.0,2.0,1.22,6.83,12.85,1.26,7.5,15.0
2018-12-15,2018,Tottenham,Burnley,1.0,0.0,H,15.0,4.0,3.0,0.0,1.18,7.45,16.85,1.2,8.15,21.0
2018-12-15,2018,Watford,Cardiff,3.0,2.0,H,17.0,10.0,8.0,3.0,1.64,3.87,5.81,1.7,4.1,6.37
2018-12-15,2018,Wolves,Bournemouth,2.0,0.0,H,9.0,13.0,3.0,3.0,1.96,3.51,4.09,2.03,3.65,4.35
2018-12-16,2018,Brighton,Chelsea,1.0,2.0,A,6.0,10.0,2.0,3.0,7.4,4.31,1.48,8.5,4.6,1.52
2018-12-16,2018,Liverpool,Man United,3.0,1.0,H,36.0,6.0,11.0,2.0,1.54,4.31,6.29,1.65,4.51,7.0
2018-12-16,2018,Southampton,Arsenal,3.0,2.0,H,12.0,13.0,7.0,4.0,3.84,3.8,1.93,4.1,3.95,1.98
2018-12-21,2018,Wolves,Liverpool,0.0,2.0,A,11.0,15.0,5.0,6.0,6.61,3.97,1.58,7.2,4.15,1.62
2018-12-22,2018,Arsenal,Burnley,3.0,1.0,H,10.0,7.0,6.0,2.0,1.24,6.29,13.63,1.26,6.75,15.25
2018-12-22,2018,Bournemouth,Brighton,2.0,0.0,H,14.0,10.0,3.0,5.0,1.91,3.54,4.27,1.97,3.7,4.5
2018-12-22,2018,Cardiff,Man United,1.0,5.0,A,9.0,17.0,3.0,9.0,6.06,4.05,1.59,6.63,4.2,1.65
2018-12-22,2018,Chelsea,Leicester,0.0,1.0,A,17.0,8.0,5.0,3.0,1.33,5.23,10.39,1.36,5.5,11.39
2018-12-22,2018,Huddersfield,Southampton,1.0,3.0,A,16.0,13.0,5.0,6.0,3.05,3.07,2.58,3.15,3.15,2.73
2018-12-22,2018,Man City,Crystal Palace,2.0,3.0,A,19.0,5.0,5.0,3.0,1.14,8.79,19.89,1.17,10.0,25.0
2018-12-22,2018,Newcastle,Fulham,0.0,0.0,D,9.0,4.0,0.0,2.0,1.99,3.52,3.94,2.06,3.63,4.13
2018-12-22,2018,West Ham,Watford,0.0,2.0,A,18.0,11.0,7.0,5.0,2.33,3.48,3.07,2.4,3.6,3.2
2018-12-23,2018,Everton,Tottenham,2.0,6.0,A,10.0,17.0,3.0,8.0,3.19,3.42,2.29,3.35,3.55,2.4
2018-12-26,2018,Brighton,Arsenal,1.0,1.0,D,12.0,7.0,3.0,4.0,5.04,3.84,1.71,5.33,4.05,1.77
2018-12-26,2018,Burnley,Everton,1.0,5.0,A,11.0,13.0,4.0,6.0,4.33,3.44,1.93,4.51,3.6,1.98
2018-12-26,2018,Crystal Palace,Cardiff,0.0,0.0,D,31.0,9.0,5.0,4.0,1.65,3.92,5.59,1.7,4.1,6.08
2018-12-26,2018,Fulham,Wolves,1.0,1.0,D,11.0,14.0,9.0,5.0,3.19,3.28,2.36,3.3,3.4,2.47
2018-12-26,2018,Leicester,Man City,2.0,1.0,H,10.0,11.0,5.0,4.0,9.0,5.13,1.36,10.0,5.45,1.39
2018-12-26,2018,Liverpool,Newcastle,4.0,0.0,H,16.0,6.0,8.0,2.0,1.16,8.05,17.73,1.18,9.5,21.0
2018-12-26,2018,Man United,Huddersfield,3.0,1.0,H,16.0,10.0,10.0,2.0,1.23,6.34,13.66,1.25,7.0,16.0
2018-12-26,2018,Tottenham,Bournemouth,5.0,0.0,H,10.0,14.0,7.0,4.0,1.35,5.23,9.12,1.38,5.5,10.01
2018-12-26,2018,Watford,Chelsea,1.0,2.0,A,10.0,10.0,2.0,4.0,4.89,3.8,1.74,5.27,3.95,1.79
2018-12-27,2018,Southampton,West Ham,1.0,2.0,A,11.0,16.0,5.0,5.0,2.25,3.46,3.24,2.31,3.6,3.36
2018-12-29,2018,Brighton,Everton,1.0,0.0,H,11.0,13.0,3.0,4.0,3.44,3.36,2.21,3.6,3.46,2.3
2018-12-29,2018,Fulham,Huddersfield,1.0,0.0,H,14.0,9.0,5.0,5.0,2.06,3.27,3.97,2.12,3.4,4.2
2018-12-29,2018,Leicester,Cardiff,0.0,1.0,A,16.0,12.0,7.0,3.0,1.57,4.13,6.18,1.6,4.55,6.73
2018-12-29,2018,Liverpool,Arsenal,5.0,1.0,H,15.0,8.0,10.0,2.0,1.49,4.74,6.25,1.53,5.15,7.0
2018-12-29,2018,Tottenham,Wolves,1.0,3.0,A,10.0,11.0,3.0,4.0,1.36,5.01,9.16,1.39,5.5,10.5
2018-12-29,2018,Watford,Newcastle,1.0,1.0,D,12.0,8.0,5.0,2.0,1.81,3.67,4.59,1.88,3.8,5.0
2018-12-30,2018,Burnley,West Ham,2.0,0.0,H,17.0,11.0,5.0,4.0,3.25,3.4,2.27,3.46,3.55,2.4
2018-12-30,2018,Crystal Palace,Chelsea,0.0,1.0,A,4.0,12.0,0.0,4.0,4.96,3.8,1.73,5.25,4.0,1.77
2018-12-30,2018,Man United,Bournemouth,4.0,1.0,H,11.0,7.0,8.0,3.0,1.36,5.26,8.67,1.39,5.75,10.0
2018-12-30,2018,Southampton,Man City,1.0,3.0,A,5.0,14.0,4.0,6.0,9.54,5.47,1.33,10.5,6.0,1.35
2019-01-01,2018,Arsenal,Fulham,4.0,1.0,H,16.0,9.0,9.0,4.0,1.34,5.44,8.84,1.38,6.0,10.0
2019-01-01,2018,Cardiff,Tottenham,0.0,3.0,A,6.0,13.0,3.0,4.0,6.95,4.43,1.49,7.5,4.7,1.52
2019-01-01,2018,Everton,Leicester,0.0,1.0,A,17.0,8.0,2.0,4.0,2.01,3.46,3.94,2.06,3.6,4.2
2019-01-02,2018,Bournemouth,Watford,3.0,3.0,D,25.0,11.0,12.0,3.0,2.55,3.48,2.75,2.66,3.65,2.85
2019-01-02,2018,Chelsea,Southampton,0.0,0.0,D,17.0,6.0,6.0,2.0,1.27,5.94,11.58,1.33,6.5,13.5
2019-01-02,2018,Huddersfield,Burnley,1.0,2.0,A,9.0,16.0,2.0,8.0,2.15,3.12,3.92,2.22,3.2,4.2
2019-01-02,2018,Newcastle,Man United,0.0,2.0,A,14.0,16.0,3.0,7.0,5.78,4.22,1.58,6.25,4.4,1.62
2019-01-02,2018,West Ham,Brighton,2.0,2.0,D,13.0,13.0,6.0,6.0,1.96,3.56,3.96,2.02,3.75,4.2
2019-01-02,2018,Wolves,Crystal Palace,0.0,2.0,A,9.0,17.0,1.0,4.0,2.0,3.33,4.13,2.06,3.55,4.33
2019-01-03,2018,Man City,Liverpool,2.0,1.0,H,9.0,7.0,4.0,5.0,2.04,3.79,3.45,2.1,4.0,3.7
2019-01-12,2018,Brighton,Liverpool,0.0,1.0,A,7.0,10.0,0.0,3.0,10.09,5.39,1.32,11.0,6.0,1.35
2019-01-12,2018,Burnley,Fulham,2.0,1.0,H,11.0,12.0,0.0,4.0,2.37,3.25,3.22,2.5,3.35,3.38
2019-01-12,2018,Cardiff,Huddersfield,0.0,0.0,D,3.0,14.0,0.0,2.0,2.25,3.17,3.56,2.32,3.25,3.75
2019-01-12,2018,Chelsea,Newcastle,2.0,1.0,H,10.0,9.0,6.0,2.0,1.23,6.35,14.63,1.26,7.0,17.0
2019-01-12,2018,Crystal Palace,Watford,1.0,2.0,A,15.0,16.0,6.0,2.0,2.23,3.35,3.4,2.32,3.45,3.6
2019-01-12,2018,Leicester,Southampton,1.0,2.0,A,23.0,8.0,6.0,3.0,1.94,3.48,4.24,2.02,3.6,4.5
2019-01-12,2018,West Ham,Arsenal,1.0,0.0,H,11.0,11.0,3.0,2.0,3.43,3.8,2.06,3.6,4.0,2.11
2019-01-13,2018,Everton,Bournemouth,2.0,0.0,H,15.0,16.0,3.0,7.0,1.76,3.89,4.64,1.81,4.05,4.91
2019-01-13,2018,Tottenham,Man United,0.0,1.0,A,21.0,13.0,11.0,8.0,2.06,3.64,3.58,2.15,3.8,3.85
2019-01-14,2018,Man City,Wolves,3.0,0.0,H,24.0,3.0,9.0,0.0,1.19,7.34,15.63,1.22,8.5,18.0
2019-01-19,2018,Arsenal,Chelsea,2.0,0.0,H,13.0,13.0,5.0,1.0,3.01,3.54,2.34,3.11,3.66,2.4
2019-01-19,2018,Bournemouth,West Ham,2.0,0.0,H,10.0,9.0,4.0,1.0,2.35,3.59,2.96,2.4,3.71,3.1
2019-01-19,2018,Liverpool,Crystal Palace,4.0,3.0,H,19.0,9.0,9.0,3.0,1.19,7.18,15.52,1.22,7.75,18.0
2019-01-19,2018,Man United,Brighton,2.0,1.0,H,20.0,7.0,5.0,3.0,1.3,5.49,10.75,1.33,6.0,12.0
2019-01-19,2018,Newcastle,Cardiff,3.0,0.0,H,16.0,9.0,6.0,1.0,1.96,3.3,4.4,2.0,3.45,4.6
2019-01-19,2018,Southampton,Everton,2.0,1.0,H,11.0,7.0,4.0,2.0,2.7,3.34,2.7,2.8,3.44,2.78
2019-01-19,2018,Watford,Burnley,0.0,0.0,D,9.0,11.0,4.0,3.0,1.64,3.95,5.54,1.7,4.15,6.0
2019-01-19,2018,Wolves,Leicester,4.0,3.0,H,12.0,16.0,7.0,6.0,2.33,3.16,3.4,2.4,3.21,3.5
2019-01-20,2018,Fulham,Tottenham,1.0,2.0,A,12.0,14.0,4.0,5.0,5.28,3.64,1.73,5.5,3.8,1.77
2019-01-20,2018,Huddersfield,Man City,0.0,3.0,A,5.0,12.0,2.0,4.0,20.84,8.34,1.15,28.0,10.0,1.18
2019-01-29,2018,Arsenal,Cardiff,2.0,1.0,H,15.0,19.0,4.0,2.0,1.23,6.77,13.42,1.25,7.35,15.5
2019-01-29,2018,Fulham,Brighton,4.0,2.0,H,24.0,15.0,7.0,6.0,2.39,3.2,3.28,2.46,3.3,3.5
2019-01-29,2018,Huddersfield,Everton,0.0,1.0,A,10.0,10.0,2.0,5.0,3.96,3.28,2.08,4.1,3.38,2.14
2019-01-29,2018,Man United,Burnley,2.0,2.0,D,28.0,6.0,9.0,4.0,1.28,5.83,11.77,1.31,6.5,13.5
2019-01-29,2018,Newcastle,Man City,2.0,1.0,H,6.0,12.0,2.0,4.0,16.18,7.41,1.19,19.0,8.1,1.21
2019-01-29,2018,Wolves,West Ham,3.0,0.0,H,20.0,4.0,9.0,0.0,2.08,3.45,3.77,2.13,3.58,3.9
2019-01-30,2018,Bournemouth,Chelsea,4.0,0.0,H,12.0,11.0,7.0,7.0,5.42,4.1,1.63,5.75,4.35,1.67
2019-01-30,2018,Liverpool,Leicester,1.0,1.0,D,10.0,5.0,3.0,2.0,1.23,6.41,13.41,1.26,7.1,15.0
2019-01-30,2018,Southampton,Crystal Palace,1.0,1.0,D,13.0,15.0,4.0,3.0,2.35,3.32,3.18,2.45,3.4,3.29
2019-01-30,2018,Tottenham,Watford,2.0,1.0,H,17.0,9.0,3.0,1.0,1.64,3.95,5.54,1.68,4.11,6.05
2019-02-02,2018,Brighton,Watford,0.0,0.0,D,21.0,5.0,4.0,0.0,2.55,3.23,2.94,2.65,3.35,3.01
2019-02-02,2018,Burnley,Southampton,1.0,1.0,D,15.0,10.0,6.0,4.0,2.54,3.32,2.88,2.6,3.5,3.0
2019-02-02,2018,Cardiff,Bournemouth,2.0,0.0,H,12.0,9.0,5.0,2.0,3.15,3.41,2.32,3.31,3.5,2.42
2019-02-02,2018,Chelsea,Huddersfield,5.0,0.0,H,23.0,5.0,7.0,2.0,1.2,6.81,15.53,1.23,7.5,19.0
2019-02-02,2018,Crystal Palace,Fulham,2.0,0.0,H,17.0,8.0,6.0,0.0,2.02,3.47,3.84,2.12,3.6,4.0
2019-02-02,2018,Everton,Wolves,1.0,3.0,A,13.0,8.0,4.0,4.0,2.36,3.31,3.16,2.45,3.4,3.3
2019-02-02,2018,Tottenham,Newcastle,1.0,0.0,H,21.0,8.0,4.0,2.0,1.43,4.41,8.72,1.47,4.8,9.5
2019-02-03,2018,Leicester,Man United,0.0,1.0,A,17.0,10.0,6.0,6.0,3.63,3.41,2.11,3.84,3.53,2.17
2019-02-03,2018,Man City,Arsenal,3.0,1.0,H,19.0,4.0,12.0,2.0,1.3,6.0,9.23,1.35,6.45,10.5
2019-02-04,2018,West Ham,Liverpool,1.0,1.0,D,13.0,11.0,2.0,6.0,7.95,5.14,1.38,9.25,5.45,1.43
2019-02-06,2018,Everton,Man City,0.0,2.0,A,4.0,15.0,1.0,4.0,9.41,5.78,1.31,11.0,6.25,1.35
2019-02-09,2018,Brighton,Burnley,1.0,3.0,A,16.0,9.0,6.0,5.0,2.04,3.28,4.05,2.1,3.41,4.33
2019-02-09,2018,Crystal Palace,West Ham,1.0,1.0,D,25.0,6.0,5.0,4.0,2.11,3.4,3.65,2.18,3.5,3.8
2019-02-09,2018,Fulham,Man United,0.0,3.0,A,15.0,15.0,3.0,7.0,5.31,4.25,1.62,5.69,4.43,1.65
2019-02-09,2018,Huddersfield,Arsenal,1.0,2.0,A,15.0,9.0,6.0,4.0,5.6,4.14,1.61,6.0,4.4,1.66
2019-02-09,2018,Liverpool,Bournemouth,3.0,0.0,H,20.0,12.0,9.0,2.0,1.2,7.17,14.53,1.22,7.7,17.0
2019-02-09,2018,Southampton,Cardiff,1.0,2.0,A,14.0,6.0,7.0,3.0,1.76,3.7,4.89,1.81,3.9,5.2
2019-02-09,2018,Watford,Everton,1.0,0.0,H,7.0,9.0,2.0,4.0,2.34,3.37,3.15,2.45,3.5,3.25
2019-02-10,2018,Man City,Chelsea,6.0,0.0,H,15.0,12.0,9.0,4.0,1.5,4.45,6.57,1.55,4.75,7.04
2019-02-10,2018,Tottenham,Leicester,3.0,1.0,H,12.0,20.0,5.0,9.0,1.69,3.81,5.32,1.73,4.03,5.75
2019-02-11,2018,Wolves,Newcastle,1.0,1.0,D,22.0,9.0,6.0,3.0,1.69,3.67,5.56,1.73,3.82,6.0
2019-02-22,2018,Cardiff,Watford,1.0,5.0,A,15.0,12.0,6.0,7.0,3.06,3.31,2.44,3.28,3.4,2.5
2019-02-22,2018,West Ham,Fulham,3.0,1.0,H,21.0,8.0,7.0,5.0,1.93,3.71,4.03,1.98,3.8,4.3
2019-02-23,2018,Bournemouth,Wolves,1.0,1.0,D,10.0,10.0,3.0,2.0,2.83,3.28,2.61,2.9,3.4,2.72
2019-02-23,2018,Burnley,Tottenham,2.0,1.0,H,10.0,17.0,4.0,6.0,5.29,3.79,1.7,5.75,3.99,1.74
2019-02-23,2018,Leicester,Crystal Palace,1.0,4.0,A,27.0,7.0,5.0,5.0,2.21,3.3,3.5,2.25,3.4,3.7
2019-02-23,2018,Newcastle,Huddersfield,2.0,0.0,H,29.0,3.0,12.0,1.0,1.83,3.39,4.99,1.87,3.5,5.5
2019-02-24,2018,Arsenal,Southampton,2.0,0.0,H,12.0,10.0,4.0,4.0,1.51,4.46,6.46,1.54,4.75,7.0
2019-02-24,2018,Man United,Liverpool,0.0,0.0,D,6.0,7.0,3.0,1.0,3.06,3.48,2.34,3.2,3.63,2.4
2019-02-26,2018,Cardiff,Everton,0.0,3.0,A,6.0,12.0,0.0,4.0,3.72,3.33,2.13,3.9,3.45,2.2
2019-02-26,2018,Huddersfield,Wolves,1.0,0.0,H,15.0,7.0,3.0,0.0,5.01,3.39,1.84,5.25,3.55,1.89
2019-02-26,2018,Leicester,Brighton,2.0,1.0,H,19.0,15.0,3.0,3.0,1.93,3.4,4.42,2.0,3.5,4.75
2019-02-26,2018,Newcastle,Burnley,2.0,0.0,H,12.0,12.0,3.0,2.0,2.13,3.27,3.82,2.2,3.35,4.0
2019-02-27,2018,Arsenal,Bournemouth,5.0,1.0,H,16.0,13.0,6.0,5.0,1.44,4.79,7.17,1.46,5.0,8.25
2019-02-27,2018,Chelsea,Tottenham,2.0,0.0,H,11.0,9.0,1.0,0.0,2.28,3.4,3.23,2.4,3.52,3.38
2019-02-27,2018,Crystal Palace,Man United,1.0,3.0,A,17.0,13.0,2.0,4.0,3.18,3.38,2.32,3.3,3.5,2.4
2019-02-27,2018,Liverpool,Watford,5.0,0.0,H,19.0,5.0,10.0,3.0,1.29,5.74,11.26,1.32,6.25,13.0
2019-02-27,2018,Man City,West Ham,1.0,0.0,H,20.0,2.0,7.0,1.0,1.16,8.12,17.75,1.18,9.25,21.0
2019-02-27,2018,Southampton,Fulham,2.0,0.0,H,14.0,14.0,4.0,4.0,1.91,3.57,4.21,1.97,3.7,4.4
2019-03-02,2018,Bournemouth,Man City,0.0,1.0,A,0.0,23.0,0.0,7.0,12.42,6.98,1.22,15.0,7.5,1.25
2019-03-02,2018,Brighton,Huddersfield,1.0,0.0,H,13.0,6.0,4.0,4.0,1.82,3.39,5.1,1.86,3.6,5.4
2019-03-02,2018,Burnley,Crystal Palace,1.0,3.0,A,18.0,10.0,4.0,4.0,2.81,3.24,2.65,2.9,3.32,2.82
2019-03-02,2018,Man United,Southampton,3.0,2.0,H,16.0,6.0,6.0,3.0,1.45,4.47,7.67,1.5,4.75,8.5
2019-03-02,2018,Tottenham,Arsenal,1.0,1.0,D,10.0,9.0,3.0,4.0,2.04,3.61,3.65,2.12,3.8,3.8
2019-03-02,2018,West Ham,Newcastle,2.0,0.0,H,10.0,17.0,4.0,2.0,2.09,3.44,3.66,2.15,3.56,3.81
2019-03-02,2018,Wolves,Cardiff,2.0,0.0,H,13.0,12.0,6.0,4.0,1.51,4.21,7.13,1.55,4.37,8.0
2019-03-03,2018,Everton,Liverpool,0.0,0.0,D,7.0,10.0,3.0,3.0,5.64,3.98,1.63,6.0,4.2,1.67
2019-03-03,2018,Fulham,Chelsea,1.0,2.0,A,12.0,20.0,5.0,7.0,6.25,4.43,1.52,7.0,4.68,1.55
2019-03-03,2018,Watford,Leicester,2.0,1.0,H,6.0,14.0,5.0,2.0,2.46,3.33,2.97,2.6,3.45,3.13
2019-03-09,2018,Cardiff,West Ham,2.0,0.0,H,16.0,9.0,7.0,2.0,3.45,3.42,2.19,3.61,3.52,2.25
2019-03-09,2018,Crystal Palace,Brighton,1.0,2.0,A,15.0,4.0,3.0,3.0,1.85,3.48,4.72,1.89,3.6,5.0
2019-03-09,2018,Huddersfield,Bournemouth,0.0,2.0,A,8.0,8.0,1.0,5.0,3.4,3.24,2.29,3.6,3.32,2.4
2019-03-09,2018,Leicester,Fulham,3.0,1.0,H,18.0,6.0,8.0,3.0,1.6,4.3,5.58,1.62,4.5,6.0
2019-03-09,2018,Man City,Watford,3.0,1.0,H,19.0,2.0,9.0,1.0,1.15,8.5,18.41,1.17,9.5,21.0
2019-03-09,2018,Newcastle,Everton,3.0,2.0,H,19.0,7.0,7.0,3.0,2.79,3.14,2.76,2.88,3.25,2.85
2019-03-09,2018,Southampton,Tottenham,2.0,1.0,H,12.0,16.0,4.0,5.0,4.26,3.74,1.87,4.75,3.9,1.9
2019-03-10,2018,Arsenal,Man United,2.0,0.0,H,14.0,14.0,3.0,4.0,2.38,3.52,2.96,2.48,3.65,3.1
2019-03-10,2018,Chelsea,Wolves,1.0,1.0,D,22.0,2.0,6.0,1.0,1.56,4.03,6.53,1.6,4.4,7.2
2019-03-10,2018,Liverpool,Burnley,4.0,2.0,H,23.0,3.0,5.0,2.0,1.17,7.66,17.74,1.2,8.5,22.0
2019-03-16,2018,Bournemouth,Newcastle,2.0,2.0,D,10.0,12.0,3.0,4.0,2.08,3.42,3.7,2.14,3.6,3.8
2019-03-16,2018,Burnley,Leicester,1.0,2.0,A,13.0,9.0,2.0,4.0,3.06,3.31,2.42,3.2,3.43,2.52
2019-03-16,2018,West Ham,Huddersfield,4.0,3.0,H,16.0,15.0,5.0,5.0,1.57,4.02,6.45,1.6,4.3,7.25
2019-03-17,2018,Everton,Chelsea,2.0,0.0,H,15.0,16.0,8.0,5.0,4.0,3.57,1.95,4.4,3.8,2.0
2019-03-17,2018,Fulham,Liverpool,1.0,2.0,A,7.0,16.0,2.0,6.0,11.67,6.31,1.25,15.0,7.0,1.28
2019-03-30,2018,Brighton,Southampton,0.0,1.0,A,14.0,8.0,1.0,2.0,2.57,3.09,3.05,2.65,3.2,3.15
2019-03-30,2018,Burnley,Wolves,2.0,0.0,H,5.0,8.0,1.0,1.0,3.15,3.17,2.45,3.25,3.3,2.56
2019-03-30,2018,Crystal Palace,Huddersfield,2.0,0.0,H,19.0,15.0,5.0,5.0,1.46,4.29,8.16,1.5,4.5,9.0
2019-03-30,2018,Fulham,Man City,0.0,2.0,A,5.0,24.0,0.0,7.0,19.78,9.49,1.13,23.0,11.0,1.16
2019-03-30,2018,Leicester,Bournemouth,2.0,0.0,H,18.0,8.0,4.0,2.0,1.83,3.79,4.34,1.9,4.0,4.6
2019-03-30,2018,Man United,Watford,2.0,1.0,H,8.0,20.0,5.0,8.0,1.44,4.71,7.46,1.47,4.92,8.5
2019-03-30,2018,West Ham,Everton,0.0,2.0,A,3.0,17.0,1.0,9.0,2.53,3.41,2.84,2.65,3.5,2.94
2019-03-31,2018,Cardiff,Chelsea,1.0,2.0,A,8.0,21.0,3.0,3.0,8.08,4.47,1.44,9.05,4.65,1.47
2019-03-31,2018,Liverpool,Tottenham,2.0,1.0,H,14.0,11.0,3.0,2.0,1.61,4.13,5.62,1.65,4.33,6.0
2019-04-01,2018,Arsenal,Newcastle,2.0,0.0,H,7.0,3.0,4.0,1.0,1.39,4.95,8.36,1.42,5.3,9.5
2019-04-02,2018,Watford,Fulham,4.0,1.0,H,15.0,17.0,7.0,7.0,1.74,3.86,4.85,1.78,4.0,5.25
2019-04-02,2018,Wolves,Man United,2.0,1.0,H,9.0,18.0,2.0,4.0,3.98,3.51,1.99,4.2,3.62,2.1
2019-04-03,2018,Chelsea,Brighton,3.0,0.0,H,17.0,3.0,4.0,1.0,1.26,5.79,13.11,1.29,6.5,15.5
2019-04-03,2018,Man City,Cardiff,2.0,0.0,H,27.0,4.0,11.0,1.0,1.06,14.37,40.61,1.08,17.25,60.0
2019-04-03,2018,Tottenham,Crystal Palace,2.0,0.0,H,26.0,5.0,10.0,1.0,1.47,4.61,7.04,1.5,5.0,7.75
2019-04-05,2018,Southampton,Liverpool,1.0,3.0,A,11.0,17.0,1.0,5.0,8.68,4.89,1.39,10.0,5.2,1.45
2019-04-06,2018,Bournemouth,Burnley,1.0,3.0,A,10.0,11.0,2.0,3.0,2.07,3.55,3.63,2.14,3.65,3.75
2019-04-06,2018,Huddersfield,Leicester,1.0,4.0,A,10.0,18.0,4.0,9.0,5.02,3.8,1.73,5.5,4.0,1.77
2019-04-06,2018,Newcastle,Crystal Palace,0.0,1.0,A,18.0,3.0,5.0,1.0,2.53,3.19,3.02,2.61,3.3,3.1
2019-04-07,2018,Everton,Arsenal,1.0,0.0,H,23.0,7.0,6.0,2.0,3.02,3.6,2.32,3.15,3.75,2.42
2019-04-08,2018,Chelsea,West Ham,2.0,0.0,H,16.0,9.0,7.0,2.0,1.33,5.55,9.25,1.4,6.0,11.0
2019-04-12,2018,Leicester,Newcastle,0.0,1.0,A,12.0,11.0,5.0,5.0,1.65,3.87,5.77,1.69,4.1,6.25
2019-04-13,2018,Brighton,Bournemouth,0.0,5.0,A,8.0,14.0,1.0,7.0,2.28,3.32,3.35,2.33,3.45,3.5
2019-04-13,2018,Burnley,Cardiff,2.0,0.0,H,14.0,14.0,7.0,2.0,1.9,3.54,4.33,1.95,3.75,4.6
2019-04-13,2018,Fulham,Everton,2.0,0.0,H,12.0,8.0,5.0,1.0,4.63,3.93,1.75,5.0,4.1,1.8
2019-04-13,2018,Man United,West Ham,2.0,1.0,H,14.0,18.0,4.0,4.0,1.4,5.03,7.9,1.42,5.3,9.0
2019-04-13,2018,Southampton,Wolves,3.0,1.0,H,13.0,17.0,6.0,2.0,2.59,3.15,2.98,2.7,3.25,3.15
2019-04-13,2018,Tottenham,Huddersfield,4.0,0.0,H,22.0,7.0,5.0,1.0,1.22,6.77,14.24,1.25,7.25,18.0
2019-04-14,2018,Crystal Palace,Man City,1.0,3.0,A,7.0,20.0,3.0,6.0,10.05,5.51,1.32,11.5,6.0,1.35
2019-04-14,2018,Liverpool,Chelsea,2.0,0.0,H,15.0,6.0,7.0,3.0,1.66,4.05,5.2,1.71,4.25,5.5
2019-04-15,2018,Watford,Arsenal,0.0,1.0,A,11.0,19.0,3.0,6.0,3.13,3.72,2.2,3.25,3.9,2.25
2019-04-16,2018,Brighton,Cardiff,0.0,2.0,A,14.0,10.0,2.0,3.0,2.0,3.24,4.29,2.05,3.34,4.75
2019-04-20,2018,Bournemouth,Fulham,0.0,1.0,A,15.0,17.0,5.0,5.0,1.66,4.22,4.9,1.7,4.4,5.25
2019-04-20,2018,Huddersfield,Watford,1.0,2.0,A,13.0,11.0,3.0,6.0,4.34,3.69,1.85,4.6,3.9,1.89
2019-04-20,2018,Man City,Tottenham,1.0,0.0,H,15.0,10.0,4.0,4.0,1.28,6.06,10.35,1.32,6.6,12.0
2019-04-20,2018,Newcastle,Southampton,3.0,1.0,H,15.0,15.0,6.0,3.0,2.48,3.12,3.16,2.59,3.25,3.26
2019-04-20,2018,West Ham,Leicester,2.0,2.0,D,11.0,11.0,3.0,5.0,3.13,3.45,2.3,3.3,3.55,2.4
2019-04-20,2018,Wolves,Brighton,0.0,0.0,D,22.0,5.0,5.0,0.0,1.76,3.44,5.46,1.8,3.6,6.0
2019-04-21,2018,Arsenal,Crystal Palace,2.0,3.0,A,12.0,16.0,5.0,7.0,1.54,4.44,6.03,1.56,4.77,7.2
2019-04-21,2018,Cardiff,Liverpool,0.0,2.0,A,7.0,17.0,2.0,6.0,14.94,6.66,1.21,18.0,7.5,1.23
2019-04-21,2018,Everton,Man United,4.0,0.0,H,15.0,7.0,8.0,1.0,3.17,3.44,2.3,3.3,3.6,2.35
2019-04-22,2018,Chelsea,Burnley,2.0,2.0,D,22.0,6.0,9.0,3.0,1.26,5.95,12.42,1.29,6.6,15.0
2019-04-23,2018,Tottenham,Brighton,1.0,0.0,H,29.0,6.0,5.0,1.0,1.29,5.53,11.88,1.33,6.0,13.8
2019-04-23,2018,Watford,Southampton,1.0,1.0,D,15.0,8.0,4.0,4.0,2.25,3.43,3.3,2.3,3.53,3.4
2019-04-24,2018,Man United,Man City,0.0,2.0,A,12.0,8.0,1.0,5.0,6.79,4.73,1.46,7.5,5.05,1.5
2019-04-24,2018,Wolves,Arsenal,3.0,1.0,H,11.0,11.0,3.0,1.0,2.89,3.41,2.48,3.0,3.5,2.57
2019-04-26,2018,Liverpool,Huddersfield,5.0,0.0,H,21.0,5.0,7.0,1.0,1.07,13.61,36.37,1.09,17.0,51.0
2019-04-27,2018,Brighton,Newcastle,1.0,1.0,D,9.0,9.0,2.0,1.0,2.31,3.14,3.45,2.4,3.25,3.6
2019-04-27,2018,Crystal Palace,Everton,0.0,0.0,D,8.0,22.0,0.0,3.0,2.61,3.37,2.76,2.72,3.5,2.88
2019-04-27,2018,Fulham,Cardiff,1.0,0.0,H,8.0,13.0,2.0,8.0,2.37,3.56,2.93,2.45,3.71,3.1
2019-04-27,2018,Southampton,Bournemouth,3.0,3.0,D,22.0,9.0,7.0,5.0,1.91,3.72,4.03,1.95,3.9,4.3
2019-04-27,2018,Tottenham,West Ham,0.0,1.0,A,14.0,16.0,4.0,7.0,1.43,4.91,7.14,1.45,5.5,7.8
2019-04-27,2018,Watford,Wolves,1.0,2.0,A,10.0,11.0,1.0,4.0,2.58,3.23,2.9,2.7,3.35,3.0
2019-04-28,2018,Burnley,Man City,0.0,1.0,A,2.0,25.0,0.0,7.0,19.65,8.43,1.15,25.0,9.6,1.17
2019-04-28,2018,Leicester,Arsenal,3.0,0.0,H,24.0,6.0,12.0,1.0,2.68,3.63,2.54,2.75,3.77,2.65
2019-04-28,2018,Man United,Chelsea,1.0,1.0,D,7.0,16.0,5.0,3.0,2.67,3.38,2.69,2.75,3.5,2.8
2019-05-03,2018,Everton,Burnley,2.0,0.0,H,20.0,5.0,6.0,1.0,1.66,3.88,5.6,1.7,4.1,6.1
2019-05-04,2018,Bournemouth,Tottenham,1.0,0.0,H,20.0,11.0,6.0,5.0,4.0,3.83,1.89,4.2,4.0,1.94
2019-05-04,2018,Cardiff,Crystal Palace,2.0,3.0,A,18.0,21.0,8.0,7.0,2.59,3.57,2.68,2.66,3.75,2.75
2019-05-04,2018,Newcastle,Liverpool,2.0,3.0,A,14.0,11.0,7.0,4.0,9.91,4.98,1.35,11.0,5.35,1.37
2019-05-04,2018,West Ham,Southampton,3.0,0.0,H,17.0,11.0,6.0,1.0,2.3,3.64,3.02,2.35,3.75,3.15
2019-05-04,2018,Wolves,Fulham,1.0,0.0,H,19.0,6.0,6.0,2.0,1.55,4.12,6.52,1.57,4.35,7.5
2019-05-05,2018,Arsenal,Brighton,1.0,1.0,D,20.0,11.0,8.0,5.0,1.41,4.69,8.3,1.44,5.0,9.25
2019-05-05,2018,Chelsea,Watford,3.0,0.0,H,19.0,15.0,9.0,3.0,1.4,4.95,8.13,1.42,5.3,9.0
2019-05-05,2018,Huddersfield,Man United,1.0,1.0,D,7.0,23.0,3.0,7.0,9.95,5.37,1.33,12.0,6.0,1.35
2019-05-06,2018,Man City,Leicester,1.0,0.0,H,19.0,7.0,5.0,2.0,1.16,8.29,16.95,1.18,9.5,20.0
2019-05-12,2018,Brighton,Man City,1.0,4.0,A,6.0,20.0,2.0,9.0,16.94,8.03,1.16,21.0,8.75,1.18
2019-05-12,2018,Burnley,Arsenal,1.0,3.0,A,14.0,17.0,5.0,6.0,3.14,3.74,2.2,3.3,3.9,2.3
2019-05-12,2018,Crystal Palace,Bournemouth,5.0,3.0,H,17.0,16.0,8.0,8.0,1.87,4.0,3.87,1.91,4.2,4.1
2019-05-12,2018,Fulham,Newcastle,0.0,4.0,A,16.0,13.0,2.0,6.0,2.5,3.53,2.78,2.57,3.65,2.9
2019-05-12,2018,Leicester,Chelsea,0.0,0.0,D,9.0,14.0,3.0,4.0,2.4,3.57,2.89,2.45,3.75,3.05
2019-05-12,2018,Liverpool,Wolves,2.0,0.0,H,13.0,7.0,5.0,2.0,1.3,5.62,10.17,1.33,6.0,11.5
2019-05-12,2018,Man United,Cardiff,0.0,2.0,A,26.0,13.0,10.0,4.0,1.28,6.18,10.1,1.31,6.75,11.0
2019-05-12,2018,Southampton,Huddersfield,1.0,1.0,D,10.0,10.0,3.0,3.0,1.42,4.81,7.64,1.45,5.15,8.75
2019-05-12,2018,Tottenham,Everton,2.0,2.0,D,11.0,17.0,3.0,9.0,2.09,3.51,3.58,2.2,3.7,3.8
2019-05-12,2018,Watford,West Ham,1.0,4.0,A,17.0,16.0,8.0,9.0,2.2,3.73,3.13,2.26,3.9,3.25
2019-08-09,2019,Liverpool,Norwich,4.0,1.0,H,15.0,12.0,7.0,5.0,1.14,8.75,19.83,1.16,10.0,23.0
2019-08-10,2019,Bournemouth,Sheffield United,1.0,1.0,D,13.0,8.0,3.0,3.0,2.01,3.53,3.83,2.06,3.65,4.0
2019-08-10,2019,Burnley,Southampton,3.0,0.0,H,10.0,11.0,4.0,3.0,2.68,3.22,2.78,2.8,3.33,2.85
2019-08-10,2019,Crystal Palace,Everton,0.0,0.0,D,6.0,10.0,2.0,3.0,3.13,3.27,2.4,3.21,3.4,2.52
2019-08-10,2019,Tottenham,Aston Villa,3.0,1.0,H,31.0,7.0,7.0,4.0,1.3,5.53,10.51,1.33,5.95,12.0
2019-08-10,2019,Watford,Brighton,0.0,3.0,A,11.0,5.0,3.0,3.0,1.94,3.41,4.26,2.0,3.5,4.6
2019-08-10,2019,West Ham,Man City,0.0,5.0,A,5.0,14.0,3.0,9.0,11.84,6.28,1.25,13.0,6.75,1.29
2019-08-11,2019,Leicester,Wolves,0.0,0.0,D,15.0,8.0,1.0,2.0,2.22,3.28,3.48,2.29,3.38,3.66
2019-08-11,2019,Man United,Chelsea,4.0,0.0,H,11.0,18.0,5.0,7.0,2.19,3.32,3.49,2.28,3.43,3.63
2019-08-11,2019,Newcastle,Arsenal,0.0,1.0,A,9.0,8.0,2.0,2.0,4.49,3.82,1.79,4.7,4.0,1.83
2019-08-17,2019,Arsenal,Burnley,2.0,1.0,H,16.0,18.0,9.0,5.0,1.33,5.49,9.48,1.36,5.75,11.0
2019-08-17,2019,Aston Villa,Bournemouth,1.0,2.0,A,22.0,12.0,7.0,4.0,2.33,3.49,3.08,2.42,3.64,3.2
2019-08-17,2019,Brighton,West Ham,1.0,1.0,D,16.0,8.0,4.0,3.0,2.52,3.33,2.9,2.65,3.42,3.0
2019-08-17,2019,Everton,Watford,1.0,0.0,H,12.0,8.0,2.0,2.0,1.73,3.9,4.86,1.8,4.05,5.2
2019-08-17,2019,Man City,Tottenham,2.0,2.0,D,30.0,3.0,10.0,2.0,1.36,5.32,8.46,1.4,5.5,9.0
2019-08-17,2019,Norwich,Newcastle,3.0,1.0,H,15.0,10.0,8.0,3.0,2.23,3.38,3.38,2.3,3.5,3.5
2019-08-17,2019,Southampton,Liverpool,1.0,2.0,A,14.0,15.0,3.0,6.0,6.77,4.67,1.47,7.5,4.9,1.52
2019-08-18,2019,Chelsea,Leicester,1.0,1.0,D,14.0,12.0,5.0,3.0,1.73,3.77,5.07,1.77,4.0,5.35
2019-08-18,2019,Sheffield United,Crystal Palace,1.0,0.0,H,15.0,6.0,3.0,4.0,2.57,3.19,2.95,2.65,3.35,3.1
2019-08-19,2019,Wolves,Man United,1.0,1.0,D,6.0,9.0,2.0,2.0,3.32,3.28,2.3,3.41,3.4,2.35
2019-08-23,2019,Aston Villa,Everton,2.0,0.0,H,7.0,12.0,3.0,1.0,3.16,3.5,2.27,3.26,3.72,2.35
2019-08-24,2019,Brighton,Southampton,0.0,2.0,A,12.0,12.0,3.0,4.0,2.43,3.25,3.08,2.55,3.4,3.2
2019-08-24,2019,Liverpool,Arsenal,3.0,1.0,H,25.0,9.0,5.0,3.0,1.5,4.76,6.09,1.53,5.0,6.5
2019-08-24,2019,Man United,Crystal Palace,1.0,2.0,A,22.0,5.0,3.0,3.0,1.36,5.06,9.16,1.39,5.3,10.75
2019-08-24,2019,Norwich,Chelsea,2.0,3.0,A,6.0,23.0,5.0,8.0,4.18,3.92,1.83,4.4,4.07,1.87
2019-08-24,2019,Sheffield United,Leicester,1.0,2.0,A,8.0,10.0,3.0,2.0,3.45,3.23,2.26,3.6,3.34,2.32
2019-08-24,2019,Watford,West Ham,1.0,3.0,A,23.0,16.0,3.0,10.0,2.13,3.53,3.47,2.2,3.65,3.65
2019-08-25,2019,Bournemouth,Man City,1.0,3.0,A,10.0,19.0,7.0,5.0,14.52,7.28,1.19,17.0,8.0,1.22
2019-08-25,2019,Tottenham,Newcastle,0.0,1.0,A,17.0,8.0,2.0,3.0,1.24,6.26,12.35,1.27,6.75,14.0
2019-08-25,2019,Wolves,Burnley,1.0,1.0,D,17.0,13.0,2.0,4.0,1.85,3.43,4.78,1.9,3.55,5.06
2019-08-31,2019,Burnley,Liverpool,0.0,3.0,A,7.0,15.0,2.0,7.0,9.45,5.43,1.33,11.0,5.7,1.37
2019-08-31,2019,Chelsea,Sheffield United,2.0,2.0,D,13.0,8.0,5.0,2.0,1.36,4.98,9.53,1.4,5.3,10.75
2019-08-31,2019,Crystal Palace,Aston Villa,1.0,0.0,H,22.0,10.0,5.0,2.0,2.21,3.38,3.43,2.27,3.46,3.6
2019-08-31,2019,Leicester,Bournemouth,3.0,1.0,H,13.0,8.0,5.0,2.0,1.72,4.02,4.81,1.77,4.12,5.0
2019-08-31,2019,Man City,Brighton,4.0,0.0,H,15.0,6.0,6.0,2.0,1.09,11.73,30.92,1.1,13.01,36.0
2019-08-31,2019,Newcastle,Watford,1.0,1.0,D,13.0,13.0,5.0,3.0,2.63,3.24,2.86,2.73,3.32,3.0
2019-08-31,2019,Southampton,Man United,1.0,1.0,D,10.0,21.0,2.0,8.0,3.75,3.38,2.1,3.9,3.48,2.15
2019-08-31,2019,West Ham,Norwich,2.0,0.0,H,18.0,8.0,8.0,3.0,1.89,3.91,3.92,1.94,4.03,4.1
2019-09-01,2019,Arsenal,Tottenham,2.0,2.0,D,26.0,13.0,8.0,9.0,2.38,3.63,2.9,2.43,3.75,3.0
2019-09-01,2019,Everton,Wolves,3.0,2.0,H,15.0,8.0,6.0,5.0,2.17,3.29,3.65,2.22,3.4,3.85
2019-09-14,2019,Brighton,Burnley,1.0,1.0,D,14.0,7.0,5.0,1.0,2.15,3.34,3.62,2.2,3.42,3.8
2019-09-14,2019,Liverpool,Newcastle,3.0,1.0,H,21.0,8.0,9.0,1.0,1.15,8.27,19.45,1.18,9.15,23.0
2019-09-14,2019,Man United,Leicester,1.0,0.0,H,10.0,9.0,5.0,3.0,1.94,3.55,4.12,2.0,3.8,4.5
2019-09-14,2019,Norwich,Man City,3.0,2.0,H,7.0,25.0,3.0,8.0,17.04,9.03,1.15,21.0,9.85,1.18
2019-09-14,2019,Sheffield United,Southampton,0.0,1.0,A,17.0,11.0,4.0,7.0,2.46,3.26,3.06,2.55,3.35,3.15
2019-09-14,2019,Tottenham,Crystal Palace,4.0,0.0,H,13.0,11.0,5.0,6.0,1.39,5.0,8.24,1.45,5.25,9.0
2019-09-14,2019,Wolves,Chelsea,2.0,5.0,A,11.0,15.0,4.0,6.0,2.97,3.36,2.46,3.07,3.43,2.6
2019-09-15,2019,Bournemouth,Everton,3.0,1.0,H,13.0,14.0,6.0,5.0,3.01,3.48,2.37,3.1,3.55,2.5
2019-09-15,2019,Watford,Arsenal,2.0,2.0,D,31.0,10.0,7.0,4.0,3.64,3.74,2.01,3.9,3.9,2.08
2019-09-16,2019,Aston Villa,West Ham,0.0,0.0,D,10.0,13.0,5.0,1.0,2.64,3.56,2.63,2.7,3.67,2.7
2019-09-20,2019,Southampton,Bournemouth,1.0,3.0,A,25.0,6.0,6.0,3.0,2.1,3.62,3.5,2.17,3.7,3.7
2019-09-21,2019,Burnley,Norwich,2.0,0.0,H,13.0,11.0,6.0,2.0,1.99,3.76,3.67,2.05,3.9,3.8
2019-09-21,2019,Everton,Sheffield United,0.0,2.0,A,16.0,2.0,3.0,1.0,1.67,3.8,5.58,1.71,4.0,6.0
2019-09-21,2019,Leicester,Tottenham,2.0,1.0,H,16.0,11.0,7.0,4.0,2.87,3.5,2.45,2.95,3.6,2.55
2019-09-21,2019,Man City,Watford,8.0,0.0,H,28.0,5.0,11.0,4.0,1.11,10.24,23.21,1.13,11.5,31.0
2019-09-21,2019,Newcastle,Brighton,0.0,0.0,D,11.0,16.0,4.0,3.0,2.5,3.16,3.07,2.55,3.28,3.2
2019-09-22,2019,Arsenal,Aston Villa,3.0,2.0,H,21.0,14.0,6.0,9.0,1.42,4.9,7.49,1.45,5.05,8.25
2019-09-22,2019,Chelsea,Liverpool,1.0,2.0,A,13.0,6.0,2.0,3.0,3.58,3.69,2.04,3.75,3.83,2.1
2019-09-22,2019,Crystal Palace,Wolves,1.0,1.0,D,13.0,14.0,4.0,4.0,2.64,3.11,2.93,2.7,3.2,3.0
2019-09-22,2019,West Ham,Man United,2.0,0.0,H,8.0,9.0,6.0,3.0,3.24,3.59,2.21,3.45,3.72,2.28
2019-09-28,2019,Aston Villa,Burnley,2.0,2.0,D,16.0,10.0,3.0,3.0,2.38,3.38,3.08,2.45,3.47,3.18
2019-09-28,2019,Bournemouth,West Ham,2.0,2.0,D,13.0,17.0,5.0,6.0,2.48,3.56,2.79,2.58,3.65,2.9
2019-09-28,2019,Chelsea,Brighton,2.0,0.0,H,24.0,8.0,10.0,1.0,1.44,4.64,7.64,1.47,4.8,8.5
2019-09-28,2019,Crystal Palace,Norwich,2.0,0.0,H,15.0,10.0,3.0,3.0,1.94,3.75,3.88,2.0,3.85,4.0
2019-09-28,2019,Everton,Man City,1.0,3.0,A,12.0,20.0,8.0,9.0,9.84,5.86,1.3,11.0,6.35,1.33
2019-09-28,2019,Sheffield United,Liverpool,0.0,1.0,A,12.0,16.0,2.0,4.0,8.9,5.17,1.36,10.0,5.4,1.39
2019-09-28,2019,Tottenham,Southampton,2.0,1.0,H,9.0,14.0,4.0,6.0,1.44,4.67,7.61,1.49,4.8,8.18
2019-09-28,2019,Wolves,Watford,2.0,0.0,H,6.0,14.0,2.0,5.0,1.89,3.49,4.46,1.95,3.6,4.7
2019-09-29,2019,Leicester,Newcastle,5.0,0.0,H,13.0,3.0,5.0,0.0,1.53,4.09,7.06,1.56,4.21,7.6
2019-09-30,2019,Man United,Arsenal,1.0,1.0,D,16.0,10.0,4.0,5.0,2.36,3.53,2.99,2.43,3.65,3.15
2019-10-05,2019,Brighton,Tottenham,3.0,0.0,H,17.0,8.0,6.0,3.0,3.9,3.63,1.96,4.1,3.75,2.02
2019-10-05,2019,Burnley,Everton,1.0,0.0,H,9.0,11.0,3.0,2.0,2.93,3.3,2.52,3.05,3.37,2.65
2019-10-05,2019,Liverpool,Leicester,2.0,1.0,H,18.0,2.0,8.0,1.0,1.46,4.66,7.0,1.5,4.85,7.7
2019-10-05,2019,Norwich,Aston Villa,1.0,5.0,A,21.0,22.0,5.0,12.0,2.41,3.6,2.85,2.5,3.75,2.95
2019-10-05,2019,Watford,Sheffield United,0.0,0.0,D,8.0,9.0,2.0,3.0,2.14,3.38,3.58,2.25,3.5,3.75
2019-10-05,2019,West Ham,Crystal Palace,1.0,2.0,A,9.0,7.0,4.0,4.0,2.0,3.58,3.8,2.05,3.7,4.0
2019-10-06,2019,Arsenal,Bournemouth,1.0,0.0,H,12.0,10.0,2.0,2.0,1.45,4.97,6.68,1.5,5.2,7.2
2019-10-06,2019,Man City,Wolves,0.0,2.0,A,18.0,7.0,2.0,2.0,1.13,9.26,21.61,1.14,10.5,28.0
2019-10-06,2019,Newcastle,Man United,1.0,0.0,H,12.0,12.0,2.0,3.0,4.42,3.44,1.9,4.6,3.55,1.95
2019-10-06,2019,Southampton,Chelsea,1.0,4.0,A,10.0,13.0,3.0,7.0,4.02,3.84,1.87,4.3,4.0,1.93
2019-10-19,2019,Aston Villa,Brighton,2.0,1.0,H,24.0,20.0,8.0,5.0,2.38,3.43,3.05,2.45,3.55,3.15
2019-10-19,2019,Bournemouth,Norwich,0.0,0.0,D,11.0,10.0,2.0,1.0,1.73,4.33,4.35,1.78,4.6,4.5
2019-10-19,2019,Chelsea,Newcastle,1.0,0.0,H,16.0,5.0,8.0,0.0,1.31,5.62,10.38,1.34,5.9,12.0
2019-10-19,2019,Crystal Palace,Man City,0.0,2.0,A,7.0,21.0,2.0,10.0,11.88,6.72,1.24,13.0,7.2,1.26
2019-10-19,2019,Everton,West Ham,2.0,0.0,H,19.0,8.0,10.0,4.0,1.97,3.71,3.81,2.02,3.9,4.0
2019-10-19,2019,Leicester,Burnley,2.0,1.0,H,19.0,13.0,3.0,4.0,1.57,4.09,6.37,1.62,4.3,6.8
2019-10-19,2019,Tottenham,Watford,1.0,1.0,D,12.0,7.0,2.0,2.0,1.42,4.9,7.48,1.45,5.1,8.0
2019-10-19,2019,Wolves,Southampton,1.0,1.0,D,4.0,14.0,1.0,5.0,1.85,3.58,4.52,1.9,3.75,4.75
2019-10-20,2019,Man United,Liverpool,1.0,1.0,D,7.0,10.0,2.0,4.0,5.03,3.96,1.7,5.5,4.1,1.74
2019-10-21,2019,Sheffield United,Arsenal,1.0,0.0,H,8.0,9.0,2.0,3.0,3.88,3.79,1.93,4.0,3.94,1.98
2019-10-25,2019,Southampton,Leicester,0.0,9.0,A,6.0,25.0,3.0,15.0,3.2,3.34,2.36,3.3,3.5,2.45
2019-10-26,2019,Brighton,Everton,3.0,2.0,H,8.0,10.0,4.0,6.0,2.87,3.3,2.58,2.95,3.46,2.65
2019-10-26,2019,Burnley,Chelsea,2.0,4.0,A,13.0,16.0,5.0,7.0,4.53,4.02,1.75,4.8,4.25,1.8
2019-10-26,2019,Man City,Aston Villa,3.0,0.0,H,25.0,11.0,9.0,5.0,1.09,11.64,28.3,1.11,13.25,35.0
2019-10-26,2019,Watford,Bournemouth,0.0,0.0,D,7.0,15.0,3.0,5.0,2.19,3.53,3.31,2.26,3.7,3.44
2019-10-26,2019,West Ham,Sheffield United,1.0,1.0,D,12.0,10.0,4.0,4.0,2.11,3.46,3.6,2.18,3.6,3.7
2019-10-27,2019,Arsenal,Crystal Palace,2.0,2.0,D,15.0,10.0,6.0,4.0,1.49,4.63,6.49,1.54,4.8,7.0
2019-10-27,2019,Liverpool,Tottenham,2.0,1.0,H,21.0,11.0,13.0,4.0,1.54,4.45,6.11,1.57,4.65,6.5
2019-10-27,2019,Newcastle,Wolves,1.0,1.0,D,13.0,13.0,2.0,5.0,3.02,3.09,2.59,3.1,3.2,2.7
2019-10-27,2019,Norwich,Man United,1.0,3.0,A,10.0,21.0,3.0,11.0,4.36,3.91,1.8,4.65,4.1,1.87
2019-11-02,2019,Arsenal,Wolves,1.0,1.0,D,10.0,25.0,4.0,8.0,1.78,3.8,4.65,1.83,4.0,4.85
2019-11-02,2019,Aston Villa,Liverpool,1.0,2.0,A,5.0,25.0,2.0,6.0,8.4,5.37,1.36,9.25,5.7,1.39
2019-11-02,2019,Bournemouth,Man United,1.0,0.0,H,12.0,15.0,6.0,4.0,3.33,3.55,2.19,3.44,3.7,2.26
2019-11-02,2019,Brighton,Norwich,2.0,0.0,H,21.0,7.0,5.0,0.0,1.71,4.17,4.65,1.75,4.4,5.0
2019-11-02,2019,Man City,Southampton,2.0,1.0,H,26.0,3.0,4.0,3.0,1.08,11.99,29.72,1.11,13.5,41.0
2019-11-02,2019,Sheffield United,Burnley,3.0,0.0,H,13.0,6.0,6.0,0.0,2.26,3.22,3.46,2.34,3.32,3.6
2019-11-02,2019,Watford,Chelsea,1.0,2.0,A,12.0,16.0,3.0,10.0,4.99,4.24,1.65,5.25,4.5,1.7
2019-11-02,2019,West Ham,Newcastle,2.0,3.0,A,16.0,12.0,6.0,9.0,1.79,3.82,4.55,1.84,3.95,4.75
2019-11-03,2019,Crystal Palace,Leicester,0.0,2.0,A,12.0,14.0,3.0,5.0,3.5,3.38,2.17,3.65,3.5,2.25
2019-11-03,2019,Everton,Tottenham,1.0,1.0,D,7.0,4.0,3.0,2.0,2.73,3.49,2.57,2.82,3.6,2.68
2019-11-08,2019,Norwich,Watford,0.0,2.0,A,17.0,12.0,5.0,2.0,2.68,3.57,2.6,2.75,3.65,2.72
2019-11-09,2019,Burnley,West Ham,3.0,0.0,H,14.0,7.0,12.0,4.0,2.27,3.55,3.13,2.33,3.73,3.3
2019-11-09,2019,Chelsea,Crystal Palace,2.0,0.0,H,23.0,3.0,5.0,1.0,1.34,5.35,9.29,1.37,5.6,10.25
2019-11-09,2019,Leicester,Arsenal,2.0,0.0,H,19.0,8.0,7.0,1.0,1.99,3.78,3.62,2.08,3.98,3.8
2019-11-09,2019,Newcastle,Bournemouth,2.0,1.0,H,20.0,16.0,9.0,3.0,2.64,3.21,2.84,2.72,3.5,2.95
2019-11-09,2019,Southampton,Everton,1.0,2.0,A,4.0,24.0,3.0,5.0,2.96,3.37,2.44,3.11,3.53,2.58
2019-11-09,2019,Tottenham,Sheffield United,1.0,1.0,D,17.0,14.0,5.0,4.0,1.58,4.14,6.02,1.63,4.34,6.5
2019-11-10,2019,Liverpool,Man City,3.0,1.0,H,12.0,18.0,5.0,3.0,2.56,3.58,2.68,2.7,3.75,2.78
2019-11-10,2019,Man United,Brighton,3.0,1.0,H,21.0,6.0,11.0,2.0,1.67,3.67,5.82,1.72,3.8,6.5
2019-11-10,2019,Wolves,Aston Villa,2.0,1.0,H,17.0,13.0,5.0,4.0,1.9,3.6,4.24,1.96,3.8,4.4
2019-11-23,2019,Arsenal,Southampton,2.0,2.0,D,12.0,21.0,5.0,6.0,1.47,4.75,6.55,1.52,5.0,7.0
2019-11-23,2019,Bournemouth,Wolves,1.0,2.0,A,9.0,17.0,2.0,7.0,2.82,3.3,2.59,2.9,3.41,2.7
2019-11-23,2019,Brighton,Leicester,0.0,2.0,A,7.0,19.0,0.0,9.0,3.69,3.53,2.04,3.85,3.7,2.1
2019-11-23,2019,Crystal Palace,Liverpool,1.0,2.0,A,16.0,12.0,6.0,4.0,7.33,4.62,1.45,8.0,4.84,1.48
2019-11-23,2019,Everton,Norwich,0.0,2.0,A,18.0,13.0,7.0,5.0,1.4,5.0,7.73,1.45,5.25,9.0
2019-11-23,2019,Man City,Chelsea,2.0,1.0,H,15.0,11.0,4.0,2.0,1.45,4.96,6.64,1.48,5.3,7.1
2019-11-23,2019,Watford,Burnley,0.0,3.0,A,15.0,11.0,4.0,5.0,2.33,3.31,3.2,2.4,3.51,3.35
2019-11-23,2019,West Ham,Tottenham,2.0,3.0,A,11.0,15.0,4.0,6.0,4.32,4.14,1.75,4.45,4.36,1.82
2019-11-24,2019,Sheffield United,Man United,3.0,3.0,D,12.0,11.0,8.0,5.0,3.55,3.28,2.18,3.68,3.4,2.25
2019-11-25,2019,Aston Villa,Newcastle,2.0,0.0,H,17.0,11.0,8.0,5.0,2.11,3.46,3.55,2.2,3.6,3.75
2019-11-30,2019,Burnley,Crystal Palace,0.0,2.0,A,15.0,7.0,4.0,2.0,2.31,3.26,3.3,2.38,3.35,3.5
2019-11-30,2019,Chelsea,West Ham,0.0,1.0,A,19.0,5.0,6.0,4.0,1.3,5.94,9.63,1.33,6.35,10.53
2019-11-30,2019,Liverpool,Brighton,2.0,1.0,H,15.0,12.0,7.0,5.0,1.21,6.85,14.67,1.23,7.25,17.25
2019-11-30,2019,Newcastle,Man City,2.0,2.0,D,6.0,24.0,3.0,9.0,15.11,7.59,1.18,18.0,8.3,1.21
2019-11-30,2019,Southampton,Watford,2.0,1.0,H,11.0,6.0,6.0,3.0,2.12,3.5,3.51,2.2,3.62,3.64
2019-11-30,2019,Tottenham,Bournemouth,3.0,2.0,H,15.0,20.0,5.0,6.0,1.38,5.19,7.86,1.41,5.5,8.5
2019-12-01,2019,Leicester,Everton,2.0,1.0,H,16.0,11.0,6.0,3.0,1.64,4.08,5.33,1.68,4.25,5.6
2019-12-01,2019,Man United,Aston Villa,2.0,2.0,D,16.0,9.0,6.0,3.0,1.49,4.38,7.08,1.55,4.69,8.0
2019-12-01,2019,Norwich,Arsenal,2.0,2.0,D,15.0,16.0,8.0,7.0,4.14,4.22,1.77,4.33,4.4,1.86
2019-12-01,2019,Wolves,Sheffield United,1.0,1.0,D,13.0,9.0,3.0,4.0,1.92,3.43,4.35,2.0,3.55,4.6
2019-12-03,2019,Burnley,Man City,1.0,4.0,A,4.0,17.0,2.0,8.0,11.59,6.41,1.25,13.0,7.0,1.28
2019-12-03,2019,Crystal Palace,Bournemouth,1.0,0.0,H,7.0,6.0,2.0,3.0,2.24,3.38,3.34,2.34,3.52,3.45
2019-12-04,2019,Chelsea,Aston Villa,2.0,1.0,H,25.0,9.0,9.0,3.0,1.3,5.85,9.89,1.33,6.2,11.25
2019-12-04,2019,Leicester,Watford,2.0,0.0,H,12.0,4.0,6.0,1.0,1.36,5.13,8.81,1.4,5.6,10.5
2019-12-04,2019,Liverpool,Everton,5.0,2.0,H,11.0,12.0,5.0,4.0,1.39,4.99,8.28,1.42,5.25,9.15
2019-12-04,2019,Man United,Tottenham,2.0,1.0,H,12.0,8.0,7.0,5.0,2.69,3.47,2.61,2.77,3.6,2.7
2019-12-04,2019,Southampton,Norwich,2.0,1.0,H,14.0,10.0,5.0,3.0,1.78,3.99,4.35,1.85,4.15,4.6
2019-12-04,2019,Wolves,West Ham,2.0,0.0,H,13.0,6.0,7.0,3.0,1.77,3.73,4.74,1.82,3.85,5.05
2019-12-05,2019,Arsenal,Brighton,1.0,2.0,A,12.0,20.0,5.0,9.0,1.61,4.23,5.41,1.63,4.35,5.85
2019-12-05,2019,Sheffield United,Newcastle,0.0,2.0,A,13.0,6.0,6.0,4.0,1.86,3.45,4.62,1.95,3.56,4.85
2019-12-07,2019,Bournemouth,Liverpool,0.0,3.0,A,3.0,21.0,0.0,9.0,7.01,5.03,1.42,8.0,5.3,1.47
2019-12-07,2019,Everton,Chelsea,3.0,1.0,H,13.0,15.0,7.0,4.0,3.52,3.8,2.02,3.65,3.95,2.08
2019-12-07,2019,Man City,Man United,1.0,2.0,A,22.0,11.0,5.0,7.0,1.31,5.67,9.9,1.35,6.05,11.0
2019-12-07,2019,Tottenham,Burnley,5.0,0.0,H,13.0,7.0,7.0,1.0,1.41,4.82,7.98,1.45,5.0,9.1
2019-12-07,2019,Watford,Crystal Palace,0.0,0.0,D,13.0,3.0,3.0,0.0,2.37,3.34,3.12,2.5,3.45,3.22
2019-12-08,2019,Aston Villa,Leicester,1.0,4.0,A,15.0,23.0,2.0,8.0,4.27,3.88,1.82,4.5,4.07,1.9
2019-12-08,2019,Brighton,Wolves,2.0,2.0,D,13.0,13.0,4.0,5.0,2.69,3.16,2.81,2.8,3.25,2.95
2019-12-08,2019,Newcastle,Southampton,2.0,1.0,H,12.0,19.0,6.0,4.0,2.59,3.23,2.87,2.7,3.32,3.1
2019-12-08,2019,Norwich,Sheffield United,1.0,2.0,A,14.0,9.0,4.0,3.0,2.98,3.45,2.4,3.3,3.58,2.6
2019-12-09,2019,West Ham,Arsenal,1.0,3.0,A,11.0,10.0,4.0,3.0,3.43,4.02,1.98,3.6,4.25,2.08
2019-12-14,2019,Burnley,Newcastle,1.0,0.0,H,7.0,9.0,4.0,0.0,1.96,3.5,4.07,2.02,3.62,4.3
2019-12-14,2019,Chelsea,Bournemouth,0.0,1.0,A,18.0,11.0,5.0,2.0,1.25,6.48,11.64,1.28,7.0,13.0
2019-12-14,2019,Leicester,Norwich,1.0,1.0,D,18.0,10.0,5.0,3.0,1.22,6.73,13.29,1.25,7.35,15.0
2019-12-14,2019,Liverpool,Watford,2.0,0.0,H,16.0,8.0,6.0,2.0,1.17,7.72,16.32,1.2,8.2,21.0
2019-12-14,2019,Sheffield United,Aston Villa,2.0,0.0,H,7.0,8.0,3.0,0.0,1.86,3.75,4.17,1.93,3.9,4.35
2019-12-14,2019,Southampton,West Ham,0.0,1.0,A,11.0,11.0,2.0,4.0,1.92,3.86,3.83,1.98,4.0,3.95
2019-12-15,2019,Arsenal,Man City,0.0,3.0,A,6.0,14.0,1.0,7.0,6.03,5.33,1.45,6.5,5.7,1.49
2019-12-15,2019,Man United,Everton,1.0,1.0,D,24.0,8.0,8.0,3.0,1.78,3.71,4.76,1.82,3.89,5.0
2019-12-15,2019,Wolves,Tottenham,1.0,2.0,A,18.0,9.0,5.0,5.0,3.22,3.45,2.26,3.35,3.6,2.35
2019-12-16,2019,Crystal Palace,Brighton,1.0,1.0,D,11.0,15.0,4.0,10.0,2.55,3.22,2.91,2.65,3.34,3.0
2019-12-21,2019,Aston Villa,Southampton,1.0,3.0,A,19.0,17.0,6.0,8.0,2.43,3.54,2.87,2.5,3.74,3.0
2019-12-21,2019,Bournemouth,Burnley,0.0,1.0,A,3.0,2.0,0.0,1.0,2.43,3.38,2.97,2.55,3.5,3.05
2019-12-21,2019,Brighton,Sheffield United,0.0,1.0,A,9.0,7.0,2.0,2.0,2.21,3.27,3.52,2.32,3.35,3.7
2019-12-21,2019,Everton,Arsenal,0.0,0.0,D,9.0,6.0,0.0,2.0,2.33,3.75,2.9,2.4,3.88,3.0
2019-12-21,2019,Man City,Leicester,3.0,1.0,H,23.0,5.0,12.0,2.0,1.37,5.41,7.72,1.4,5.8,8.25
2019-12-21,2019,Newcastle,Crystal Palace,1.0,0.0,H,8.0,16.0,3.0,4.0,2.43,3.11,3.22,2.53,3.27,3.4
2019-12-21,2019,Norwich,Wolves,1.0,2.0,A,13.0,14.0,7.0,4.0,3.71,3.75,1.97,3.9,3.9,2.03
2019-12-22,2019,Tottenham,Chelsea,0.0,2.0,A,5.0,13.0,1.0,3.0,2.37,3.65,2.88,2.45,3.79,3.05
2019-12-22,2019,Watford,Man United,2.0,0.0,H,11.0,17.0,3.0,8.0,4.39,3.89,1.8,4.55,4.1,1.85
2019-12-26,2019,Aston Villa,Norwich,1.0,0.0,H,11.0,16.0,2.0,6.0,2.11,3.77,3.28,2.2,3.9,3.45
2019-12-26,2019,Bournemouth,Arsenal,1.0,1.0,D,12.0,17.0,4.0,2.0,3.5,3.85,2.01,3.65,4.0,2.08
2019-12-26,2019,Chelsea,Southampton,0.0,2.0,A,10.0,5.0,3.0,3.0,1.35,5.31,8.58,1.39,5.75,9.25
2019-12-26,2019,Crystal Palace,West Ham,2.0,1.0,H,13.0,10.0,4.0,2.0,2.32,3.42,3.12,2.45,3.59,3.21
2019-12-26,2019,Everton,Burnley,1.0,0.0,H,21.0,6.0,5.0,0.0,1.71,3.76,5.15,1.76,3.9,5.65
2019-12-26,2019,Leicester,Liverpool,0.0,4.0,A,3.0,15.0,0.0,6.0,3.38,3.72,2.08,3.5,3.95,2.16
2019-12-26,2019,Man United,Newcastle,4.0,1.0,H,22.0,7.0,10.0,2.0,1.35,5.19,9.18,1.39,5.5,10.0
2019-12-26,2019,Sheffield United,Watford,1.0,1.0,D,16.0,5.0,4.0,2.0,1.86,3.54,4.46,1.95,3.7,4.65
2019-12-26,2019,Tottenham,Brighton,2.0,1.0,H,11.0,11.0,5.0,5.0,1.55,4.41,5.73,1.59,4.6,6.11
2019-12-27,2019,Wolves,Man City,3.0,2.0,H,20.0,7.0,8.0,3.0,7.73,4.95,1.4,8.59,5.2,1.44
2019-12-28,2019,Brighton,Bournemouth,2.0,0.0,H,16.0,10.0,6.0,2.0,1.79,3.85,4.43,1.86,4.0,4.75
2019-12-28,2019,Burnley,Man United,0.0,2.0,A,8.0,14.0,1.0,5.0,4.31,3.7,1.85,4.6,3.85,1.91
2019-12-28,2019,Newcastle,Everton,1.0,2.0,A,20.0,22.0,5.0,9.0,3.55,3.4,2.14,3.7,3.5,2.2
2019-12-28,2019,Norwich,Tottenham,2.0,2.0,D,5.0,15.0,2.0,7.0,4.93,4.07,1.69,5.35,4.2,1.74
2019-12-28,2019,Southampton,Crystal Palace,1.0,1.0,D,14.0,5.0,5.0,2.0,1.98,3.57,3.91,2.05,3.68,4.1
2019-12-28,2019,Watford,Aston Villa,3.0,0.0,H,20.0,11.0,6.0,2.0,1.99,3.77,3.65,2.04,3.95,3.85
2019-12-28,2019,West Ham,Leicester,1.0,2.0,A,14.0,13.0,4.0,8.0,4.03,3.87,1.86,4.25,4.0,1.93
2019-12-29,2019,Arsenal,Chelsea,1.0,2.0,A,7.0,13.0,2.0,4.0,2.86,3.73,2.35,3.0,3.86,2.45
2019-12-29,2019,Liverpool,Wolves,1.0,0.0,H,10.0,10.0,3.0,2.0,1.28,5.84,10.92,1.32,6.2,12.75
2019-12-29,2019,Man City,Sheffield United,2.0,0.0,H,16.0,8.0,4.0,0.0,1.18,7.62,14.91,1.21,8.4,17.5
2020-01-01,2019,Arsenal,Man United,2.0,0.0,H,10.0,10.0,4.0,4.0,2.58,3.64,2.61,2.65,3.8,2.7
2020-01-01,2019,Brighton,Chelsea,1.0,1.0,D,16.0,16.0,5.0,5.0,3.7,3.64,2.01,3.88,3.75,2.1
2020-01-01,2019,Burnley,Aston Villa,1.0,2.0,A,20.0,11.0,1.0,6.0,1.81,3.81,4.37,1.85,4.0,4.6
2020-01-01,2019,Man City,Everton,2.0,1.0,H,16.0,7.0,7.0,2.0,1.27,6.19,10.49,1.3,6.63,12.0
2020-01-01,2019,Newcastle,Leicester,0.0,3.0,A,5.0,17.0,2.0,10.0,5.26,3.9,1.67,5.85,4.05,1.71
2020-01-01,2019,Norwich,Crystal Palace,1.0,1.0,D,15.0,12.0,4.0,3.0,2.53,3.46,2.77,2.6,3.57,2.88
2020-01-01,2019,Southampton,Tottenham,1.0,0.0,H,12.0,11.0,3.0,5.0,3.34,3.54,2.16,3.51,3.88,2.25
2020-01-01,2019,Watford,Wolves,2.0,1.0,H,9.0,16.0,3.0,4.0,3.16,3.37,2.32,3.3,3.47,2.42
2020-01-01,2019,West Ham,Bournemouth,4.0,0.0,H,14.0,3.0,7.0,2.0,1.95,3.84,3.68,2.02,4.0,3.9
2020-01-02,2019,Liverpool,Sheffield United,2.0,0.0,H,19.0,3.0,7.0,2.0,1.23,6.32,13.64,1.25,6.7,15.75
2020-01-10,2019,Sheffield United,West Ham,1.0,0.0,H,13.0,7.0,3.0,2.0,2.02,3.43,3.94,2.09,3.55,4.2
2020-01-11,2019,Chelsea,Burnley,3.0,0.0,H,18.0,7.0,8.0,2.0,1.29,5.61,11.06,1.33,6.0,13.0
2020-01-11,2019,Crystal Palace,Arsenal,1.0,1.0,D,6.0,7.0,3.0,4.0,4.19,3.87,1.83,4.45,4.1,1.9
2020-01-11,2019,Everton,Brighton,1.0,0.0,H,14.0,9.0,6.0,2.0,1.9,3.63,4.16,1.97,3.83,4.49
2020-01-11,2019,Leicester,Southampton,1.0,2.0,A,5.0,16.0,5.0,10.0,1.64,4.02,5.46,1.69,4.17,6.0
2020-01-11,2019,Man United,Norwich,4.0,0.0,H,13.0,8.0,6.0,3.0,1.36,5.16,8.82,1.4,5.5,10.0
2020-01-11,2019,Tottenham,Liverpool,0.0,1.0,A,14.0,13.0,4.0,7.0,4.59,4.22,1.7,5.0,4.4,1.74
2020-01-11,2019,Wolves,Newcastle,1.0,1.0,D,9.0,5.0,4.0,1.0,1.46,4.35,7.91,1.5,4.55,9.0
2020-01-12,2019,Aston Villa,Man City,1.0,6.0,A,7.0,22.0,1.0,12.0,14.5,8.39,1.17,18.0,9.15,1.2
2020-01-12,2019,Bournemouth,Watford,0.0,3.0,A,10.0,18.0,1.0,6.0,2.61,3.37,2.75,2.72,3.46,2.85
2020-01-18,2019,Arsenal,Sheffield United,1.0,1.0,D,11.0,12.0,4.0,4.0,1.85,3.61,4.46,1.9,3.72,4.7
2020-01-18,2019,Brighton,Aston Villa,1.0,1.0,D,10.0,8.0,2.0,3.0,1.65,4.29,4.94,1.72,4.55,5.25
2020-01-18,2019,Man City,Crystal Palace,2.0,2.0,D,25.0,5.0,6.0,3.0,1.1,10.64,24.53,1.13,12.0,30.0
2020-01-18,2019,Newcastle,Chelsea,1.0,0.0,H,7.0,19.0,2.0,4.0,6.02,4.53,1.52,6.4,4.72,1.57
2020-01-18,2019,Norwich,Bournemouth,1.0,0.0,H,16.0,6.0,5.0,3.0,2.22,3.56,3.19,2.3,3.7,3.3
2020-01-18,2019,Southampton,Wolves,2.0,3.0,A,11.0,8.0,5.0,4.0,2.39,3.37,3.05,2.46,3.5,3.2
2020-01-18,2019,Watford,Tottenham,0.0,0.0,D,15.0,17.0,2.0,5.0,3.18,3.52,2.25,3.3,3.6,2.35
2020-01-18,2019,West Ham,Everton,1.0,1.0,D,12.0,11.0,6.0,3.0,2.96,3.46,2.4,3.05,3.6,2.5
2020-01-19,2019,Burnley,Leicester,2.0,1.0,H,8.0,18.0,5.0,8.0,4.19,3.71,1.87,4.35,3.9,1.93
2020-01-19,2019,Liverpool,Man United,2.0,0.0,H,16.0,9.0,5.0,4.0,1.37,5.12,8.31,1.4,5.4,9.5
2020-01-21,2019,Aston Villa,Watford,2.0,1.0,H,16.0,8.0,5.0,2.0,2.86,3.46,2.49,3.0,3.65,2.58
2020-01-21,2019,Bournemouth,Brighton,3.0,1.0,H,11.0,21.0,3.0,8.0,2.94,3.35,2.47,3.1,3.45,2.6
2020-01-21,2019,Chelsea,Arsenal,2.0,2.0,D,19.0,2.0,8.0,2.0,1.74,3.95,4.71,1.79,4.1,5.2
2020-01-21,2019,Crystal Palace,Southampton,0.0,2.0,A,6.0,15.0,0.0,6.0,2.73,3.26,2.72,2.85,3.35,2.84
2020-01-21,2019,Everton,Newcastle,2.0,2.0,D,17.0,8.0,8.0,2.0,1.6,3.99,6.06,1.64,4.3,6.75
2020-01-21,2019,Sheffield United,Man City,0.0,1.0,A,4.0,18.0,1.0,5.0,7.41,4.82,1.43,8.5,5.13,1.47
2020-01-22,2019,Leicester,West Ham,4.0,1.0,H,19.0,6.0,8.0,2.0,1.53,4.49,5.97,1.62,4.75,6.25
2020-01-22,2019,Man United,Burnley,0.0,2.0,A,24.0,5.0,7.0,2.0,1.41,4.65,8.43,1.45,4.9,9.5
2020-01-22,2019,Tottenham,Norwich,2.0,1.0,H,14.0,12.0,3.0,2.0,1.42,4.89,7.5,1.45,5.15,8.25
2020-01-23,2019,Wolves,Liverpool,1.0,2.0,A,10.0,13.0,3.0,6.0,5.63,3.92,1.64,6.0,4.05,1.69
2020-01-29,2019,West Ham,Liverpool,0.0,2.0,A,7.0,13.0,4.0,5.0,8.76,5.55,1.33,10.0,5.9,1.36
2020-02-01,2019,Bournemouth,Aston Villa,2.0,1.0,H,16.0,18.0,6.0,5.0,2.13,3.57,3.39,2.22,3.7,3.55
2020-02-01,2019,Crystal Palace,Sheffield United,0.0,1.0,A,13.0,10.0,3.0,3.0,3.11,3.06,2.52,3.2,3.18,2.65
2020-02-01,2019,Leicester,Chelsea,2.0,2.0,D,14.0,7.0,4.0,3.0,2.52,3.59,2.72,2.6,3.75,2.82
2020-02-01,2019,Liverpool,Southampton,4.0,0.0,H,16.0,17.0,9.0,4.0,1.28,5.86,10.73,1.31,6.2,12.37
2020-02-01,2019,Man United,Wolves,0.0,0.0,D,15.0,14.0,5.0,3.0,2.23,3.24,3.48,2.33,3.35,3.7
2020-02-01,2019,Newcastle,Norwich,0.0,0.0,D,15.0,19.0,5.0,4.0,2.24,3.39,3.31,2.32,3.5,3.45
2020-02-01,2019,Watford,Everton,2.0,3.0,A,11.0,12.0,2.0,5.0,2.75,3.31,2.64,2.85,3.42,2.75
2020-02-01,2019,West Ham,Brighton,3.0,3.0,D,12.0,19.0,6.0,6.0,2.56,3.37,2.8,2.68,3.45,2.9
2020-02-02,2019,Burnley,Arsenal,0.0,0.0,D,15.0,13.0,2.0,2.0,3.75,3.53,2.02,3.95,3.65,2.1
2020-02-02,2019,Tottenham,Man City,2.0,0.0,H,3.0,18.0,3.0,5.0,5.64,4.45,1.56,6.0,4.75,1.62
2020-02-08,2019,Brighton,Watford,1.0,1.0,D,10.0,5.0,2.0,2.0,2.15,3.37,3.53,2.23,3.5,3.75
2020-02-08,2019,Everton,Crystal Palace,3.0,1.0,H,14.0,10.0,8.0,2.0,1.63,3.77,6.02,1.68,3.93,6.75
2020-02-09,2019,Sheffield United,Bournemouth,2.0,1.0,H,16.0,10.0,6.0,2.0,1.72,3.54,5.58,1.79,3.65,5.9
2020-02-14,2019,Wolves,Leicester,0.0,0.0,D,15.0,9.0,3.0,3.0,2.55,3.29,2.91,2.65,3.38,3.05
2020-02-15,2019,Norwich,Liverpool,0.0,1.0,A,5.0,17.0,1.0,6.0,10.02,6.0,1.29,12.0,6.4,1.31
2020-02-15,2019,Southampton,Burnley,1.0,2.0,A,10.0,9.0,2.0,6.0,1.79,3.69,4.7,1.85,3.85,5.1
2020-02-16,2019,Arsenal,Newcastle,4.0,0.0,H,15.0,10.0,7.0,2.0,1.43,4.6,7.72,1.47,4.98,8.75
2020-02-16,2019,Aston Villa,Tottenham,2.0,3.0,A,18.0,23.0,4.0,10.0,4.01,3.78,1.89,4.25,3.9,1.95
2020-02-17,2019,Chelsea,Man United,0.0,2.0,A,17.0,9.0,1.0,3.0,1.86,3.6,4.35,1.93,3.8,4.6
2020-02-19,2019,Man City,West Ham,2.0,0.0,H,20.0,3.0,7.0,0.0,1.13,9.37,18.28,1.15,10.5,23.0
2020-02-22,2019,Burnley,Bournemouth,3.0,0.0,H,16.0,12.0,10.0,4.0,2.15,3.28,3.65,2.25,3.4,3.8
2020-02-22,2019,Chelsea,Tottenham,2.0,1.0,H,17.0,5.0,7.0,3.0,1.73,3.94,4.72,1.78,4.05,5.1
2020-02-22,2019,Crystal Palace,Newcastle,1.0,0.0,H,18.0,8.0,9.0,2.0,1.96,3.3,4.35,2.05,3.5,4.75
2020-02-22,2019,Leicester,Man City,0.0,1.0,A,10.0,18.0,3.0,7.0,4.49,4.15,1.73,4.75,4.4,1.83
2020-02-22,2019,Sheffield United,Brighton,1.0,1.0,D,14.0,8.0,3.0,2.0,1.96,3.34,4.31,2.02,3.43,4.5
2020-02-22,2019,Southampton,Aston Villa,2.0,0.0,H,28.0,4.0,9.0,1.0,1.64,4.23,5.1,1.7,4.4,5.5
2020-02-23,2019,Arsenal,Everton,3.0,2.0,H,9.0,17.0,4.0,5.0,2.04,3.6,3.63,2.12,3.8,3.88
2020-02-23,2019,Man United,Watford,3.0,0.0,H,21.0,7.0,9.0,2.0,1.6,3.97,5.98,1.65,4.2,6.5
2020-02-23,2019,Wolves,Norwich,3.0,0.0,H,19.0,6.0,6.0,4.0,1.52,4.27,6.55,1.57,4.5,7.05
2020-02-24,2019,Liverpool,West Ham,3.0,2.0,H,25.0,7.0,7.0,4.0,1.17,7.81,16.2,1.19,8.8,19.0
2020-02-28,2019,Norwich,Leicester,1.0,0.0,H,11.0,19.0,6.0,4.0,4.66,4.02,1.74,5.1,4.16,1.78
2020-02-29,2019,Bournemouth,Chelsea,2.0,2.0,D,9.0,23.0,5.0,6.0,4.68,3.84,1.76,5.1,4.05,1.83
2020-02-29,2019,Brighton,Crystal Palace,0.0,1.0,A,24.0,12.0,8.0,3.0,2.08,3.24,3.93,2.15,3.34,4.15
2020-02-29,2019,Newcastle,Burnley,0.0,0.0,D,21.0,8.0,4.0,1.0,2.64,3.11,2.9,2.8,3.24,3.0
2020-02-29,2019,Watford,Liverpool,3.0,0.0,H,14.0,7.0,5.0,1.0,7.52,4.84,1.42,8.75,5.1,1.45
2020-02-29,2019,West Ham,Southampton,3.0,1.0,H,14.0,10.0,7.0,2.0,2.71,3.54,2.55,2.8,3.65,2.64
2020-03-01,2019,Everton,Man United,1.0,1.0,D,16.0,14.0,5.0,5.0,2.54,3.33,2.85,2.72,3.45,2.95
2020-03-01,2019,Tottenham,Wolves,2.0,3.0,A,13.0,14.0,5.0,4.0,2.44,3.17,3.13,2.55,3.3,3.21
2020-03-07,2019,Arsenal,West Ham,1.0,0.0,H,9.0,14.0,2.0,6.0,1.56,4.37,5.78,1.62,4.5,6.21
2020-03-07,2019,Burnley,Tottenham,1.0,1.0,D,21.0,13.0,8.0,2.0,2.72,3.3,2.69,2.8,3.4,2.82
2020-03-07,2019,Crystal Palace,Watford,1.0,0.0,H,10.0,10.0,3.0,4.0,2.57,3.19,2.95,2.65,3.26,3.1
2020-03-07,2019,Liverpool,Bournemouth,2.0,1.0,H,14.0,6.0,6.0,4.0,1.25,6.24,11.93,1.29,6.6,13.45
2020-03-07,2019,Sheffield United,Norwich,1.0,0.0,H,10.0,12.0,4.0,5.0,1.66,3.78,5.71,1.7,3.9,6.05
2020-03-07,2019,Southampton,Newcastle,0.0,1.0,A,6.0,14.0,3.0,7.0,1.67,3.95,5.27,1.74,4.17,5.6
2020-03-07,2019,Wolves,Brighton,0.0,0.0,D,11.0,7.0,1.0,1.0,1.65,3.95,5.48,1.7,4.15,6.0
2020-03-08,2019,Chelsea,Everton,4.0,0.0,H,17.0,3.0,11.0,1.0,1.87,3.74,4.2,1.95,4.0,4.4
2020-03-08,2019,Man United,Man City,2.0,0.0,H,12.0,7.0,6.0,2.0,5.04,4.28,1.64,5.5,4.5,1.7
2020-03-09,2019,Leicester,Aston Villa,4.0,0.0,H,15.0,4.0,7.0,1.0,1.38,5.12,8.05,1.42,5.4,9.0
2020-06-17,2019,Aston Villa,Sheffield United,0.0,0.0,D,14.0,5.0,6.0,1.0,3.3,3.33,2.27,3.48,3.45,2.39
2020-06-17,2019,Man City,Arsenal,3.0,0.0,H,20.0,3.0,12.0,0.0,1.35,5.5,8.11,1.4,6.05,9.0
2020-06-19,2019,Norwich,Southampton,0.0,3.0,A,9.0,22.0,1.0,9.0,2.84,3.4,2.53,3.2,3.65,2.64
2020-06-19,2019,Tottenham,Man United,1.0,1.0,D,10.0,12.0,3.0,6.0,3.03,3.4,2.43,3.2,3.55,2.5
2020-06-20,2019,Bournemouth,Crystal Palace,0.0,2.0,A,12.0,7.0,1.0,2.0,2.51,3.24,2.98,2.6,3.38,3.2
2020-06-20,2019,Brighton,Arsenal,2.0,1.0,H,9.0,13.0,5.0,6.0,3.04,3.37,2.39,3.4,3.52,2.52
2020-06-20,2019,Watford,Leicester,1.0,1.0,D,8.0,15.0,4.0,2.0,3.59,3.52,2.09,3.75,3.7,2.17
2020-06-20,2019,West Ham,Wolves,0.0,2.0,A,7.0,10.0,2.0,6.0,3.57,3.36,2.15,3.75,3.52,2.22
2020-06-21,2019,Aston Villa,Chelsea,1.0,2.0,A,8.0,19.0,4.0,5.0,6.0,4.5,1.53,6.5,4.9,1.57
2020-06-21,2019,Everton,Liverpool,0.0,0.0,D,9.0,10.0,3.0,3.0,5.66,4.23,1.59,6.05,4.4,1.64
2020-06-21,2019,Newcastle,Sheffield United,3.0,0.0,H,12.0,7.0,8.0,1.0,3.31,3.1,2.38,3.45,3.25,2.55
2020-06-22,2019,Man City,Burnley,5.0,0.0,H,19.0,1.0,7.0,0.0,1.13,8.97,19.85,1.16,10.0,26.0
2020-06-23,2019,Leicester,Brighton,0.0,0.0,D,11.0,10.0,2.0,2.0,1.64,3.97,5.64,1.68,4.15,6.15
2020-06-23,2019,Tottenham,West Ham,2.0,0.0,H,15.0,10.0,4.0,2.0,1.67,4.01,5.21,1.71,4.15,5.65
2020-06-24,2019,Liverpool,Crystal Palace,4.0,0.0,H,21.0,3.0,7.0,0.0,1.24,6.13,13.09,1.27,6.61,16.0
2020-06-24,2019,Man United,Sheffield United,3.0,0.0,H,15.0,4.0,6.0,1.0,1.43,4.39,8.62,1.5,4.6,9.6
2020-06-24,2019,Newcastle,Aston Villa,1.0,1.0,D,13.0,14.0,3.0,2.0,2.33,3.33,3.17,2.42,3.5,3.32
2020-06-24,2019,Norwich,Everton,0.0,1.0,A,9.0,12.0,1.0,5.0,3.94,3.66,1.94,4.25,3.8,2.0
2020-06-24,2019,Wolves,Bournemouth,1.0,0.0,H,10.0,4.0,2.0,0.0,1.58,4.03,6.11,1.63,4.25,6.65
2020-06-25,2019,Burnley,Watford,1.0,0.0,H,9.0,10.0,5.0,4.0,3.02,3.22,2.48,3.18,3.3,2.59
2020-06-25,2019,Chelsea,Man City,2.0,1.0,H,15.0,11.0,10.0,2.0,4.14,4.07,1.8,4.4,4.25,1.87
2020-06-25,2019,Southampton,Arsenal,0.0,2.0,A,12.0,10.0,3.0,5.0,2.64,3.47,2.65,2.75,3.65,2.8
2020-06-27,2019,Aston Villa,Wolves,0.0,1.0,A,11.0,9.0,1.0,2.0,4.79,3.68,1.78,5.1,3.92,1.82
2020-06-28,2019,Watford,Southampton,1.0,3.0,A,8.0,11.0,0.0,7.0,2.49,3.32,2.92,2.6,3.42,3.1
2020-06-29,2019,Crystal Palace,Burnley,0.0,1.0,A,17.0,8.0,4.0,4.0,2.29,3.16,3.41,2.42,3.32,3.55
2020-06-30,2019,Brighton,Man United,0.0,3.0,A,8.0,12.0,2.0,6.0,6.31,3.85,1.61,7.0,4.1,1.64
2020-07-01,2019,Arsenal,Norwich,4.0,0.0,H,13.0,8.0,8.0,2.0,1.44,4.69,7.23,1.48,4.9,8.2
2020-07-01,2019,Bournemouth,Newcastle,1.0,4.0,A,12.0,12.0,1.0,7.0,2.4,3.16,3.21,2.51,3.3,3.32
2020-07-01,2019,Everton,Leicester,2.0,1.0,H,7.0,15.0,2.0,3.0,2.54,3.28,2.9,2.64,3.42,3.05
2020-07-01,2019,West Ham,Chelsea,3.0,2.0,H,10.0,17.0,4.0,6.0,5.48,4.27,1.59,6.0,4.5,1.65
2020-07-02,2019,Man City,Liverpool,4.0,0.0,H,14.0,11.0,6.0,3.0,2.07,3.85,3.32,2.14,4.32,3.52
2020-07-02,2019,Sheffield United,Tottenham,3.0,1.0,H,7.0,9.0,5.0,2.0,4.1,3.41,1.98,4.3,3.54,2.08
2020-07-04,2019,Chelsea,Watford,3.0,0.0,H,21.0,7.0,9.0,3.0,1.43,4.61,7.96,1.46,4.9,9.3
2020-07-04,2019,Leicester,Crystal Palace,3.0,0.0,H,15.0,7.0,4.0,1.0,1.68,3.63,5.84,1.72,3.8,6.5
2020-07-04,2019,Man United,Bournemouth,5.0,2.0,H,19.0,7.0,10.0,3.0,1.17,7.46,17.41,1.19,8.3,21.0
2020-07-04,2019,Norwich,Brighton,0.0,1.0,A,12.0,8.0,1.0,2.0,3.39,3.32,2.23,3.56,3.45,2.33
2020-07-04,2019,Wolves,Arsenal,0.0,2.0,A,10.0,8.0,1.0,5.0,2.27,3.3,3.32,2.36,3.48,3.5
2020-07-05,2019,Burnley,Sheffield United,1.0,1.0,D,9.0,10.0,4.0,3.0,2.91,2.97,2.75,3.02,3.1,2.86
2020-07-05,2019,Liverpool,Aston Villa,2.0,0.0,H,6.0,9.0,4.0,3.0,1.35,5.45,8.4,1.38,5.9,9.8
2020-07-05,2019,Newcastle,West Ham,2.0,2.0,D,11.0,17.0,4.0,7.0,2.66,3.28,2.74,2.77,3.48,2.9
2020-07-05,2019,Southampton,Man City,1.0,0.0,H,8.0,26.0,4.0,6.0,9.03,5.56,1.33,11.31,6.1,1.36
2020-07-06,2019,Tottenham,Everton,1.0,0.0,H,12.0,11.0,2.0,3.0,2.13,3.51,3.45,2.22,3.74,3.58
2020-07-07,2019,Arsenal,Leicester,1.0,1.0,D,11.0,13.0,7.0,5.0,2.38,3.43,3.03,2.49,3.59,3.15
2020-07-07,2019,Crystal Palace,Chelsea,2.0,3.0,A,13.0,14.0,4.0,6.0,8.43,4.5,1.43,9.05,4.85,1.46
2020-07-07,2019,Watford,Norwich,2.0,1.0,H,9.0,12.0,4.0,3.0,1.75,3.71,5.02,1.8,3.94,5.5
2020-07-08,2019,Brighton,Liverpool,1.0,3.0,A,12.0,19.0,2.0,8.0,5.99,4.26,1.56,6.5,4.45,1.62
2020-07-08,2019,Man City,Newcastle,5.0,0.0,H,23.0,6.0,9.0,1.0,1.13,9.15,22.2,1.16,10.5,29.0
2020-07-08,2019,Sheffield United,Wolves,1.0,0.0,H,7.0,6.0,3.0,1.0,3.96,3.08,2.14,4.1,3.26,2.25
2020-07-08,2019,West Ham,Burnley,0.0,1.0,A,21.0,8.0,5.0,4.0,2.02,3.42,3.89,2.1,3.6,4.05
2020-07-09,2019,Aston Villa,Man United,0.0,3.0,A,9.0,14.0,1.0,6.0,9.26,5.15,1.35,10.5,5.45,1.38
2020-07-09,2019,Bournemouth,Tottenham,0.0,0.0,D,9.0,9.0,2.0,0.0,5.03,4.0,1.68,5.45,4.2,1.72
2020-07-09,2019,Everton,Southampton,1.0,1.0,D,11.0,17.0,4.0,4.0,2.07,3.51,3.62,2.15,3.65,3.86
2020-07-11,2019,Brighton,Man City,0.0,5.0,A,3.0,26.0,0.0,8.0,9.95,5.62,1.31,12.0,6.05,1.35
2020-07-11,2019,Liverpool,Burnley,1.0,1.0,D,23.0,6.0,9.0,2.0,1.25,6.27,11.44,1.28,6.7,13.0
2020-07-11,2019,Norwich,West Ham,0.0,4.0,A,11.0,19.0,2.0,7.0,3.76,3.65,1.99,3.9,3.8,2.07
2020-07-11,2019,Sheffield United,Chelsea,3.0,0.0,H,9.0,15.0,4.0,4.0,6.07,3.93,1.6,6.8,4.15,1.65
2020-07-11,2019,Watford,Newcastle,2.0,1.0,H,17.0,8.0,5.0,4.0,1.82,3.58,4.65,1.88,3.72,5.0
2020-07-12,2019,Aston Villa,Crystal Palace,2.0,0.0,H,12.0,9.0,9.0,5.0,2.29,3.35,3.24,2.35,3.48,3.45
2020-07-12,2019,Bournemouth,Leicester,4.0,1.0,H,10.0,13.0,4.0,5.0,5.14,3.82,1.7,5.6,4.0,1.75
2020-07-12,2019,Tottenham,Arsenal,2.0,1.0,H,15.0,13.0,9.0,4.0,2.6,3.48,2.68,2.75,4.48,2.83
2020-07-12,2019,Wolves,Everton,3.0,0.0,H,14.0,6.0,7.0,2.0,2.06,3.25,4.01,2.16,3.35,4.2
2020-07-13,2019,Man United,Southampton,2.0,2.0,D,8.0,9.0,4.0,5.0,1.29,5.73,10.41,1.33,6.3,12.0
2020-07-14,2019,Chelsea,Norwich,1.0,0.0,H,22.0,2.0,6.0,0.0,1.13,9.5,20.76,1.14,10.8,24.75
2020-07-15,2019,Arsenal,Liverpool,2.0,1.0,H,3.0,24.0,2.0,8.0,3.89,3.89,1.89,4.1,4.05,1.95
2020-07-15,2019,Burnley,Wolves,1.0,1.0,D,9.0,14.0,1.0,5.0,4.65,3.3,1.9,5.0,3.42,1.97
2020-07-15,2019,Man City,Bournemouth,2.0,1.0,H,8.0,15.0,4.0,3.0,1.15,8.68,16.72,1.18,9.8,20.5
2020-07-15,2019,Newcastle,Tottenham,1.0,3.0,A,22.0,8.0,6.0,5.0,4.56,3.77,1.79,4.8,3.98,1.85
2020-07-16,2019,Crystal Palace,Man United,0.0,2.0,A,13.0,17.0,5.0,5.0,9.84,5.0,1.35,10.9,5.4,1.38
2020-07-16,2019,Everton,Aston Villa,1.0,1.0,D,9.0,15.0,1.0,1.0,2.02,3.57,3.74,2.1,3.74,3.94
2020-07-16,2019,Leicester,Sheffield United,2.0,0.0,H,15.0,5.0,7.0,1.0,2.02,3.34,4.01,2.1,3.58,4.2
2020-07-16,2019,Southampton,Brighton,1.0,1.0,D,21.0,10.0,6.0,2.0,2.18,3.31,3.53,2.26,3.48,3.68
2020-07-17,2019,West Ham,Watford,3.0,1.0,H,10.0,14.0,4.0,3.0,2.42,3.04,3.31,2.5,3.18,3.5
2020-07-18,2019,Norwich,Burnley,0.0,2.0,A,6.0,23.0,2.0,8.0,3.32,3.33,2.25,3.52,3.43,2.36
2020-07-19,2019,Bournemouth,Southampton,0.0,2.0,A,11.0,16.0,3.0,8.0,2.39,3.65,2.84,2.5,3.82,3.01
2020-07-19,2019,Tottenham,Leicester,3.0,0.0,H,7.0,24.0,3.0,6.0,2.32,3.42,3.11,2.41,3.58,3.25
2020-07-20,2019,Brighton,Newcastle,0.0,0.0,D,11.0,12.0,3.0,1.0,1.93,3.42,4.23,2.0,3.62,4.5
2020-07-20,2019,Sheffield United,Everton,0.0,1.0,A,8.0,5.0,0.0,2.0,2.17,3.29,3.52,2.27,3.45,3.7
2020-07-20,2019,Wolves,Crystal Palace,2.0,0.0,H,11.0,7.0,5.0,3.0,1.5,4.03,7.72,1.54,4.35,8.3
2020-07-21,2019,Aston Villa,Arsenal,1.0,0.0,H,8.0,7.0,3.0,0.0,3.24,3.78,2.11,3.4,3.98,2.2
2020-07-21,2019,Watford,Man City,0.0,4.0,A,2.0,26.0,0.0,10.0,8.62,5.6,1.33,10.0,6.15,1.37
2020-07-22,2019,Liverpool,Chelsea,5.0,3.0,H,10.0,10.0,7.0,5.0,2.04,3.7,3.51,2.13,3.95,3.7
2020-07-22,2019,Man United,West Ham,1.0,1.0,D,11.0,12.0,4.0,3.0,1.24,6.38,11.56,1.28,7.0,13.5
2020-07-26,2019,Arsenal,Watford,3.0,2.0,H,13.0,19.0,5.0,6.0,1.93,3.89,3.72,2.05,4.05,4.0
2020-07-26,2019,Burnley,Brighton,1.0,2.0,A,13.0,14.0,2.0,4.0,2.32,3.44,3.09,2.38,3.65,3.26
2020-07-26,2019,Chelsea,Wolves,2.0,0.0,H,11.0,5.0,3.0,1.0,1.84,3.76,4.23,1.9,3.92,4.55
2020-07-26,2019,Crystal Palace,Tottenham,1.0,1.0,D,13.0,7.0,2.0,2.0,6.12,4.23,1.55,6.75,4.45,1.6
2020-07-26,2019,Everton,Bournemouth,1.0,3.0,A,13.0,13.0,5.0,7.0,2.24,3.78,2.98,2.33,4.1,3.15
2020-07-26,2019,Leicester,Man United,0.0,2.0,A,14.0,7.0,3.0,3.0,3.17,3.49,2.24,3.36,4.54,2.35
2020-07-26,2019,Man City,Norwich,5.0,0.0,H,31.0,5.0,10.0,4.0,1.07,12.8,30.42,1.1,15.25,41.0
2020-07-26,2019,Newcastle,Liverpool,1.0,3.0,A,3.0,14.0,2.0,6.0,7.6,4.99,1.4,8.2,5.4,1.45
2020-07-26,2019,Southampton,Sheffield United,3.0,1.0,H,13.0,5.0,4.0,3.0,2.18,3.47,3.34,2.25,3.6,3.56
2020-07-26,2019,West Ham,Aston Villa,1.0,1.0,D,10.0,13.0,1.0,4.0,3.05,3.57,2.28,3.2,3.82,2.36
2020-09-12,2020,Crystal Palace,Southampton,1.0,0.0,H,5.0,9.0,3.0,5.0,3.18,3.22,2.39,3.36,3.36,2.5
2020-09-12,2020,Fulham,Arsenal,0.0,3.0,A,5.0,13.0,2.0,6.0,5.94,4.34,1.55,6.55,4.55,1.6
2020-09-12,2020,Liverpool,Leeds,4.0,3.0,H,22.0,6.0,6.0,3.0,1.3,5.96,9.68,1.35,6.5,10.75
2020-09-12,2020,West Ham,Newcastle,0.0,2.0,A,15.0,15.0,3.0,2.0,2.15,3.48,3.42,2.24,3.7,3.6
2020-09-13,2020,Tottenham,Everton,0.0,1.0,A,9.0,15.0,5.0,4.0,1.9,3.55,4.2,1.98,3.68,4.5
2020-09-13,2020,West Brom,Leicester,0.0,3.0,A,7.0,13.0,1.0,7.0,3.87,3.57,1.97,4.0,3.82,2.04
2020-09-14,2020,Brighton,Chelsea,1.0,3.0,A,13.0,10.0,3.0,5.0,5.12,4.13,1.65,5.36,4.35,1.71
2020-09-14,2020,Sheffield United,Wolves,0.0,2.0,A,9.0,11.0,2.0,4.0,3.36,3.0,2.41,3.46,3.24,2.52
2020-09-19,2020,Arsenal,West Ham,2.0,1.0,H,7.0,14.0,3.0,3.0,1.53,4.51,5.91,1.57,4.75,6.55
2020-09-19,2020,Everton,West Brom,5.0,2.0,H,17.0,6.0,7.0,4.0,1.54,4.25,6.3,1.59,4.5,7.0
2020-09-19,2020,Leeds,Fulham,4.0,3.0,H,10.0,14.0,7.0,6.0,1.64,3.97,5.5,1.7,4.15,6.0
2020-09-19,2020,Man United,Crystal Palace,1.0,3.0,A,13.0,14.0,4.0,5.0,1.32,5.57,9.56,1.36,6.1,11.0
2020-09-20,2020,Chelsea,Liverpool,0.0,2.0,A,5.0,18.0,3.0,6.0,3.15,3.72,2.18,3.32,3.88,2.26
2020-09-20,2020,Leicester,Burnley,4.0,2.0,H,14.0,16.0,6.0,5.0,1.63,3.98,5.64,1.69,4.15,6.05
2020-09-20,2020,Newcastle,Brighton,0.0,3.0,A,6.0,13.0,0.0,6.0,2.68,3.15,2.82,2.82,3.35,2.91
2020-09-20,2020,Southampton,Tottenham,2.0,5.0,A,14.0,9.0,7.0,6.0,3.1,3.35,2.37,3.25,3.5,2.44
2020-09-21,2020,Aston Villa,Sheffield United,1.0,0.0,H,18.0,4.0,2.0,1.0,2.71,3.19,2.75,2.81,3.4,2.85
2020-09-21,2020,Wolves,Man City,1.0,3.0,A,10.0,14.0,1.0,9.0,6.11,4.35,1.54,6.55,4.55,1.59
2020-09-26,2020,Brighton,Man United,2.0,3.0,A,18.0,7.0,5.0,3.0,4.83,3.75,1.75,5.3,3.92,1.81
2020-09-26,2020,Burnley,Southampton,0.0,1.0,A,10.0,5.0,2.0,1.0,3.3,3.25,2.31,3.41,3.38,2.4
2020-09-26,2020,Crystal Palace,Everton,1.0,2.0,A,8.0,10.0,1.0,5.0,3.69,3.32,2.12,3.9,3.44,2.2
2020-09-26,2020,West Brom,Chelsea,3.0,3.0,D,9.0,22.0,3.0,10.0,8.24,5.02,1.38,9.0,5.35,1.42
2020-09-27,2020,Man City,Leicester,2.0,5.0,A,16.0,7.0,5.0,7.0,1.29,5.93,9.68,1.32,6.35,11.5
2020-09-27,2020,Sheffield United,Leeds,0.0,1.0,A,14.0,17.0,4.0,9.0,2.72,3.37,2.63,2.83,3.5,2.75
2020-09-27,2020,Tottenham,Newcastle,1.0,1.0,D,23.0,6.0,12.0,1.0,1.47,4.5,6.95,1.51,4.75,7.8
2020-09-27,2020,West Ham,Wolves,4.0,0.0,H,15.0,11.0,7.0,2.0,3.74,3.38,2.07,3.87,3.56,2.15
2020-09-28,2020,Fulham,Aston Villa,0.0,3.0,A,16.0,12.0,3.0,5.0,2.92,3.26,2.52,3.0,3.44,2.62
2020-09-28,2020,Liverpool,Arsenal,3.0,1.0,H,21.0,4.0,8.0,3.0,1.49,4.68,6.3,1.54,5.0,6.95
2020-10-03,2020,Chelsea,Crystal Palace,4.0,0.0,H,17.0,4.0,6.0,0.0,1.43,4.77,7.39,1.47,5.0,8.0
2020-10-03,2020,Everton,Brighton,4.0,2.0,H,11.0,11.0,6.0,3.0,1.76,3.73,4.79,1.81,3.85,5.1
2020-10-03,2020,Leeds,Man City,1.0,1.0,D,12.0,23.0,7.0,2.0,7.45,5.34,1.38,8.4,5.7,1.42
2020-10-03,2020,Newcastle,Burnley,3.0,1.0,H,10.0,7.0,5.0,3.0,2.47,3.15,3.08,2.55,3.28,3.2
2020-10-04,2020,Arsenal,Sheffield United,2.0,1.0,H,6.0,6.0,5.0,2.0,1.56,4.09,6.25,1.6,4.3,6.75
2020-10-04,2020,Aston Villa,Liverpool,7.0,2.0,H,18.0,14.0,11.0,8.0,9.35,5.41,1.33,10.25,5.7,1.38
2020-10-04,2020,Leicester,West Ham,0.0,3.0,A,4.0,14.0,0.0,6.0,1.68,4.12,4.86,1.73,4.3,5.25
2020-10-04,2020,Man United,Tottenham,1.0,6.0,A,5.0,22.0,2.0,8.0,1.92,3.71,3.97,1.97,3.96,4.15
2020-10-04,2020,Southampton,West Brom,2.0,0.0,H,13.0,5.0,7.0,2.0,1.76,3.86,4.58,1.82,4.02,4.8
2020-10-04,2020,Wolves,Fulham,1.0,0.0,H,14.0,10.0,5.0,2.0,1.51,4.07,7.19,1.56,4.28,7.78
2020-10-17,2020,Chelsea,Southampton,3.0,3.0,D,11.0,13.0,5.0,6.0,1.53,4.56,5.92,1.58,4.8,6.5
2020-10-17,2020,Everton,Liverpool,2.0,2.0,D,11.0,22.0,5.0,8.0,3.91,4.08,1.85,4.15,4.21,1.91
2020-10-17,2020,Man City,Arsenal,1.0,0.0,H,13.0,11.0,5.0,3.0,1.49,4.85,6.09,1.53,5.1,6.55
2020-10-17,2020,Newcastle,Man United,1.0,4.0,A,7.0,28.0,4.0,14.0,4.78,4.08,1.7,5.0,4.3,1.76
2020-10-18,2020,Crystal Palace,Brighton,1.0,1.0,D,1.0,20.0,1.0,3.0,2.68,3.25,2.76,2.8,3.42,2.88
2020-10-18,2020,Leicester,Aston Villa,0.0,1.0,A,11.0,10.0,5.0,4.0,1.89,3.82,3.97,1.96,4.0,4.23
2020-10-18,2020,Sheffield United,Fulham,1.0,1.0,D,10.0,15.0,6.0,6.0,2.11,3.32,3.74,2.17,3.45,3.95
2020-10-18,2020,Tottenham,West Ham,3.0,3.0,D,11.0,13.0,6.0,4.0,1.62,4.19,5.34,1.67,4.35,5.75
2020-10-19,2020,Leeds,Wolves,0.0,1.0,A,13.0,7.0,2.0,3.0,2.5,3.26,2.97,2.58,3.44,3.1
2020-10-19,2020,West Brom,Burnley,0.0,0.0,D,13.0,9.0,6.0,4.0,2.49,3.3,2.97,2.58,3.5,3.1
2020-10-23,2020,Aston Villa,Leeds,0.0,3.0,A,12.0,27.0,4.0,9.0,2.11,3.75,3.33,2.16,3.9,3.47
2020-10-24,2020,Fulham,Crystal Palace,1.0,2.0,A,16.0,14.0,3.0,10.0,2.74,3.14,2.77,2.83,3.34,2.86
2020-10-24,2020,Liverpool,Sheffield United,2.0,1.0,H,17.0,13.0,5.0,2.0,1.25,6.36,11.55,1.29,6.75,13.0
2020-10-24,2020,Man United,Chelsea,0.0,0.0,D,14.0,6.0,4.0,1.0,2.38,3.59,2.9,2.45,3.84,3.02
2020-10-24,2020,West Ham,Man City,1.0,1.0,D,6.0,14.0,2.0,7.0,7.2,5.16,1.41,8.0,5.55,1.44
2020-10-25,2020,Arsenal,Leicester,0.0,1.0,A,12.0,6.0,4.0,2.0,1.93,3.74,3.92,1.98,3.9,4.1
2020-10-25,2020,Southampton,Everton,2.0,0.0,H,12.0,6.0,6.0,2.0,2.78,3.47,2.54,2.88,3.58,2.62
2020-10-25,2020,Wolves,Newcastle,1.0,1.0,D,16.0,5.0,3.0,2.0,1.78,3.49,5.16,1.85,3.64,5.52
2020-10-26,2020,Brighton,West Brom,1.0,1.0,D,5.0,9.0,3.0,3.0,1.75,3.93,4.61,1.8,4.15,4.8
2020-10-26,2020,Burnley,Tottenham,0.0,1.0,A,13.0,9.0,4.0,3.0,5.49,4.02,1.63,6.0,4.22,1.68
2020-10-30,2020,Wolves,Crystal Palace,2.0,0.0,H,15.0,11.0,5.0,2.0,2.05,3.13,4.27,2.1,3.21,4.53
2020-10-31,2020,Burnley,Chelsea,0.0,3.0,A,5.0,14.0,0.0,9.0,6.05,4.37,1.54,6.5,4.69,1.59
2020-10-31,2020,Liverpool,West Ham,2.0,1.0,H,9.0,4.0,5.0,3.0,1.39,5.26,7.43,1.43,5.6,8.1
2020-10-31,2020,Sheffield United,Man City,0.0,1.0,A,5.0,16.0,1.0,8.0,9.43,5.76,1.31,10.5,6.1,1.35
2020-11-01,2020,Aston Villa,Southampton,3.0,4.0,A,19.0,9.0,10.0,4.0,2.46,3.6,2.78,2.6,3.84,2.85
2020-11-01,2020,Man United,Arsenal,0.0,1.0,A,8.0,7.0,2.0,2.0,2.04,3.66,3.58,2.1,3.85,3.76
2020-11-01,2020,Newcastle,Everton,2.0,1.0,H,11.0,15.0,4.0,4.0,3.71,3.47,2.06,4.0,3.59,2.15
2020-11-01,2020,Tottenham,Brighton,2.0,1.0,H,9.0,6.0,3.0,2.0,1.63,4.17,5.29,1.67,4.3,5.75
2020-11-02,2020,Fulham,West Brom,2.0,0.0,H,13.0,10.0,6.0,1.0,2.44,3.32,3.01,2.56,3.5,3.17
2020-11-02,2020,Leeds,Leicester,1.0,4.0,A,11.0,10.0,4.0,8.0,2.56,3.56,2.68,2.66,3.72,2.82
2020-11-06,2020,Brighton,Burnley,0.0,0.0,D,19.0,4.0,3.0,1.0,1.9,3.48,4.42,1.94,3.65,4.71
2020-11-06,2020,Southampton,Newcastle,2.0,0.0,H,15.0,4.0,8.0,2.0,2.04,3.58,3.7,2.1,3.76,3.84
2020-11-07,2020,Chelsea,Sheffield United,4.0,1.0,H,20.0,6.0,9.0,3.0,1.39,4.93,8.23,1.44,5.2,9.0
2020-11-07,2020,Crystal Palace,Leeds,4.0,1.0,H,10.0,9.0,6.0,3.0,2.92,3.37,2.47,3.01,3.49,2.58
2020-11-07,2020,Everton,Man United,1.0,3.0,A,7.0,13.0,1.0,5.0,2.91,3.52,2.42,3.04,3.65,2.51
2020-11-07,2020,West Ham,Fulham,1.0,0.0,H,16.0,13.0,7.0,3.0,1.83,3.82,4.23,1.88,4.0,4.5
2020-11-08,2020,Arsenal,Aston Villa,0.0,3.0,A,13.0,15.0,2.0,6.0,1.7,3.97,4.92,1.75,4.2,5.27
2020-11-08,2020,Leicester,Wolves,1.0,0.0,H,10.0,7.0,3.0,2.0,2.38,3.14,3.28,2.5,3.34,3.45
2020-11-08,2020,Man City,Liverpool,1.0,1.0,D,7.0,10.0,2.0,3.0,1.99,4.03,3.42,2.05,4.33,3.59
2020-11-08,2020,West Brom,Tottenham,0.0,1.0,A,12.0,19.0,2.0,5.0,6.38,4.38,1.52,7.0,4.58,1.56
2020-11-21,2020,Aston Villa,Brighton,1.0,2.0,A,15.0,7.0,4.0,3.0,2.19,3.61,3.21,2.27,3.78,3.34
2020-11-21,2020,Man United,West Brom,1.0,0.0,H,17.0,7.0,7.0,2.0,1.34,5.34,9.21,1.38,5.75,10.5
2020-11-21,2020,Newcastle,Chelsea,0.0,2.0,A,8.0,14.0,1.0,3.0,6.39,4.54,1.5,7.0,4.75,1.54
2020-11-21,2020,Tottenham,Man City,2.0,0.0,H,4.0,22.0,2.0,5.0,4.1,4.03,1.81,4.35,4.21,1.88
2020-11-22,2020,Fulham,Everton,2.0,3.0,A,14.0,9.0,6.0,7.0,3.93,3.79,1.9,4.12,3.96,1.96
2020-11-22,2020,Leeds,Arsenal,0.0,0.0,D,25.0,9.0,4.0,2.0,3.13,3.7,2.21,3.28,3.84,2.3
2020-11-22,2020,Liverpool,Leicester,3.0,0.0,H,24.0,11.0,13.0,4.0,1.9,3.92,3.82,1.99,4.15,4.1
2020-11-22,2020,Sheffield United,West Ham,0.0,1.0,A,9.0,15.0,5.0,3.0,3.06,3.26,2.43,3.2,3.46,2.53
2020-11-23,2020,Burnley,Crystal Palace,1.0,0.0,H,10.0,15.0,4.0,5.0,2.79,3.06,2.8,2.9,3.24,2.95
2020-11-23,2020,Wolves,Southampton,1.0,1.0,D,20.0,7.0,9.0,2.0,2.32,3.25,3.27,2.38,3.42,3.5
2020-11-27,2020,Crystal Palace,Newcastle,0.0,2.0,A,12.0,14.0,3.0,7.0,2.15,3.21,3.74,2.23,3.3,3.9
2020-11-28,2020,Brighton,Liverpool,1.0,1.0,D,11.0,6.0,3.0,2.0,5.32,4.19,1.62,5.75,4.4,1.68
2020-11-28,2020,Everton,Leeds,0.0,1.0,A,15.0,23.0,8.0,7.0,2.02,3.72,3.57,2.1,3.99,3.77
2020-11-28,2020,Man City,Burnley,5.0,0.0,H,19.0,9.0,6.0,1.0,1.17,7.84,16.81,1.19,8.5,21.0
2020-11-28,2020,West Brom,Sheffield United,1.0,0.0,H,17.0,21.0,6.0,5.0,2.6,3.17,2.9,2.72,3.34,3.03
2020-11-29,2020,Arsenal,Wolves,1.0,2.0,A,13.0,11.0,2.0,5.0,2.13,3.28,3.72,2.22,3.45,3.81
2020-11-29,2020,Chelsea,Tottenham,0.0,0.0,D,13.0,5.0,3.0,1.0,2.1,3.52,3.53,2.19,3.83,3.69
2020-11-29,2020,Southampton,Man United,2.0,3.0,A,10.0,15.0,5.0,6.0,3.8,3.57,2.0,4.06,3.68,2.07
2020-11-30,2020,Leicester,Fulham,1.0,2.0,A,16.0,10.0,3.0,5.0,1.54,4.35,6.15,1.58,4.53,6.55
2020-11-30,2020,West Ham,Aston Villa,2.0,1.0,H,6.0,16.0,2.0,6.0,2.32,3.57,3.01,2.38,3.8,3.1
2020-12-05,2020,Burnley,Everton,1.0,1.0,D,8.0,13.0,3.0,6.0,4.02,3.5,1.97,4.2,3.64,2.04
2020-12-05,2020,Chelsea,Leeds,3.0,1.0,H,23.0,8.0,11.0,3.0,1.54,4.5,5.82,1.58,4.74,6.2
2020-12-05,2020,Man City,Fulham,2.0,0.0,H,16.0,6.0,6.0,1.0,1.12,9.74,21.84,1.15,11.0,26.0
2020-12-05,2020,West Ham,Man United,1.0,3.0,A,19.0,15.0,6.0,6.0,3.62,3.57,2.05,3.76,3.86,2.12
2020-12-06,2020,Liverpool,Wolves,4.0,0.0,H,11.0,9.0,6.0,3.0,1.52,4.25,6.59,1.57,4.48,7.17
2020-12-06,2020,Sheffield United,Leicester,1.0,2.0,A,4.0,13.0,1.0,4.0,3.86,3.49,2.01,4.02,3.68,2.08
2020-12-06,2020,Tottenham,Arsenal,2.0,0.0,H,6.0,11.0,3.0,2.0,2.01,3.54,3.79,2.1,3.7,4.0
2020-12-06,2020,West Brom,Crystal Palace,1.0,5.0,A,9.0,18.0,4.0,6.0,2.9,3.21,2.58,3.02,3.34,2.65
2020-12-07,2020,Brighton,Southampton,1.0,2.0,A,12.0,10.0,4.0,3.0,2.52,3.36,2.86,2.65,3.58,2.96
2020-12-11,2020,Leeds,West Ham,1.0,2.0,A,13.0,19.0,7.0,8.0,2.18,3.67,3.2,2.25,3.8,3.35
2020-12-12,2020,Everton,Chelsea,1.0,0.0,H,9.0,10.0,4.0,3.0,4.36,4.12,1.75,4.57,4.4,1.8
2020-12-12,2020,Man United,Man City,0.0,0.0,D,11.0,9.0,2.0,2.0,4.39,4.16,1.74,4.75,4.35,1.79
2020-12-12,2020,Newcastle,West Brom,2.0,1.0,H,12.0,13.0,7.0,3.0,2.51,3.25,2.95,2.63,3.42,3.33
2020-12-12,2020,Wolves,Aston Villa,0.0,1.0,A,16.0,13.0,7.0,2.0,2.34,3.27,3.21,2.44,3.43,3.32
2020-12-13,2020,Arsenal,Burnley,0.0,1.0,A,18.0,10.0,6.0,2.0,1.54,4.22,6.42,1.58,4.48,7.0
2020-12-13,2020,Crystal Palace,Tottenham,1.0,1.0,D,16.0,14.0,5.0,6.0,4.71,3.75,1.76,4.92,3.94,1.82
2020-12-13,2020,Fulham,Liverpool,1.0,1.0,D,10.0,12.0,5.0,6.0,8.44,5.66,1.34,9.3,6.0,1.37
2020-12-13,2020,Leicester,Brighton,3.0,0.0,H,15.0,12.0,6.0,4.0,2.03,3.49,3.76,2.11,3.72,3.93
2020-12-13,2020,Southampton,Sheffield United,3.0,0.0,H,16.0,3.0,6.0,0.0,1.72,3.83,4.95,1.76,4.01,5.25
2020-12-15,2020,Man City,West Brom,1.0,1.0,D,26.0,5.0,7.0,1.0,1.12,9.96,22.77,1.16,11.75,29.0
2020-12-15,2020,Wolves,Chelsea,2.0,1.0,H,12.0,13.0,4.0,3.0,5.44,3.79,1.68,5.8,4.05,1.74
2020-12-16,2020,Arsenal,Southampton,1.0,1.0,D,9.0,13.0,4.0,3.0,2.25,3.47,3.19,2.33,3.68,3.32
2020-12-16,2020,Fulham,Brighton,0.0,0.0,D,9.0,9.0,4.0,4.0,2.9,3.28,2.51,3.06,3.45,2.64
2020-12-16,2020,Leeds,Newcastle,5.0,2.0,H,25.0,10.0,10.0,4.0,1.76,3.89,4.49,1.83,4.1,4.7
2020-12-16,2020,Leicester,Everton,0.0,2.0,A,14.0,11.0,2.0,6.0,2.2,3.55,3.22,2.26,3.78,3.37
2020-12-16,2020,Liverpool,Tottenham,2.0,1.0,H,17.0,8.0,11.0,2.0,1.79,3.84,4.44,1.85,4.03,4.72
2020-12-16,2020,West Ham,Crystal Palace,1.0,1.0,D,9.0,8.0,2.0,2.0,2.1,3.4,3.64,2.18,3.6,3.82
2020-12-17,2020,Aston Villa,Burnley,0.0,0.0,D,27.0,6.0,7.0,4.0,1.74,3.84,4.73,1.79,4.04,4.95
2020-12-17,2020,Sheffield United,Man United,2.0,3.0,A,12.0,14.0,6.0,8.0,7.14,4.54,1.46,7.75,4.8,1.5
2020-12-19,2020,Crystal Palace,Liverpool,0.0,7.0,A,5.0,14.0,3.0,8.0,6.2,4.45,1.52,6.52,4.74,1.57
2020-12-19,2020,Everton,Arsenal,2.0,1.0,H,9.0,13.0,2.0,2.0,2.42,3.44,2.93,2.53,3.6,3.1
2020-12-19,2020,Newcastle,Fulham,1.0,1.0,D,12.0,11.0,5.0,4.0,2.58,3.25,2.87,2.66,3.39,2.96
2020-12-19,2020,Southampton,Man City,0.0,1.0,A,9.0,11.0,3.0,5.0,6.48,4.63,1.48,7.0,4.95,1.53
2020-12-20,2020,Brighton,Sheffield United,1.0,1.0,D,21.0,5.0,5.0,3.0,1.69,3.72,5.43,1.75,3.88,5.79
2020-12-20,2020,Man United,Leeds,6.0,2.0,H,26.0,17.0,14.0,3.0,1.71,4.23,4.49,1.77,4.42,4.75
2020-12-20,2020,Tottenham,Leicester,0.0,2.0,A,8.0,17.0,3.0,4.0,2.08,3.48,3.62,2.16,3.79,3.79
2020-12-20,2020,West Brom,Aston Villa,0.0,3.0,A,1.0,19.0,1.0,10.0,3.69,3.7,1.99,3.88,3.86,2.06
2020-12-21,2020,Burnley,Wolves,2.0,1.0,H,10.0,15.0,4.0,3.0,3.61,3.13,2.23,3.75,3.28,2.32
2020-12-21,2020,Chelsea,West Ham,3.0,0.0,H,11.0,6.0,7.0,0.0,1.49,4.63,6.29,1.55,5.0,7.0
2020-12-26,2020,Arsenal,Chelsea,3.0,1.0,H,15.0,19.0,7.0,3.0,4.06,3.59,1.93,4.45,3.75,2.02
2020-12-26,2020,Aston Villa,Crystal Palace,3.0,0.0,H,21.0,13.0,10.0,6.0,1.94,3.75,3.8,2.01,3.95,4.0
2020-12-26,2020,Fulham,Southampton,0.0,0.0,D,10.0,3.0,1.0,2.0,3.19,3.32,2.32,3.35,3.48,2.38
2020-12-26,2020,Leicester,Man United,2.0,2.0,D,10.0,9.0,2.0,4.0,3.01,3.55,2.32,3.13,3.71,2.42
2020-12-26,2020,Man City,Newcastle,2.0,0.0,H,11.0,7.0,6.0,2.0,1.12,9.31,23.28,1.15,10.25,32.0
2020-12-26,2020,Sheffield United,Everton,0.0,1.0,A,10.0,7.0,2.0,3.0,4.2,3.59,1.9,4.4,3.77,1.95
2020-12-27,2020,Leeds,Burnley,1.0,0.0,H,11.0,14.0,4.0,6.0,1.75,3.98,4.5,1.82,4.28,4.85
2020-12-27,2020,Liverpool,West Brom,1.0,1.0,D,17.0,5.0,2.0,3.0,1.13,9.05,20.61,1.15,10.19,26.0
2020-12-27,2020,West Ham,Brighton,2.0,2.0,D,11.0,13.0,4.0,4.0,2.37,3.32,3.11,2.43,3.56,3.3
2020-12-27,2020,Wolves,Tottenham,1.0,1.0,D,11.0,6.0,6.0,3.0,3.62,3.28,2.16,3.78,3.46,2.23
2020-12-28,2020,Chelsea,Aston Villa,1.0,1.0,D,16.0,10.0,5.0,2.0,1.69,4.18,4.72,1.74,4.32,5.0
2020-12-28,2020,Crystal Palace,Leicester,1.0,1.0,D,4.0,17.0,1.0,3.0,3.81,3.52,2.01,3.96,3.66,2.08
2020-12-29,2020,Brighton,Arsenal,0.0,1.0,A,13.0,11.0,2.0,3.0,3.22,3.38,2.29,3.35,3.52,2.39
2020-12-29,2020,Burnley,Sheffield United,1.0,0.0,H,5.0,7.0,3.0,3.0,2.41,3.15,3.22,2.48,3.25,3.42
2020-12-29,2020,Man United,Wolves,1.0,0.0,H,11.0,9.0,3.0,5.0,1.55,4.21,6.1,1.6,4.52,6.5
2020-12-29,2020,Southampton,West Ham,0.0,0.0,D,8.0,8.0,3.0,3.0,2.19,3.48,3.33,2.27,3.6,3.52
2020-12-29,2020,West Brom,Leeds,0.0,5.0,A,4.0,14.0,1.0,6.0,3.59,3.67,2.03,4.07,3.83,2.12
2020-12-30,2020,Newcastle,Liverpool,0.0,0.0,D,8.0,11.0,2.0,4.0,9.81,5.93,1.29,12.0,6.5,1.32
2021-01-01,2020,Everton,West Ham,0.0,1.0,A,10.0,11.0,2.0,5.0,2.15,3.44,3.5,2.22,3.58,3.81
2021-01-01,2020,Man United,Aston Villa,2.0,1.0,H,19.0,5.0,9.0,5.0,1.74,4.14,4.42,1.81,4.35,4.7
2021-01-02,2020,Brighton,Wolves,3.0,3.0,D,13.0,11.0,4.0,4.0,2.66,3.15,2.85,2.76,3.3,2.92
2021-01-02,2020,Crystal Palace,Sheffield United,2.0,0.0,H,9.0,7.0,4.0,2.0,2.01,3.4,3.93,2.09,3.55,4.1
2021-01-02,2020,Tottenham,Leeds,3.0,0.0,H,20.0,18.0,7.0,5.0,1.8,4.05,4.15,1.85,4.28,4.37
2021-01-02,2020,West Brom,Arsenal,0.0,4.0,A,7.0,21.0,3.0,12.0,5.78,4.01,1.61,6.5,4.2,1.66
2021-01-03,2020,Chelsea,Man City,1.0,3.0,A,9.0,18.0,2.0,6.0,3.01,3.66,2.24,3.2,3.8,2.36
2021-01-03,2020,Newcastle,Leicester,1.0,2.0,A,8.0,9.0,2.0,3.0,5.19,3.97,1.67,5.52,4.2,1.72
2021-01-04,2020,Southampton,Liverpool,1.0,0.0,H,7.0,17.0,3.0,1.0,4.89,4.24,1.65,5.1,4.5,1.7
2021-01-12,2020,Burnley,Man United,0.0,1.0,A,11.0,13.0,0.0,7.0,7.03,4.56,1.47,7.7,4.7,1.52
2021-01-12,2020,Sheffield United,Newcastle,1.0,0.0,H,17.0,7.0,4.0,3.0,2.49,3.11,3.13,2.58,3.24,3.25
2021-01-12,2020,Wolves,Everton,1.0,2.0,A,12.0,5.0,3.0,3.0,2.5,3.12,3.1,2.62,3.22,3.2
2021-01-13,2020,Man City,Brighton,1.0,0.0,H,16.0,5.0,6.0,1.0,1.18,7.48,15.78,1.21,8.5,19.0
2021-01-13,2020,Tottenham,Fulham,1.0,1.0,D,15.0,15.0,6.0,4.0,1.4,4.91,7.98,1.43,5.3,8.75
2021-01-14,2020,Arsenal,Crystal Palace,0.0,0.0,D,11.0,12.0,4.0,2.0,1.55,4.1,6.37,1.61,4.25,7.0
2021-01-16,2020,Fulham,Chelsea,0.0,1.0,A,10.0,21.0,3.0,6.0,6.3,4.21,1.55,7.0,4.44,1.6
2021-01-16,2020,Leeds,Brighton,0.0,1.0,A,7.0,7.0,2.0,2.0,2.17,3.57,3.31,2.24,3.72,3.45
2021-01-16,2020,Leicester,Southampton,2.0,0.0,H,16.0,8.0,5.0,3.0,1.8,3.72,4.58,1.85,3.91,5.05
2021-01-16,2020,West Ham,Burnley,1.0,0.0,H,15.0,10.0,4.0,2.0,1.84,3.49,4.69,1.91,3.74,5.0
2021-01-16,2020,Wolves,West Brom,2.0,3.0,A,23.0,12.0,6.0,5.0,1.61,3.67,6.71,1.65,3.92,7.14
2021-01-17,2020,Liverpool,Man United,0.0,0.0,D,17.0,8.0,3.0,4.0,1.97,3.84,3.65,2.02,4.1,3.76
2021-01-17,2020,Man City,Crystal Palace,4.0,0.0,H,13.0,2.0,6.0,0.0,1.17,7.67,17.03,1.19,8.6,21.0
2021-01-17,2020,Sheffield United,Tottenham,1.0,3.0,A,15.0,14.0,5.0,5.0,5.96,3.73,1.65,6.5,3.91,1.7
2021-01-18,2020,Arsenal,Newcastle,3.0,0.0,H,20.0,4.0,6.0,1.0,1.44,4.61,7.54,1.47,4.85,8.2
2021-01-19,2020,Leicester,Chelsea,2.0,0.0,H,8.0,9.0,6.0,5.0,2.9,3.41,2.49,3.04,3.55,2.58
2021-01-19,2020,West Ham,West Brom,2.0,1.0,H,14.0,6.0,6.0,2.0,1.58,4.08,6.09,1.62,4.26,6.59
2021-01-20,2020,Fulham,Man United,1.0,2.0,A,12.0,15.0,5.0,5.0,6.05,4.31,1.55,6.5,4.54,1.59
2021-01-20,2020,Man City,Aston Villa,2.0,0.0,H,28.0,11.0,9.0,4.0,1.25,6.21,11.36,1.29,6.75,13.0
2021-01-21,2020,Liverpool,Burnley,0.0,1.0,A,27.0,6.0,6.0,4.0,1.2,7.05,14.89,1.23,8.0,17.75
2021-01-23,2020,Aston Villa,Newcastle,2.0,0.0,H,14.0,7.0,5.0,1.0,1.5,4.53,6.37,1.55,4.75,6.8
2021-01-26,2020,Crystal Palace,West Ham,2.0,3.0,A,6.0,17.0,3.0,7.0,3.16,3.27,2.39,3.27,3.4,2.5
2021-01-26,2020,Newcastle,Leeds,1.0,2.0,A,22.0,9.0,5.0,2.0,3.83,3.83,1.93,3.97,4.0,2.0
2021-01-26,2020,Southampton,Arsenal,1.0,3.0,A,13.0,9.0,5.0,5.0,3.49,3.6,2.09,3.62,3.73,2.18
2021-01-26,2020,West Brom,Man City,0.0,5.0,A,4.0,18.0,1.0,7.0,15.44,7.06,1.2,18.0,7.5,1.23
2021-01-27,2020,Brighton,Fulham,0.0,0.0,D,16.0,10.0,5.0,3.0,2.06,3.38,3.82,2.14,3.56,4.0
2021-01-27,2020,Burnley,Aston Villa,3.0,2.0,H,10.0,18.0,5.0,10.0,3.84,3.53,2.0,4.03,3.69,2.06
2021-01-27,2020,Chelsea,Wolves,0.0,0.0,D,14.0,4.0,5.0,0.0,1.62,4.08,5.53,1.69,4.3,6.0
2021-01-27,2020,Everton,Leicester,1.0,1.0,D,8.0,19.0,2.0,6.0,2.83,3.25,2.61,2.94,3.4,2.71
2021-01-27,2020,Man United,Sheffield United,1.0,2.0,A,16.0,5.0,4.0,3.0,1.28,5.94,10.6,1.32,6.3,12.0
2021-01-28,2020,Tottenham,Liverpool,1.0,3.0,A,3.0,14.0,2.0,7.0,3.22,3.54,2.22,3.45,3.73,2.3
2021-01-30,2020,Arsenal,Man United,0.0,0.0,D,17.0,14.0,3.0,3.0,2.86,3.4,2.51,2.98,3.65,2.62
2021-01-30,2020,Crystal Palace,Wolves,1.0,0.0,H,11.0,6.0,2.0,4.0,2.96,3.1,2.61,3.09,3.26,2.72
2021-01-30,2020,Everton,Newcastle,0.0,2.0,A,11.0,13.0,3.0,3.0,1.59,3.95,6.27,1.63,4.18,6.7
2021-01-30,2020,Man City,Sheffield United,1.0,0.0,H,10.0,4.0,5.0,1.0,1.13,8.75,21.73,1.16,9.6,27.0
2021-01-30,2020,Southampton,Aston Villa,0.0,1.0,A,20.0,8.0,5.0,4.0,2.86,3.59,2.41,2.98,3.76,2.52
2021-01-30,2020,West Brom,Fulham,2.0,2.0,D,5.0,12.0,3.0,7.0,3.33,3.19,2.32,3.45,3.27,2.44
2021-01-31,2020,Brighton,Tottenham,1.0,0.0,H,16.0,8.0,5.0,4.0,3.12,3.36,2.35,3.2,3.52,2.44
2021-01-31,2020,Chelsea,Burnley,2.0,0.0,H,19.0,1.0,8.0,0.0,1.34,5.15,9.64,1.38,5.5,10.5
2021-01-31,2020,Leicester,Leeds,1.0,3.0,A,18.0,8.0,8.0,7.0,1.82,4.02,4.11,1.88,4.2,4.3
2021-01-31,2020,West Ham,Liverpool,1.0,3.0,A,8.0,14.0,2.0,5.0,4.39,3.99,1.77,4.7,4.27,1.82
2021-02-02,2020,Man United,Southampton,9.0,0.0,H,24.0,3.0,14.0,1.0,1.44,4.73,7.22,1.49,4.93,8.3
2021-02-02,2020,Newcastle,Crystal Palace,1.0,2.0,A,21.0,6.0,5.0,3.0,2.91,3.15,2.63,3.02,3.35,2.72
2021-02-02,2020,Sheffield United,West Brom,2.0,1.0,H,14.0,8.0,6.0,4.0,2.05,3.3,3.99,2.14,3.48,4.3
2021-02-02,2020,Wolves,Arsenal,2.0,1.0,H,11.0,9.0,7.0,3.0,3.63,3.29,2.17,3.75,3.46,2.22
2021-02-03,2020,Aston Villa,West Ham,1.0,3.0,A,9.0,20.0,2.0,10.0,2.21,3.43,3.33,2.28,3.59,3.48
2021-02-03,2020,Burnley,Man City,0.0,2.0,A,2.0,17.0,0.0,6.0,14.33,6.54,1.22,17.5,7.1,1.24
2021-02-03,2020,Fulham,Leicester,0.0,2.0,A,8.0,9.0,1.0,5.0,4.0,3.49,1.97,4.17,3.72,2.04
2021-02-03,2020,Leeds,Everton,1.0,2.0,A,16.0,10.0,7.0,6.0,2.47,3.63,2.75,2.58,3.84,2.83
2021-02-03,2020,Liverpool,Brighton,0.0,1.0,A,11.0,13.0,1.0,4.0,1.36,5.23,8.38,1.41,5.55,9.0
2021-02-04,2020,Tottenham,Chelsea,0.0,1.0,A,7.0,18.0,2.0,2.0,3.48,3.43,2.16,3.64,3.58,2.25
2021-02-06,2020,Aston Villa,Arsenal,1.0,0.0,H,12.0,14.0,8.0,3.0,2.74,3.47,2.56,2.87,3.66,2.65
2021-02-06,2020,Burnley,Brighton,1.0,1.0,D,20.0,10.0,7.0,2.0,3.58,3.17,2.22,3.75,3.37,2.3
2021-02-06,2020,Fulham,West Ham,0.0,0.0,D,20.0,8.0,2.0,1.0,3.57,3.46,2.1,3.75,3.62,2.16
2021-02-06,2020,Man United,Everton,3.0,3.0,D,14.0,6.0,5.0,3.0,1.56,4.26,5.99,1.6,4.5,6.65
2021-02-06,2020,Newcastle,Southampton,3.0,2.0,H,6.0,14.0,4.0,5.0,2.99,3.27,2.47,3.15,3.34,2.62
2021-02-07,2020,Liverpool,Man City,1.0,4.0,A,8.0,8.0,3.0,5.0,3.37,3.63,2.12,3.54,3.78,2.2
2021-02-07,2020,Sheffield United,Chelsea,1.0,2.0,A,8.0,9.0,3.0,3.0,7.18,4.38,1.48,7.8,4.75,1.52
2021-02-07,2020,Tottenham,West Brom,2.0,0.0,H,13.0,4.0,6.0,1.0,1.46,4.51,7.23,1.5,4.73,8.0
2021-02-07,2020,Wolves,Leicester,0.0,0.0,D,13.0,13.0,1.0,3.0,3.52,3.37,2.16,3.7,3.5,2.22
2021-02-08,2020,Leeds,Crystal Palace,2.0,0.0,H,17.0,8.0,7.0,3.0,1.86,3.82,4.06,1.93,4.08,4.3
2021-02-13,2020,Brighton,Aston Villa,0.0,0.0,D,26.0,4.0,9.0,1.0,2.77,3.4,2.56,2.88,3.55,2.64
2021-02-13,2020,Crystal Palace,Burnley,0.0,3.0,A,13.0,16.0,3.0,4.0,2.42,3.11,3.22,2.54,3.32,3.35
2021-02-13,2020,Leicester,Liverpool,3.0,1.0,H,11.0,15.0,6.0,4.0,3.45,3.49,2.14,3.6,3.66,2.24
2021-02-13,2020,Man City,Tottenham,3.0,0.0,H,15.0,7.0,6.0,3.0,1.33,5.56,8.65,1.37,6.1,9.5
2021-02-14,2020,Arsenal,Leeds,4.0,2.0,H,13.0,9.0,5.0,5.0,1.89,3.77,3.98,1.96,3.92,4.11
2021-02-14,2020,Everton,Fulham,0.0,2.0,A,7.0,12.0,2.0,3.0,1.93,3.53,4.09,1.98,3.74,4.24
2021-02-14,2020,Southampton,Wolves,1.0,2.0,A,7.0,10.0,3.0,4.0,2.42,3.21,3.12,2.56,3.36,3.28
2021-02-14,2020,West Brom,Man United,1.0,1.0,D,7.0,10.0,3.0,7.0,9.19,5.52,1.33,10.0,6.0,1.35
2021-02-15,2020,Chelsea,Newcastle,2.0,0.0,H,18.0,10.0,5.0,4.0,1.24,6.36,11.97,1.29,6.9,13.75
2021-02-15,2020,West Ham,Sheffield United,3.0,0.0,H,13.0,8.0,9.0,5.0,1.73,3.74,5.04,1.79,3.9,5.32
2021-02-17,2020,Burnley,Fulham,1.0,1.0,D,8.0,8.0,3.0,3.0,2.77,3.15,2.72,2.89,3.34,2.85
2021-02-17,2020,Everton,Man City,1.0,3.0,A,3.0,16.0,2.0,7.0,8.56,5.33,1.35,9.5,5.75,1.38
2021-02-19,2020,Wolves,Leeds,1.0,0.0,H,15.0,18.0,5.0,7.0,2.38,3.36,3.08,2.46,3.5,3.22
2021-02-20,2020,Burnley,West Brom,0.0,0.0,D,6.0,10.0,1.0,3.0,2.04,3.31,3.96,2.12,3.47,4.12
2021-02-20,2020,Fulham,Sheffield United,1.0,0.0,H,15.0,4.0,7.0,2.0,2.2,3.19,3.61,2.27,3.29,3.85
2021-02-20,2020,Liverpool,Everton,0.0,2.0,A,15.0,9.0,6.0,6.0,1.47,4.59,6.79,1.51,4.9,7.6
2021-02-20,2020,Southampton,Chelsea,1.0,1.0,D,4.0,9.0,1.0,3.0,4.93,3.76,1.74,5.25,3.9,1.79
2021-02-21,2020,Arsenal,Man City,0.0,1.0,A,7.0,15.0,1.0,3.0,6.27,4.36,1.53,6.9,4.58,1.57
2021-02-21,2020,Aston Villa,Leicester,1.0,2.0,A,11.0,16.0,2.0,7.0,2.87,3.5,2.44,2.95,3.73,2.5
2021-02-21,2020,Man United,Newcastle,3.0,1.0,H,15.0,10.0,7.0,6.0,1.3,5.75,10.27,1.32,6.0,12.0
2021-02-21,2020,West Ham,Tottenham,2.0,1.0,H,4.0,20.0,4.0,4.0,2.64,3.33,2.73,2.78,3.52,2.8
2021-02-22,2020,Brighton,Crystal Palace,1.0,2.0,A,25.0,3.0,5.0,2.0,1.74,3.53,5.36,1.81,3.7,5.75
2021-02-23,2020,Leeds,Southampton,3.0,0.0,H,11.0,13.0,7.0,5.0,2.34,3.47,3.06,2.42,3.6,3.2
2021-02-27,2020,Leeds,Aston Villa,0.0,1.0,A,13.0,9.0,3.0,4.0,2.23,3.63,3.12,2.32,3.75,3.26
2021-02-27,2020,Man City,West Ham,2.0,1.0,H,10.0,9.0,3.0,3.0,1.23,6.55,12.55,1.26,7.2,14.5
2021-02-27,2020,Newcastle,Wolves,1.0,1.0,D,19.0,14.0,7.0,4.0,3.51,3.12,2.28,3.78,3.27,2.38
2021-02-27,2020,West Brom,Brighton,1.0,0.0,H,6.0,15.0,2.0,6.0,4.14,3.44,1.96,4.35,3.6,2.04
2021-02-28,2020,Chelsea,Man United,0.0,0.0,D,18.0,11.0,6.0,4.0,2.27,3.29,3.35,2.38,3.45,3.6
2021-02-28,2020,Crystal Palace,Fulham,0.0,0.0,D,3.0,16.0,0.0,4.0,3.49,3.17,2.26,3.68,3.32,2.35
2021-02-28,2020,Leicester,Arsenal,1.0,3.0,A,8.0,12.0,3.0,4.0,2.51,3.34,2.89,2.64,3.5,3.08
2021-02-28,2020,Sheffield United,Liverpool,0.0,2.0,A,8.0,16.0,2.0,8.0,7.56,4.94,1.41,8.11,5.3,1.45
2021-02-28,2020,Tottenham,Burnley,4.0,0.0,H,16.0,10.0,7.0,3.0,1.55,4.04,6.66,1.6,4.35,7.22
2021-03-01,2020,Everton,Southampton,1.0,0.0,H,7.0,9.0,1.0,1.0,2.19,3.45,3.34,2.28,3.58,3.53
2021-03-02,2020,Man City,Wolves,4.0,1.0,H,22.0,6.0,10.0,1.0,1.22,6.41,15.26,1.25,7.08,19.0
2021-03-03,2020,Burnley,Leicester,1.0,1.0,D,12.0,15.0,7.0,4.0,3.97,3.3,2.05,4.1,3.65,2.15
2021-03-03,2020,Crystal Palace,Man United,0.0,0.0,D,8.0,11.0,2.0,1.0,7.56,4.6,1.44,8.18,4.8,1.48
2021-03-03,2020,Sheffield United,Aston Villa,1.0,0.0,H,9.0,16.0,2.0,4.0,3.73,3.44,2.07,3.9,3.6,2.15
2021-03-04,2020,Fulham,Tottenham,0.0,1.0,A,11.0,9.0,3.0,2.0,3.95,3.57,1.96,4.1,3.75,2.02
2021-03-04,2020,Liverpool,Chelsea,0.0,1.0,A,7.0,11.0,1.0,5.0,2.26,3.59,3.1,2.36,3.79,3.24
2021-03-04,2020,West Brom,Everton,0.0,1.0,A,11.0,11.0,3.0,3.0,4.43,3.67,1.84,4.6,3.91,1.89
2021-03-06,2020,Aston Villa,Wolves,0.0,0.0,D,9.0,10.0,1.0,2.0,2.42,3.2,3.14,2.5,3.41,3.28
2021-03-06,2020,Brighton,Leicester,1.0,2.0,A,7.0,8.0,2.0,4.0,2.56,3.24,2.9,2.66,3.4,3.07
2021-03-06,2020,Burnley,Arsenal,1.0,1.0,D,9.0,15.0,5.0,3.0,5.48,3.94,1.64,5.8,4.12,1.69
2021-03-06,2020,Sheffield United,Southampton,0.0,2.0,A,8.0,15.0,2.0,5.0,3.67,3.4,2.09,3.8,3.6,2.18
2021-03-07,2020,Liverpool,Fulham,0.0,1.0,A,16.0,10.0,3.0,3.0,1.38,4.98,8.39,1.44,5.35,9.5
2021-03-07,2020,Man City,Man United,0.0,2.0,A,23.0,8.0,6.0,6.0,1.5,4.35,6.74,1.54,4.55,7.5
2021-03-07,2020,Tottenham,Crystal Palace,4.0,1.0,H,12.0,5.0,5.0,1.0,1.47,4.48,7.11,1.53,4.75,7.5
2021-03-07,2020,West Brom,Newcastle,0.0,0.0,D,13.0,9.0,3.0,5.0,2.45,3.2,3.09,2.55,3.38,3.2
2021-03-08,2020,Chelsea,Everton,2.0,0.0,H,19.0,7.0,9.0,1.0,1.55,4.14,6.29,1.62,4.4,6.9
2021-03-08,2020,West Ham,Leeds,2.0,0.0,H,16.0,17.0,5.0,2.0,2.09,3.59,3.46,2.18,3.8,3.57
2021-03-10,2020,Man City,Southampton,5.0,2.0,H,17.0,11.0,10.0,6.0,1.21,6.91,14.17,1.23,7.51,17.0
2021-03-12,2020,Newcastle,Aston Villa,1.0,1.0,D,12.0,15.0,3.0,6.0,3.8,3.33,2.09,4.04,3.5,2.18
2021-03-13,2020,Crystal Palace,West Brom,1.0,0.0,H,6.0,12.0,4.0,1.0,2.24,3.17,3.55,2.32,3.34,3.7
2021-03-13,2020,Everton,Burnley,1.0,2.0,A,14.0,14.0,4.0,5.0,1.88,3.49,4.42,1.95,3.66,4.7
2021-03-13,2020,Fulham,Man City,0.0,3.0,A,3.0,8.0,0.0,7.0,9.63,4.98,1.35,10.59,5.41,1.38
2021-03-13,2020,Leeds,Chelsea,0.0,0.0,D,7.0,15.0,4.0,8.0,4.57,3.9,1.76,4.8,4.12,1.81
2021-03-14,2020,Arsenal,Tottenham,2.0,1.0,H,13.0,6.0,3.0,3.0,2.56,3.34,2.82,2.68,3.58,2.9
2021-03-14,2020,Leicester,Sheffield United,5.0,0.0,H,19.0,1.0,10.0,0.0,1.54,4.12,6.6,1.6,4.31,7.0
2021-03-14,2020,Man United,West Ham,1.0,0.0,H,15.0,7.0,4.0,0.0,1.86,3.57,4.42,1.92,3.7,4.6
2021-03-14,2020,Southampton,Brighton,1.0,2.0,A,9.0,8.0,4.0,6.0,2.98,3.07,2.6,3.08,3.2,2.7
2021-03-15,2020,Wolves,Liverpool,0.0,1.0,A,10.0,12.0,5.0,4.0,4.81,3.74,1.76,5.1,3.9,1.82
2021-03-19,2020,Fulham,Leeds,1.0,2.0,A,13.0,13.0,6.0,4.0,2.43,3.35,3.0,2.5,3.52,3.1
2021-03-20,2020,Brighton,Newcastle,3.0,0.0,H,11.0,3.0,6.0,1.0,1.66,3.54,6.24,1.72,3.62,7.0
2021-03-21,2020,Aston Villa,Tottenham,0.0,2.0,A,8.0,9.0,1.0,3.0,2.97,3.38,2.42,3.11,3.5,2.5
2021-03-21,2020,West Ham,Arsenal,3.0,3.0,D,15.0,16.0,5.0,7.0,2.83,3.43,2.5,2.96,3.6,2.6
2021-04-03,2020,Arsenal,Liverpool,0.0,3.0,A,3.0,16.0,2.0,7.0,3.13,3.56,2.26,3.26,3.7,2.35
2021-04-03,2020,Chelsea,West Brom,2.0,5.0,A,18.0,14.0,8.0,7.0,1.22,6.33,14.99,1.25,6.95,17.0
2021-04-03,2020,Leeds,Sheffield United,2.0,1.0,H,23.0,9.0,8.0,1.0,1.52,4.4,6.36,1.56,4.6,7.0
2021-04-03,2020,Leicester,Man City,0.0,2.0,A,5.0,11.0,2.0,4.0,6.16,4.07,1.57,6.75,4.33,1.63
2021-04-04,2020,Aston Villa,Fulham,3.0,1.0,H,14.0,15.0,4.0,7.0,2.28,3.29,3.32,2.33,3.41,3.46
2021-04-04,2020,Man United,Brighton,2.0,1.0,H,15.0,5.0,7.0,3.0,1.64,3.97,5.39,1.7,4.21,5.75
2021-04-04,2020,Newcastle,Tottenham,2.0,2.0,D,22.0,11.0,6.0,5.0,5.56,4.03,1.62,5.9,4.27,1.66
2021-04-04,2020,Southampton,Burnley,3.0,2.0,H,24.0,7.0,9.0,5.0,2.1,3.29,3.78,2.17,3.43,3.97
2021-04-05,2020,Everton,Crystal Palace,1.0,1.0,D,15.0,13.0,7.0,6.0,1.8,3.46,4.91,1.86,3.6,5.2
2021-04-05,2020,Wolves,West Ham,2.0,3.0,A,20.0,9.0,5.0,6.0,2.95,3.13,2.58,3.02,3.25,2.67
2021-04-09,2020,Fulham,Wolves,0.0,1.0,A,14.0,7.0,3.0,3.0,2.57,3.01,3.14,2.65,3.13,3.26
2021-04-10,2020,Crystal Palace,Chelsea,1.0,4.0,A,1.0,23.0,1.0,10.0,6.95,3.98,1.54,7.5,4.2,1.57
2021-04-10,2020,Liverpool,Aston Villa,2.0,1.0,H,23.0,9.0,10.0,5.0,1.52,4.51,6.22,1.56,4.75,6.85
2021-04-10,2020,Man City,Leeds,1.0,2.0,A,29.0,2.0,7.0,2.0,1.3,5.92,9.56,1.33,6.5,10.61
2021-04-11,2020,Burnley,Newcastle,1.0,2.0,A,24.0,10.0,4.0,5.0,2.34,3.12,3.39,2.43,3.25,3.75
2021-04-11,2020,Sheffield United,Arsenal,0.0,3.0,A,7.0,14.0,2.0,5.0,6.15,3.97,1.59,6.5,4.1,1.63
2021-04-11,2020,Tottenham,Man United,1.0,3.0,A,12.0,12.0,3.0,7.0,2.87,3.44,2.49,2.98,3.65,2.59
2021-04-11,2020,West Ham,Leicester,3.0,2.0,H,4.0,15.0,4.0,5.0,3.01,3.38,2.41,3.15,3.54,2.5
2021-04-12,2020,Brighton,Everton,0.0,0.0,D,23.0,8.0,3.0,1.0,2.3,3.26,3.31,2.47,3.42,3.48
2021-04-12,2020,West Brom,Southampton,3.0,0.0,H,15.0,14.0,6.0,4.0,3.55,3.28,2.19,3.7,3.58,2.24
2021-04-16,2020,Everton,Tottenham,2.0,2.0,D,18.0,12.0,7.0,3.0,3.42,3.47,2.17,3.6,3.6,2.24
2021-04-17,2020,Newcastle,West Ham,3.0,2.0,H,16.0,16.0,8.0,6.0,3.65,3.45,2.08,3.97,3.56,2.15
2021-04-17,2020,Wolves,Sheffield United,1.0,0.0,H,10.0,8.0,5.0,2.0,1.69,3.55,5.81,1.74,3.72,6.15
2021-04-18,2020,Arsenal,Fulham,1.0,1.0,D,18.0,3.0,5.0,1.0,1.75,3.72,4.91,1.8,3.85,5.25
2021-04-18,2020,Man United,Burnley,3.0,1.0,H,17.0,10.0,9.0,3.0,1.36,5.05,9.25,1.4,5.5,10.5
2021-04-19,2020,Leeds,Liverpool,1.0,1.0,D,12.0,17.0,5.0,7.0,4.7,4.26,1.68,4.9,4.48,1.73
2021-04-20,2020,Chelsea,Brighton,0.0,0.0,D,7.0,11.0,4.0,2.0,1.61,3.85,6.26,1.67,4.0,6.66
2021-04-21,2020,Aston Villa,Man City,1.0,2.0,A,8.0,13.0,3.0,3.0,8.68,4.88,1.38,9.7,5.15,1.42
2021-04-21,2020,Tottenham,Southampton,2.0,1.0,H,12.0,10.0,3.0,5.0,1.8,3.79,4.42,1.86,4.04,4.7
2021-04-22,2020,Leicester,West Brom,3.0,0.0,H,17.0,4.0,7.0,1.0,1.59,4.08,5.94,1.63,4.24,6.25
2021-04-23,2020,Arsenal,Everton,0.0,1.0,A,14.0,8.0,3.0,1.0,2.06,3.46,3.77,2.13,3.6,3.96
2021-04-24,2020,Liverpool,Newcastle,1.0,1.0,D,22.0,7.0,9.0,4.0,1.24,6.38,12.06,1.28,6.75,13.5
2021-04-24,2020,Sheffield United,Brighton,1.0,0.0,H,7.0,17.0,3.0,4.0,5.33,3.56,1.74,5.6,3.77,1.8
2021-04-24,2020,West Ham,Chelsea,0.0,1.0,A,9.0,17.0,2.0,6.0,4.74,3.75,1.77,5.0,3.9,1.86
2021-04-25,2020,Aston Villa,West Brom,2.0,2.0,D,24.0,10.0,11.0,4.0,1.88,3.67,4.19,1.93,3.82,4.4
2021-04-25,2020,Leeds,Man United,0.0,0.0,D,6.0,16.0,3.0,4.0,4.05,4.05,1.82,4.3,4.25,1.92
2021-04-25,2020,Wolves,Burnley,0.0,4.0,A,12.0,14.0,2.0,7.0,2.07,3.31,3.88,2.15,3.46,4.05
2021-04-26,2020,Leicester,Crystal Palace,2.0,1.0,H,13.0,4.0,5.0,2.0,1.47,4.26,7.71,1.5,4.46,8.5
2021-04-30,2020,Southampton,Leicester,1.0,1.0,D,5.0,23.0,3.0,9.0,3.82,3.81,1.94,4.0,3.96,2.0
2021-05-01,2020,Brighton,Leeds,2.0,0.0,H,17.0,11.0,5.0,2.0,2.16,3.45,3.43,2.24,3.55,3.59
2021-05-01,2020,Chelsea,Fulham,2.0,0.0,H,9.0,10.0,5.0,3.0,1.48,4.27,7.59,1.53,4.45,8.05
2021-05-01,2020,Crystal Palace,Man City,0.0,2.0,A,9.0,20.0,4.0,3.0,10.1,5.14,1.34,11.0,5.5,1.38
2021-05-01,2020,Everton,Aston Villa,1.0,2.0,A,16.0,13.0,3.0,5.0,2.02,3.62,3.69,2.09,3.75,4.2
2021-05-02,2020,Newcastle,Arsenal,0.0,2.0,A,5.0,19.0,1.0,5.0,3.64,3.57,2.05,3.79,3.74,2.13
2021-05-02,2020,Tottenham,Sheffield United,4.0,0.0,H,20.0,8.0,11.0,1.0,1.29,5.73,11.16,1.33,6.3,13.0
2021-05-03,2020,Burnley,West Ham,1.0,2.0,A,8.0,22.0,3.0,4.0,3.17,3.49,2.26,3.3,3.62,2.4
2021-05-03,2020,West Brom,Wolves,1.0,1.0,D,10.0,20.0,4.0,10.0,2.91,3.19,2.58,3.0,3.3,2.75
2021-05-07,2020,Leicester,Newcastle,2.0,4.0,A,25.0,14.0,9.0,6.0,1.42,4.8,7.83,1.46,5.0,8.5
2021-05-08,2020,Leeds,Tottenham,3.0,1.0,H,16.0,11.0,7.0,3.0,3.46,3.8,2.04,3.58,3.93,2.11
2021-05-08,2020,Liverpool,Southampton,2.0,0.0,H,14.0,12.0,6.0,6.0,1.29,5.97,10.14,1.32,6.34,12.0
2021-05-08,2020,Man City,Chelsea,1.0,2.0,A,16.0,12.0,4.0,5.0,1.94,3.45,4.26,1.99,3.65,4.4
2021-05-08,2020,Sheffield United,Crystal Palace,0.0,2.0,A,7.0,21.0,0.0,8.0,2.97,3.25,2.52,3.07,3.36,2.6
2021-05-09,2020,Arsenal,West Brom,3.0,1.0,H,15.0,12.0,7.0,1.0,1.47,4.53,7.01,1.54,4.75,7.6
2021-05-09,2020,Aston Villa,Man United,1.0,3.0,A,11.0,18.0,5.0,7.0,4.38,3.81,1.82,4.7,3.9,1.87
2021-05-09,2020,West Ham,Everton,0.0,1.0,A,11.0,9.0,0.0,3.0,2.27,3.44,3.22,2.35,3.56,3.36
2021-05-09,2020,Wolves,Brighton,2.0,1.0,H,16.0,5.0,6.0,3.0,3.35,3.3,2.27,3.5,3.46,2.35
2021-05-10,2020,Fulham,Burnley,0.0,2.0,A,21.0,14.0,3.0,5.0,2.21,3.41,3.35,2.29,3.56,3.47
2021-05-11,2020,Man United,Leicester,1.0,2.0,A,4.0,12.0,1.0,3.0,2.54,3.37,2.88,2.64,3.48,3.0
2021-05-11,2020,Southampton,Crystal Palace,3.0,1.0,H,13.0,11.0,6.0,4.0,2.1,3.56,3.56,2.15,3.7,3.75
2021-05-12,2020,Chelsea,Arsenal,0.0,1.0,A,19.0,5.0,5.0,2.0,1.73,3.8,5.04,1.81,4.0,5.3
2021-05-13,2020,Aston Villa,Everton,0.0,0.0,D,13.0,15.0,2.0,5.0,2.72,3.44,2.61,2.82,3.63,2.75
2021-05-13,2020,Man United,Liverpool,2.0,4.0,A,18.0,17.0,3.0,8.0,3.15,3.76,2.18,3.3,3.95,2.25
2021-05-14,2020,Newcastle,Man City,3.0,4.0,A,11.0,15.0,5.0,6.0,10.52,5.8,1.3,12.0,6.25,1.34
2021-05-15,2020,Brighton,West Ham,1.0,1.0,D,10.0,15.0,2.0,3.0,2.98,3.49,2.39,3.1,3.7,2.48
2021-05-15,2020,Burnley,Leeds,0.0,4.0,A,16.0,16.0,4.0,6.0,3.14,3.64,2.23,3.27,3.75,2.32
2021-05-15,2020,Southampton,Fulham,3.0,1.0,H,11.0,10.0,7.0,3.0,2.02,3.58,3.73,2.08,3.73,3.94
2021-05-16,2020,Crystal Palace,Aston Villa,3.0,2.0,H,23.0,19.0,8.0,5.0,3.05,3.5,2.33,3.16,3.62,2.45
2021-05-16,2020,Everton,Sheffield United,0.0,1.0,A,16.0,10.0,6.0,3.0,1.4,4.73,8.34,1.46,5.0,9.0
2021-05-16,2020,Tottenham,Wolves,2.0,0.0,H,24.0,15.0,13.0,3.0,1.54,4.28,6.27,1.58,4.45,6.5
2021-05-16,2020,West Brom,Liverpool,1.0,2.0,A,10.0,26.0,3.0,6.0,12.37,6.75,1.23,15.0,7.3,1.27
2021-05-18,2020,Brighton,Man City,3.0,2.0,H,19.0,8.0,6.0,4.0,6.93,4.49,1.49,7.5,4.7,1.53
2021-05-18,2020,Chelsea,Leicester,2.0,1.0,H,17.0,7.0,6.0,3.0,1.72,3.71,5.37,1.78,3.82,5.6
2021-05-18,2020,Man United,Fulham,1.0,1.0,D,13.0,8.0,6.0,5.0,1.32,5.71,9.38,1.35,6.1,10.25
2021-05-18,2020,Southampton,Leeds,0.0,2.0,A,18.0,15.0,3.0,7.0,2.6,3.81,2.54,2.72,3.95,2.63
2021-05-19,2020,Burnley,Liverpool,0.0,3.0,A,10.0,20.0,4.0,3.0,10.82,6.67,1.25,12.0,7.0,1.28
2021-05-19,2020,Crystal Palace,Arsenal,1.0,3.0,A,12.0,6.0,6.0,3.0,6.14,4.41,1.53,6.5,4.64,1.58
2021-05-19,2020,Everton,Wolves,1.0,0.0,H,14.0,9.0,4.0,3.0,1.89,3.61,4.25,1.96,3.75,4.5
2021-05-19,2020,Newcastle,Sheffield United,1.0,0.0,H,16.0,11.0,5.0,1.0,1.75,3.83,4.75,1.79,3.96,5.0
2021-05-19,2020,Tottenham,Aston Villa,1.0,2.0,A,10.0,20.0,4.0,4.0,1.53,4.65,5.85,1.58,4.9,6.2
2021-05-19,2020,West Brom,West Ham,1.0,3.0,A,14.0,21.0,4.0,9.0,5.26,4.25,1.62,5.5,4.48,1.67
2021-05-23,2020,Arsenal,Brighton,2.0,0.0,H,16.0,5.0,5.0,1.0,1.62,4.29,5.23,1.67,4.5,5.5
2021-05-23,2020,Aston Villa,Chelsea,2.0,1.0,H,6.0,23.0,3.0,7.0,6.62,4.56,1.49,7.0,4.78,1.52
2021-05-23,2020,Fulham,Newcastle,0.0,2.0,A,14.0,10.0,0.0,4.0,2.09,3.81,3.32,2.21,3.97,3.45
2021-05-23,2020,Leeds,West Brom,3.0,1.0,H,17.0,14.0,9.0,5.0,1.44,5.18,6.51,1.49,5.5,7.0
2021-05-23,2020,Leicester,Tottenham,2.0,4.0,A,10.0,11.0,6.0,4.0,2.04,4.02,3.33,2.11,4.2,3.5
2021-05-23,2020,Liverpool,Crystal Palace,2.0,0.0,H,19.0,5.0,5.0,4.0,1.16,8.28,17.35,1.19,9.0,20.0
2021-05-23,2020,Man City,Everton,5.0,0.0,H,21.0,8.0,11.0,3.0,1.44,4.94,6.83,1.48,5.25,7.4
2021-05-23,2020,Sheffield United,Burnley,1.0,0.0,H,12.0,10.0,3.0,3.0,2.84,3.63,2.41,2.9,3.76,2.48
2021-05-23,2020,West Ham,Southampton,3.0,0.0,H,14.0,17.0,7.0,5.0,1.72,4.0,4.76,1.76,4.18,5.04
2021-05-23,2020,Wolves,Man United,1.0,2.0,A,14.0,9.0,4.0,4.0,2.53,3.63,2.69,2.63,3.78,2.81
2021-08-13,2021,Brentford,Arsenal,2.0,0.0,H,8.0,22.0,3.0,4.0,4.02,3.43,2.02,4.62,3.72,2.1
2021-08-14,2021,Burnley,Brighton,1.0,2.0,A,14.0,14.0,3.0,8.0,3.19,3.09,2.49,3.33,3.2,2.6
2021-08-14,2021,Chelsea,Crystal Palace,3.0,0.0,H,13.0,4.0,6.0,1.0,1.26,5.92,12.8,1.3,6.3,15.0
2021-08-14,2021,Everton,Southampton,3.0,1.0,H,14.0,6.0,6.0,3.0,1.97,3.53,4.04,2.04,3.66,4.25
2021-08-14,2021,Leicester,Wolves,1.0,0.0,H,9.0,17.0,5.0,3.0,1.71,3.75,5.32,1.75,3.96,5.6
2021-08-14,2021,Man United,Leeds,5.0,1.0,H,16.0,10.0,8.0,3.0,1.55,4.48,5.87,1.59,4.65,6.35
2021-08-14,2021,Norwich,Liverpool,0.0,3.0,A,14.0,19.0,3.0,8.0,8.78,5.71,1.33,9.9,6.0,1.37
2021-08-14,2021,Watford,Aston Villa,3.0,2.0,H,13.0,11.0,7.0,2.0,3.14,3.26,2.41,3.3,3.4,2.5
2021-08-15,2021,Newcastle,West Ham,2.0,4.0,A,17.0,8.0,3.0,9.0,3.2,3.51,2.26,3.36,3.61,2.36
2021-08-15,2021,Tottenham,Man City,1.0,0.0,H,13.0,18.0,3.0,4.0,5.49,4.1,1.64,5.85,4.3,1.68
2021-08-21,2021,Aston Villa,Newcastle,2.0,0.0,H,10.0,9.0,2.0,1.0,1.82,3.92,4.25,1.87,4.2,4.5
2021-08-21,2021,Brighton,Watford,2.0,0.0,H,13.0,10.0,3.0,1.0,1.74,3.52,5.53,1.8,3.6,5.9
2021-08-21,2021,Crystal Palace,Brentford,0.0,0.0,D,7.0,14.0,2.0,3.0,2.61,3.18,2.9,2.7,3.3,3.02
2021-08-21,2021,Leeds,Everton,2.0,2.0,D,17.0,17.0,4.0,8.0,2.37,3.47,3.03,2.45,3.6,3.19
2021-08-21,2021,Liverpool,Burnley,2.0,0.0,H,27.0,9.0,9.0,3.0,1.21,6.97,14.41,1.24,7.5,17.0
2021-08-21,2021,Man City,Norwich,5.0,0.0,H,16.0,1.0,4.0,0.0,1.11,10.58,25.64,1.13,12.5,33.0
2021-08-22,2021,Arsenal,Chelsea,0.0,2.0,A,6.0,22.0,3.0,5.0,4.76,3.74,1.78,5.0,3.9,1.83
2021-08-22,2021,Southampton,Man United,1.0,1.0,D,8.0,15.0,3.0,4.0,5.36,4.26,1.61,5.75,4.42,1.66
2021-08-22,2021,Wolves,Tottenham,0.0,1.0,A,25.0,8.0,6.0,6.0,3.2,3.15,2.43,3.42,3.29,2.55
2021-08-23,2021,West Ham,Leicester,4.0,1.0,H,13.0,5.0,7.0,1.0,2.58,3.44,2.75,2.66,3.55,2.87
2021-08-28,2021,Aston Villa,Brentford,1.0,1.0,D,7.0,9.0,5.0,2.0,2.0,3.57,3.84,2.06,3.74,4.0
2021-08-28,2021,Brighton,Everton,0.0,2.0,A,14.0,14.0,3.0,5.0,2.35,3.25,3.27,2.42,3.39,3.42
2021-08-28,2021,Liverpool,Chelsea,1.0,1.0,D,24.0,6.0,7.0,3.0,2.5,3.33,2.95,2.6,3.51,3.08
2021-08-28,2021,Man City,Arsenal,5.0,0.0,H,25.0,1.0,10.0,0.0,1.26,6.16,11.99,1.3,6.6,13.7
2021-08-28,2021,Newcastle,Southampton,2.0,2.0,D,10.0,22.0,5.0,6.0,2.52,3.47,2.82,2.6,3.77,2.94
2021-08-28,2021,Norwich,Leicester,1.0,2.0,A,14.0,9.0,4.0,3.0,4.34,3.55,1.9,4.7,3.7,1.97
2021-08-28,2021,West Ham,Crystal Palace,2.0,2.0,D,14.0,9.0,4.0,2.0,1.58,4.02,6.29,1.63,4.15,6.7
2021-08-29,2021,Burnley,Leeds,1.0,1.0,D,12.0,12.0,3.0,2.0,3.07,3.51,2.33,3.17,3.71,2.42
2021-08-29,2021,Tottenham,Watford,1.0,0.0,H,15.0,9.0,8.0,2.0,1.44,4.48,8.42,1.48,4.75,9.1
2021-08-29,2021,Wolves,Man United,0.0,1.0,A,15.0,10.0,6.0,3.0,4.91,3.48,1.82,5.2,3.65,1.91
2021-09-11,2021,Arsenal,Norwich,1.0,0.0,H,30.0,10.0,7.0,1.0,1.52,4.48,6.4,1.55,4.6,6.95
2021-09-11,2021,Brentford,Brighton,0.0,1.0,A,7.0,4.0,1.0,2.0,2.86,3.14,2.69,2.99,3.26,2.78
2021-09-11,2021,Chelsea,Aston Villa,3.0,0.0,H,12.0,18.0,4.0,6.0,1.3,5.46,11.28,1.33,5.75,12.94
2021-09-11,2021,Crystal Palace,Tottenham,3.0,0.0,H,18.0,2.0,4.0,1.0,4.25,3.44,1.95,4.63,3.56,2.0
2021-09-11,2021,Leicester,Man City,0.0,1.0,A,6.0,25.0,1.0,8.0,5.7,4.22,1.6,6.15,4.5,1.63
2021-09-11,2021,Man United,Newcastle,4.0,1.0,H,21.0,12.0,7.0,3.0,1.2,7.27,14.77,1.24,7.8,17.0
2021-09-11,2021,Southampton,West Ham,0.0,0.0,D,11.0,13.0,3.0,3.0,2.89,3.46,2.47,2.98,3.56,2.57
2021-09-11,2021,Watford,Wolves,0.0,2.0,A,6.0,14.0,2.0,5.0,3.36,3.19,2.33,3.48,3.28,2.38
2021-09-12,2021,Leeds,Liverpool,0.0,3.0,A,9.0,30.0,4.0,9.0,4.34,4.05,1.78,4.7,4.2,1.83
2021-09-13,2021,Everton,Burnley,3.0,1.0,H,14.0,11.0,6.0,6.0,1.75,3.71,5.01,1.8,3.83,5.4
2021-09-17,2021,Newcastle,Leeds,1.0,1.0,D,17.0,22.0,7.0,9.0,3.01,3.62,2.33,3.15,3.75,2.42
2021-09-18,2021,Aston Villa,Everton,3.0,0.0,H,15.0,11.0,3.0,1.0,2.4,3.36,3.06,2.5,3.51,3.19
2021-09-18,2021,Burnley,Arsenal,0.0,1.0,A,18.0,13.0,3.0,3.0,3.82,3.5,2.03,4.0,3.66,2.1
2021-09-18,2021,Liverpool,Crystal Palace,3.0,0.0,H,25.0,13.0,10.0,2.0,1.22,6.84,14.04,1.25,7.3,17.0
2021-09-18,2021,Man City,Southampton,0.0,0.0,D,18.0,10.0,1.0,2.0,1.15,8.46,18.55,1.19,9.5,21.0
2021-09-18,2021,Norwich,Watford,1.0,3.0,A,12.0,12.0,5.0,8.0,2.18,3.39,3.47,2.28,3.52,3.6
2021-09-18,2021,Wolves,Brentford,0.0,2.0,A,11.0,9.0,0.0,3.0,1.9,3.27,4.83,1.95,3.35,5.0
2021-09-19,2021,Brighton,Leicester,2.0,1.0,H,12.0,14.0,5.0,3.0,2.75,3.23,2.73,2.88,3.42,2.85
2021-09-19,2021,Tottenham,Chelsea,0.0,3.0,A,8.0,20.0,2.0,10.0,4.89,3.83,1.74,5.1,4.05,1.81
2021-09-19,2021,West Ham,Man United,1.0,2.0,A,13.0,17.0,4.0,10.0,4.51,3.9,1.78,4.84,4.05,1.83
2021-09-25,2021,Brentford,Liverpool,3.0,3.0,D,12.0,16.0,4.0,6.0,6.96,4.48,1.49,7.5,4.65,1.53
2021-09-25,2021,Chelsea,Man City,0.0,1.0,A,5.0,15.0,0.0,4.0,2.66,3.26,2.79,2.78,3.36,2.9
2021-09-25,2021,Everton,Norwich,2.0,0.0,H,11.0,10.0,4.0,2.0,1.63,3.86,5.96,1.68,4.0,6.5
2021-09-25,2021,Leeds,West Ham,1.0,2.0,A,15.0,20.0,5.0,7.0,3.04,3.67,2.29,3.18,3.75,2.4
2021-09-25,2021,Leicester,Burnley,2.0,2.0,D,22.0,9.0,5.0,3.0,1.59,4.05,6.12,1.64,4.25,6.5
2021-09-25,2021,Man United,Aston Villa,0.0,1.0,A,28.0,7.0,4.0,3.0,1.4,5.08,7.84,1.43,5.5,8.5
2021-09-25,2021,Watford,Newcastle,1.0,1.0,D,15.0,20.0,4.0,6.0,2.27,3.37,3.32,2.35,3.5,3.47
2021-09-26,2021,Arsenal,Tottenham,3.0,1.0,H,12.0,10.0,7.0,4.0,2.28,3.31,3.35,2.38,3.5,3.55
2021-09-26,2021,Southampton,Wolves,0.0,1.0,A,18.0,5.0,6.0,3.0,2.65,3.24,2.83,2.78,3.38,2.92
2021-09-27,2021,Crystal Palace,Brighton,1.0,1.0,D,8.0,8.0,3.0,4.0,3.04,3.15,2.54,3.16,3.25,2.67
2021-10-02,2021,Brighton,Arsenal,0.0,0.0,D,21.0,8.0,2.0,2.0,3.05,3.22,2.5,3.2,3.34,2.6
2021-10-02,2021,Burnley,Norwich,0.0,0.0,D,14.0,10.0,4.0,2.0,1.88,3.61,4.33,1.94,3.71,4.54
2021-10-02,2021,Chelsea,Southampton,3.0,1.0,H,20.0,6.0,9.0,2.0,1.38,4.9,8.92,1.42,5.13,10.0
2021-10-02,2021,Leeds,Watford,1.0,0.0,H,20.0,5.0,4.0,1.0,1.76,3.9,4.63,1.83,4.13,4.9
2021-10-02,2021,Man United,Everton,1.0,1.0,D,13.0,12.0,6.0,2.0,1.5,4.38,7.08,1.54,4.55,7.59
2021-10-02,2021,Wolves,Newcastle,2.0,1.0,H,7.0,8.0,3.0,2.0,1.69,4.0,5.02,1.75,4.2,5.5
2021-10-03,2021,Crystal Palace,Leicester,2.0,2.0,D,18.0,9.0,4.0,5.0,3.11,3.41,2.36,3.2,3.52,2.44
2021-10-03,2021,Liverpool,Man City,2.0,2.0,D,6.0,12.0,4.0,3.0,2.9,3.53,2.43,3.0,3.75,2.52
2021-10-03,2021,Tottenham,Aston Villa,2.0,1.0,H,17.0,14.0,8.0,3.0,2.12,3.53,3.5,2.2,3.65,3.66
2021-10-03,2021,West Ham,Brentford,1.0,2.0,A,18.0,13.0,5.0,6.0,1.82,3.62,4.67,1.86,3.85,4.9
2021-10-16,2021,Aston Villa,Wolves,2.0,3.0,A,14.0,9.0,5.0,4.0,2.25,3.28,3.42,2.36,3.4,3.56
2021-10-16,2021,Brentford,Chelsea,0.0,1.0,A,17.0,5.0,7.0,1.0,6.37,3.84,1.6,6.75,4.0,1.66
2021-10-16,2021,Leicester,Man United,4.0,2.0,H,22.0,18.0,11.0,6.0,3.49,3.59,2.1,3.72,3.7,2.18
2021-10-16,2021,Man City,Burnley,2.0,0.0,H,15.0,7.0,6.0,2.0,1.12,9.47,22.12,1.14,10.5,29.0
2021-10-16,2021,Norwich,Brighton,0.0,0.0,D,15.0,11.0,3.0,3.0,3.67,3.34,2.13,3.86,3.41,2.21
2021-10-16,2021,Southampton,Leeds,1.0,0.0,H,19.0,3.0,5.0,0.0,2.4,3.52,2.93,2.48,3.77,3.07
2021-10-16,2021,Watford,Liverpool,0.0,5.0,A,6.0,19.0,2.0,8.0,8.67,5.33,1.36,9.5,5.75,1.39
2021-10-17,2021,Everton,West Ham,0.0,1.0,A,15.0,16.0,2.0,4.0,2.52,3.35,2.89,2.64,3.58,3.02
2021-10-17,2021,Newcastle,Tottenham,2.0,3.0,A,7.0,14.0,1.0,4.0,3.51,3.58,2.09,3.84,3.75,2.15
2021-10-18,2021,Arsenal,Crystal Palace,2.0,2.0,D,17.0,9.0,6.0,6.0,1.65,3.87,5.65,1.7,4.1,6.13
2021-10-22,2021,Arsenal,Aston Villa,3.0,1.0,H,22.0,10.0,9.0,4.0,1.91,3.73,4.05,2.09,3.9,4.3
2021-10-23,2021,Brighton,Man City,1.0,4.0,A,10.0,23.0,5.0,14.0,7.71,4.77,1.42,8.5,5.0,1.46
2021-10-23,2021,Chelsea,Norwich,7.0,0.0,H,23.0,3.0,13.0,1.0,1.19,7.07,17.21,1.22,7.75,20.0
2021-10-23,2021,Crystal Palace,Newcastle,1.0,1.0,D,15.0,6.0,3.0,2.0,1.97,3.61,3.88,2.05,3.78,4.05
2021-10-23,2021,Everton,Watford,2.0,5.0,A,15.0,20.0,4.0,8.0,1.67,3.86,5.49,1.72,4.08,5.79
2021-10-23,2021,Leeds,Wolves,1.0,1.0,D,18.0,8.0,4.0,4.0,2.57,3.37,2.79,2.68,3.52,2.98
2021-10-23,2021,Southampton,Burnley,2.0,2.0,D,16.0,9.0,4.0,5.0,2.0,3.54,3.87,2.08,3.68,4.1
2021-10-24,2021,Brentford,Leicester,1.0,2.0,A,15.0,10.0,5.0,6.0,2.63,3.39,2.72,2.75,3.6,2.83
2021-10-24,2021,Man United,Liverpool,0.0,5.0,A,12.0,19.0,4.0,8.0,3.06,3.66,2.27,3.25,3.81,2.38
2021-10-24,2021,West Ham,Tottenham,1.0,0.0,H,13.0,7.0,4.0,4.0,2.35,3.49,3.01,2.48,3.62,3.23
2021-10-30,2021,Burnley,Brentford,3.0,1.0,H,15.0,12.0,6.0,5.0,2.66,3.24,2.78,2.73,3.42,2.86
2021-10-30,2021,Leicester,Arsenal,0.0,2.0,A,16.0,9.0,8.0,5.0,2.47,3.47,2.87,2.56,3.6,3.0
2021-10-30,2021,Liverpool,Brighton,2.0,2.0,D,14.0,9.0,3.0,6.0,1.24,6.49,12.11,1.27,6.92,13.5
2021-10-30,2021,Man City,Crystal Palace,0.0,2.0,A,14.0,8.0,3.0,3.0,1.16,8.13,18.61,1.19,8.94,22.14
2021-10-30,2021,Newcastle,Chelsea,0.0,3.0,A,6.0,19.0,1.0,6.0,8.63,4.91,1.38,9.5,5.15,1.42
2021-10-30,2021,Tottenham,Man United,0.0,3.0,A,9.0,10.0,0.0,4.0,2.93,3.57,2.37,3.05,3.74,2.47
2021-10-30,2021,Watford,Southampton,0.0,1.0,A,10.0,12.0,4.0,1.0,3.12,3.37,2.35,3.25,3.5,2.45
2021-10-31,2021,Aston Villa,West Ham,1.0,4.0,A,9.0,21.0,3.0,9.0,2.83,3.5,2.48,2.95,3.68,2.57
2021-10-31,2021,Norwich,Leeds,1.0,2.0,A,14.0,13.0,3.0,6.0,3.44,3.6,2.11,3.6,3.75,2.17
2021-11-01,2021,Wolves,Everton,2.0,1.0,H,10.0,14.0,4.0,5.0,2.24,3.28,3.39,2.32,3.4,3.6
2021-11-05,2021,Southampton,Aston Villa,1.0,0.0,H,9.0,14.0,3.0,3.0,2.02,3.66,3.68,2.08,3.82,3.8
2021-11-06,2021,Brentford,Norwich,1.0,2.0,A,19.0,9.0,7.0,5.0,1.63,3.92,5.8,1.68,4.05,6.06
2021-11-06,2021,Brighton,Newcastle,1.0,1.0,D,14.0,6.0,5.0,1.0,1.62,3.99,5.76,1.68,4.18,6.04
2021-11-06,2021,Chelsea,Burnley,1.0,1.0,D,25.0,5.0,4.0,2.0,1.26,5.94,12.51,1.29,6.23,14.0
2021-11-06,2021,Crystal Palace,Wolves,2.0,0.0,H,13.0,4.0,6.0,2.0,2.5,3.15,3.08,2.62,3.33,3.21
2021-11-06,2021,Man United,Man City,0.0,2.0,A,5.0,16.0,1.0,5.0,4.69,4.09,1.72,4.95,4.3,1.76
2021-11-07,2021,Arsenal,Watford,1.0,0.0,H,14.0,7.0,6.0,1.0,1.39,4.9,8.25,1.43,5.25,9.0
2021-11-07,2021,Everton,Tottenham,0.0,0.0,D,12.0,8.0,2.0,0.0,3.06,3.28,2.42,3.2,3.54,2.52
2021-11-07,2021,Leeds,Leicester,1.0,1.0,D,18.0,9.0,5.0,3.0,2.76,3.56,2.5,2.9,3.78,2.6
2021-11-07,2021,West Ham,Liverpool,3.0,2.0,H,7.0,16.0,3.0,5.0,4.59,4.11,1.72,5.0,4.25,1.77
2021-11-20,2021,Aston Villa,Brighton,2.0,0.0,H,9.0,6.0,5.0,2.0,2.43,3.31,3.04,2.52,3.47,3.15
2021-11-20,2021,Burnley,Crystal Palace,3.0,3.0,D,15.0,18.0,9.0,8.0,2.77,3.23,2.7,2.9,3.33,2.83
2021-11-20,2021,Leicester,Chelsea,0.0,3.0,A,4.0,16.0,3.0,7.0,4.74,3.72,1.78,5.0,3.86,1.84
2021-11-20,2021,Liverpool,Arsenal,4.0,0.0,H,19.0,5.0,9.0,3.0,1.48,4.77,6.38,1.53,5.0,7.16
2021-11-20,2021,Newcastle,Brentford,3.0,3.0,D,23.0,10.0,9.0,4.0,2.64,3.37,2.72,2.75,3.58,2.82
2021-11-20,2021,Norwich,Southampton,2.0,1.0,H,8.0,17.0,4.0,5.0,3.63,3.46,2.1,3.75,3.6,2.2
2021-11-20,2021,Watford,Man United,4.0,1.0,H,20.0,9.0,7.0,3.0,6.22,4.65,1.5,6.7,4.9,1.55
2021-11-20,2021,Wolves,West Ham,1.0,0.0,H,15.0,8.0,5.0,3.0,3.02,3.27,2.47,3.18,3.38,2.56
2021-11-21,2021,Man City,Everton,3.0,0.0,H,17.0,4.0,7.0,1.0,1.18,7.56,15.95,1.22,8.3,19.0
2021-11-21,2021,Tottenham,Leeds,2.0,1.0,H,13.0,18.0,4.0,7.0,1.73,4.07,4.56,1.8,4.3,4.75
2021-11-27,2021,Arsenal,Newcastle,2.0,0.0,H,24.0,9.0,6.0,5.0,1.47,4.77,6.61,1.52,5.0,7.0
2021-11-27,2021,Brighton,Leeds,0.0,0.0,D,20.0,11.0,4.0,4.0,2.11,3.41,3.67,2.18,3.5,3.92
2021-11-27,2021,Crystal Palace,Aston Villa,1.0,2.0,A,8.0,10.0,3.0,3.0,2.24,3.37,3.36,2.32,3.56,3.52
2021-11-27,2021,Liverpool,Southampton,4.0,0.0,H,20.0,7.0,6.0,3.0,1.29,5.99,9.78,1.33,6.37,11.0
2021-11-27,2021,Norwich,Wolves,0.0,0.0,D,14.0,5.0,4.0,2.0,3.54,3.35,2.17,3.65,3.5,2.26
2021-11-28,2021,Brentford,Everton,1.0,0.0,H,6.0,14.0,4.0,5.0,2.25,3.27,3.4,2.34,3.4,3.6
2021-11-28,2021,Chelsea,Man United,1.0,1.0,D,24.0,3.0,6.0,2.0,1.61,4.12,5.67,1.65,4.31,6.2
2021-11-28,2021,Leicester,Watford,4.0,2.0,H,18.0,16.0,8.0,5.0,1.63,4.15,5.26,1.68,4.38,5.73
2021-11-28,2021,Man City,West Ham,2.0,1.0,H,19.0,5.0,9.0,3.0,1.3,5.82,10.01,1.34,6.25,11.0
2021-11-30,2021,Leeds,Crystal Palace,1.0,0.0,H,15.0,9.0,3.0,1.0,2.42,3.33,3.06,2.52,3.43,3.17
2021-11-30,2021,Newcastle,Norwich,1.0,1.0,D,9.0,16.0,1.0,6.0,1.99,3.63,3.82,2.06,3.75,3.98
2021-12-01,2021,Aston Villa,Man City,1.0,2.0,A,9.0,17.0,3.0,7.0,8.6,5.2,1.36,10.0,5.5,1.41
2021-12-01,2021,Everton,Liverpool,1.0,4.0,A,8.0,16.0,2.0,7.0,7.52,5.05,1.41,8.5,5.31,1.44
2021-12-01,2021,Southampton,Leicester,2.0,2.0,D,15.0,15.0,7.0,6.0,2.43,3.47,2.91,2.56,3.56,3.0
2021-12-01,2021,Watford,Chelsea,1.0,2.0,A,13.0,8.0,6.0,4.0,10.3,5.43,1.31,11.5,5.75,1.35
2021-12-01,2021,West Ham,Brighton,1.0,1.0,D,14.0,9.0,6.0,3.0,2.01,3.53,3.79,2.08,3.67,4.0
2021-12-01,2021,Wolves,Burnley,0.0,0.0,D,16.0,6.0,2.0,1.0,1.95,3.41,4.23,2.02,3.53,4.44
2021-12-02,2021,Man United,Arsenal,3.0,2.0,H,14.0,17.0,10.0,8.0,2.02,3.66,3.66,2.1,3.85,3.76
2021-12-02,2021,Tottenham,Brentford,2.0,0.0,H,11.0,6.0,6.0,2.0,1.64,4.07,5.25,1.7,4.3,5.6
2021-12-04,2021,Newcastle,Burnley,1.0,0.0,H,19.0,10.0,4.0,1.0,2.33,3.35,3.19,2.44,3.59,3.26
2021-12-04,2021,Southampton,Brighton,1.0,1.0,D,14.0,14.0,4.0,4.0,2.45,3.21,3.1,2.54,3.4,3.26
2021-12-04,2021,Watford,Man City,1.0,3.0,A,11.0,26.0,4.0,13.0,14.65,7.19,1.2,17.0,7.7,1.23
2021-12-04,2021,West Ham,Chelsea,3.0,2.0,H,11.0,19.0,5.0,7.0,4.7,3.6,1.82,5.0,3.75,1.9
2021-12-04,2021,Wolves,Liverpool,0.0,1.0,A,3.0,17.0,1.0,5.0,7.73,4.75,1.43,8.33,5.19,1.47
2021-12-05,2021,Aston Villa,Leicester,2.0,1.0,H,13.0,12.0,4.0,5.0,2.36,3.45,3.03,2.51,3.66,3.19
2021-12-05,2021,Leeds,Brentford,2.0,2.0,D,13.0,9.0,6.0,3.0,1.94,3.62,3.99,2.0,3.8,4.2
2021-12-05,2021,Man United,Crystal Palace,1.0,0.0,H,16.0,8.0,3.0,2.0,1.57,4.19,6.09,1.61,4.45,6.6
2021-12-05,2021,Tottenham,Norwich,3.0,0.0,H,17.0,10.0,7.0,1.0,1.41,4.75,8.11,1.45,5.0,8.5
2021-12-06,2021,Everton,Arsenal,2.0,1.0,H,11.0,10.0,5.0,3.0,3.38,3.52,2.16,3.62,3.7,2.26
2021-12-10,2021,Brentford,Watford,2.0,1.0,H,14.0,6.0,5.0,2.0,2.29,3.32,3.34,2.36,3.45,3.45
2021-12-11,2021,Arsenal,Southampton,3.0,0.0,H,15.0,11.0,5.0,6.0,1.67,3.99,5.32,1.71,4.25,5.61
2021-12-11,2021,Chelsea,Leeds,3.0,2.0,H,16.0,12.0,6.0,5.0,1.28,5.95,11.46,1.32,6.25,13.75
2021-12-11,2021,Liverpool,Aston Villa,1.0,0.0,H,20.0,4.0,5.0,0.0,1.23,6.85,11.92,1.27,7.25,13.04
2021-12-11,2021,Man City,Wolves,1.0,0.0,H,24.0,2.0,10.0,1.0,1.16,8.11,20.35,1.19,8.8,25.0
2021-12-11,2021,Norwich,Man United,0.0,1.0,A,11.0,13.0,5.0,5.0,7.25,4.73,1.45,7.52,4.94,1.47
2021-12-12,2021,Burnley,West Ham,0.0,0.0,D,9.0,16.0,1.0,3.0,3.61,3.64,2.05,3.75,3.77,2.12
2021-12-12,2021,Crystal Palace,Everton,3.0,1.0,H,17.0,12.0,6.0,6.0,2.29,3.21,3.42,2.36,3.42,3.67
2021-12-12,2021,Leicester,Newcastle,4.0,0.0,H,8.0,12.0,5.0,3.0,1.75,4.01,4.56,1.78,4.28,4.82
2021-12-14,2021,Man City,Leeds,7.0,0.0,H,31.0,6.0,15.0,3.0,1.15,8.7,18.17,1.18,9.5,21.0
2021-12-14,2021,Norwich,Aston Villa,0.0,2.0,A,7.0,17.0,3.0,6.0,3.37,3.26,2.29,3.58,3.35,2.36
2021-12-15,2021,Arsenal,West Ham,2.0,0.0,H,21.0,7.0,8.0,1.0,2.2,3.58,3.26,2.28,3.78,3.44
2021-12-15,2021,Brighton,Wolves,0.0,1.0,A,12.0,8.0,2.0,5.0,2.32,3.05,3.51,2.42,3.25,3.7
2021-12-15,2021,Crystal Palace,Southampton,2.0,2.0,D,9.0,15.0,6.0,4.0,2.14,3.38,3.59,2.22,3.56,3.76
2021-12-16,2021,Chelsea,Everton,1.0,1.0,D,23.0,5.0,10.0,3.0,1.24,6.17,13.27,1.27,6.75,15.0
2021-12-16,2021,Liverpool,Newcastle,3.0,1.0,H,23.0,4.0,8.0,2.0,1.12,9.52,21.43,1.15,10.25,24.98
2021-12-18,2021,Leeds,Arsenal,1.0,4.0,A,9.0,21.0,2.0,12.0,3.89,3.78,1.91,4.0,3.95,1.98
2021-12-19,2021,Newcastle,Man City,0.0,4.0,A,5.0,18.0,1.0,7.0,16.25,7.72,1.18,20.0,8.3,1.21
2021-12-19,2021,Tottenham,Liverpool,2.0,2.0,D,10.0,18.0,5.0,6.0,5.18,4.5,1.59,5.65,4.9,1.62
2021-12-19,2021,Wolves,Chelsea,0.0,0.0,D,4.0,8.0,1.0,1.0,6.42,3.93,1.58,7.0,4.2,1.62
2021-12-26,2021,Aston Villa,Chelsea,1.0,3.0,A,8.0,10.0,1.0,4.0,5.35,3.77,1.7,5.8,3.95,1.75
2021-12-26,2021,Brighton,Brentford,2.0,0.0,H,15.0,16.0,5.0,6.0,1.95,3.45,4.15,2.02,3.6,4.36
2021-12-26,2021,Man City,Leicester,6.0,3.0,H,17.0,14.0,9.0,8.0,1.18,7.85,14.75,1.22,8.4,18.0
2021-12-26,2021,Norwich,Arsenal,0.0,5.0,A,4.0,16.0,2.0,6.0,7.73,4.77,1.42,8.3,5.0,1.46
2021-12-26,2021,Tottenham,Crystal Palace,3.0,0.0,H,17.0,4.0,6.0,0.0,1.72,3.87,4.97,1.76,4.02,5.4
2021-12-26,2021,West Ham,Southampton,2.0,3.0,A,11.0,11.0,5.0,6.0,1.85,3.8,4.18,1.92,4.04,4.4
2021-12-27,2021,Newcastle,Man United,1.0,1.0,D,13.0,13.0,8.0,4.0,6.66,4.58,1.48,7.2,4.84,1.52
2021-12-28,2021,Crystal Palace,Norwich,3.0,0.0,H,19.0,12.0,6.0,3.0,1.68,3.74,5.68,1.74,3.92,6.09
2021-12-28,2021,Leicester,Liverpool,1.0,0.0,H,6.0,21.0,1.0,4.0,7.72,5.72,1.36,8.6,6.4,1.4
2021-12-28,2021,Southampton,Tottenham,1.0,1.0,D,9.0,21.0,2.0,11.0,3.74,3.51,2.05,3.96,3.67,2.11
2021-12-28,2021,Watford,West Ham,1.0,4.0,A,14.0,13.0,5.0,6.0,3.28,3.58,2.2,3.45,3.75,2.26
2021-12-29,2021,Brentford,Man City,0.0,1.0,A,6.0,12.0,2.0,3.0,17.6,7.93,1.17,21.0,8.7,1.19
2021-12-29,2021,Chelsea,Brighton,1.0,1.0,D,11.0,18.0,5.0,6.0,1.43,4.5,8.18,1.47,4.81,9.17
2021-12-30,2021,Man United,Burnley,3.0,1.0,H,18.0,10.0,6.0,3.0,1.38,4.99,8.54,1.42,5.25,9.5
2022-01-01,2021,Arsenal,Man City,1.0,2.0,A,7.0,15.0,2.0,2.0,5.91,4.62,1.53,6.27,4.9,1.59
2022-01-01,2021,Crystal Palace,West Ham,2.0,3.0,A,22.0,10.0,6.0,5.0,3.09,3.46,2.33,3.29,3.66,2.42
2022-01-01,2021,Watford,Tottenham,0.0,1.0,A,6.0,21.0,4.0,9.0,5.32,4.17,1.62,5.6,4.35,1.66
2022-01-02,2021,Brentford,Aston Villa,2.0,1.0,H,10.0,16.0,4.0,5.0,3.0,3.31,2.45,3.12,3.48,2.58
2022-01-02,2021,Chelsea,Liverpool,2.0,2.0,D,15.0,10.0,6.0,6.0,3.06,3.54,2.31,3.28,3.68,2.38
2022-01-02,2021,Everton,Brighton,2.0,3.0,A,17.0,12.0,6.0,5.0,2.78,3.16,2.72,2.91,3.33,2.9
2022-01-02,2021,Leeds,Burnley,3.0,1.0,H,22.0,8.0,7.0,2.0,2.03,3.57,3.65,2.15,3.78,3.95
2022-01-03,2021,Man United,Wolves,0.0,1.0,A,9.0,19.0,2.0,6.0,1.56,4.17,6.08,1.61,4.5,6.5
2022-01-11,2021,Southampton,Brentford,4.0,1.0,H,12.0,5.0,6.0,4.0,2.11,3.37,3.73,2.18,3.45,3.97
2022-01-12,2021,West Ham,Norwich,2.0,0.0,H,13.0,7.0,5.0,3.0,1.31,5.52,10.28,1.34,6.0,11.33
2022-01-14,2021,Brighton,Crystal Palace,1.0,1.0,D,19.0,3.0,4.0,1.0,2.1,3.28,3.91,2.2,3.4,4.12
2022-01-15,2021,Aston Villa,Man United,2.0,2.0,D,13.0,13.0,9.0,6.0,2.92,3.49,2.42,3.0,3.64,2.54
2022-01-15,2021,Man City,Chelsea,1.0,0.0,H,11.0,4.0,6.0,1.0,1.72,3.87,5.0,1.77,4.1,5.4
2022-01-15,2021,Newcastle,Watford,1.0,1.0,D,12.0,18.0,1.0,5.0,2.06,3.62,3.55,2.12,3.75,3.72
2022-01-15,2021,Norwich,Everton,2.0,1.0,H,14.0,12.0,3.0,5.0,3.74,3.48,2.05,4.0,3.6,2.12
2022-01-15,2021,Wolves,Southampton,3.0,1.0,H,9.0,13.0,5.0,10.0,2.32,3.16,3.4,2.4,3.3,3.72
2022-01-16,2021,Liverpool,Brentford,3.0,0.0,H,27.0,6.0,13.0,1.0,1.3,5.68,10.64,1.33,6.05,13.0
2022-01-16,2021,West Ham,Leeds,2.0,3.0,A,15.0,18.0,5.0,5.0,1.65,4.21,4.98,1.7,4.44,5.5
2022-01-18,2021,Brighton,Chelsea,1.0,1.0,D,10.0,15.0,2.0,3.0,4.81,3.72,1.77,5.25,3.88,1.82
2022-01-19,2021,Brentford,Man United,1.0,3.0,A,18.0,13.0,8.0,5.0,4.51,3.64,1.83,4.8,3.89,1.88
2022-01-19,2021,Leicester,Tottenham,2.0,3.0,A,14.0,27.0,4.0,10.0,3.04,3.42,2.36,3.22,3.6,2.47
2022-01-21,2021,Watford,Norwich,0.0,3.0,A,15.0,7.0,4.0,2.0,2.07,3.52,3.63,2.12,3.62,3.78
2022-01-22,2021,Brentford,Wolves,1.0,2.0,A,11.0,7.0,1.0,2.0,3.09,3.05,2.54,3.21,3.22,2.63
2022-01-22,2021,Everton,Aston Villa,0.0,1.0,A,15.0,8.0,1.0,3.0,2.75,3.29,2.66,2.86,3.4,2.76
2022-01-22,2021,Leeds,Newcastle,0.0,1.0,A,13.0,15.0,4.0,3.0,2.01,3.72,3.63,2.06,3.85,3.8
2022-01-22,2021,Man United,West Ham,1.0,0.0,H,18.0,6.0,3.0,1.0,1.91,3.8,3.88,1.97,3.96,4.1
2022-01-22,2021,Southampton,Man City,1.0,1.0,D,7.0,20.0,3.0,5.0,10.18,6.08,1.28,11.5,6.5,1.31
2022-01-23,2021,Arsenal,Burnley,0.0,0.0,D,20.0,10.0,5.0,1.0,1.36,4.97,9.11,1.42,5.3,11.25
2022-01-23,2021,Chelsea,Tottenham,2.0,0.0,H,15.0,6.0,7.0,3.0,1.69,3.99,4.96,1.75,4.3,5.26
2022-01-23,2021,Crystal Palace,Liverpool,1.0,3.0,A,8.0,15.0,5.0,7.0,5.73,4.21,1.58,6.5,4.4,1.63
2022-01-23,2021,Leicester,Brighton,1.0,1.0,D,15.0,14.0,5.0,5.0,2.55,3.37,2.8,2.68,3.55,2.9
2022-02-05,2021,Burnley,Watford,0.0,0.0,D,13.0,11.0,2.0,5.0,2.21,3.27,3.51,2.27,3.35,3.71
2022-02-08,2021,Burnley,Man United,1.0,1.0,D,9.0,22.0,3.0,5.0,5.82,4.07,1.61,6.25,4.24,1.73
2022-02-08,2021,Newcastle,Everton,3.0,1.0,H,20.0,11.0,9.0,3.0,2.52,3.38,2.88,2.66,3.54,3.0
2022-02-08,2021,West Ham,Watford,1.0,0.0,H,9.0,6.0,3.0,1.0,1.55,4.3,6.28,1.63,4.5,7.14
2022-02-09,2021,Aston Villa,Leeds,3.0,3.0,D,12.0,16.0,4.0,8.0,1.8,3.96,4.26,1.85,4.12,4.53
2022-02-09,2021,Man City,Brentford,2.0,0.0,H,15.0,6.0,7.0,2.0,1.11,9.98,23.47,1.14,10.5,27.6
2022-02-09,2021,Norwich,Crystal Palace,1.0,1.0,D,5.0,13.0,1.0,5.0,3.5,3.36,2.18,3.66,3.54,2.25
2022-02-09,2021,Tottenham,Southampton,2.0,3.0,A,8.0,23.0,3.0,10.0,1.61,4.13,5.57,1.65,4.35,6.03
2022-02-10,2021,Liverpool,Leicester,2.0,0.0,H,22.0,5.0,11.0,1.0,1.26,6.56,10.5,1.29,7.3,12.75
2022-02-10,2021,Wolves,Arsenal,0.0,1.0,A,15.0,12.0,4.0,2.0,3.57,3.25,2.2,3.75,3.42,2.28
2022-02-12,2021,Brentford,Crystal Palace,0.0,0.0,D,9.0,6.0,2.0,3.0,2.66,3.09,2.92,2.78,3.2,3.05
2022-02-12,2021,Everton,Leeds,3.0,0.0,H,21.0,7.0,10.0,0.0,2.32,3.64,2.99,2.4,3.87,3.17
2022-02-12,2021,Man United,Southampton,1.0,1.0,D,12.0,13.0,8.0,4.0,1.61,4.22,5.43,1.67,4.45,5.75
2022-02-12,2021,Norwich,Man City,0.0,4.0,A,8.0,22.0,3.0,9.0,18.09,7.86,1.17,21.0,8.5,1.2
2022-02-12,2021,Watford,Brighton,0.0,2.0,A,9.0,11.0,1.0,6.0,3.7,3.27,2.14,3.86,3.44,2.2
2022-02-13,2021,Burnley,Liverpool,0.0,1.0,A,8.0,12.0,5.0,4.0,10.72,5.75,1.29,12.5,6.2,1.32
2022-02-13,2021,Leicester,West Ham,2.0,2.0,D,13.0,8.0,2.0,3.0,2.88,3.58,2.4,3.05,3.8,2.54
2022-02-13,2021,Newcastle,Aston Villa,1.0,0.0,H,10.0,11.0,2.0,1.0,2.72,3.44,2.6,2.8,3.68,2.7
2022-02-13,2021,Tottenham,Wolves,0.0,2.0,A,17.0,11.0,7.0,7.0,1.68,3.76,5.57,1.73,3.94,6.0
2022-02-15,2021,Man United,Brighton,2.0,0.0,H,19.0,10.0,7.0,3.0,1.78,3.78,4.74,1.85,3.9,5.0
2022-02-19,2021,Arsenal,Brentford,2.0,1.0,H,24.0,6.0,8.0,2.0,1.46,4.46,7.68,1.5,4.6,8.5
2022-02-19,2021,Aston Villa,Watford,0.0,1.0,A,20.0,8.0,1.0,4.0,1.67,3.93,5.41,1.7,4.14,5.75
2022-02-19,2021,Brighton,Burnley,0.0,3.0,A,11.0,10.0,1.0,4.0,1.67,3.74,5.75,1.71,3.88,6.2
2022-02-19,2021,Crystal Palace,Chelsea,0.0,1.0,A,7.0,9.0,0.0,3.0,5.59,3.9,1.65,5.95,4.1,1.7
2022-02-19,2021,Liverpool,Norwich,3.0,1.0,H,29.0,6.0,8.0,1.0,1.12,9.63,24.83,1.14,11.0,32.0
2022-02-19,2021,Man City,Tottenham,2.0,3.0,A,21.0,6.0,4.0,5.0,1.29,5.87,10.84,1.32,6.35,12.25
2022-02-19,2021,Southampton,Everton,2.0,0.0,H,19.0,9.0,11.0,0.0,2.08,3.56,3.58,2.15,3.65,3.72
2022-02-19,2021,West Ham,Newcastle,1.0,1.0,D,11.0,14.0,3.0,3.0,1.7,3.91,5.11,1.76,4.1,5.45
2022-02-20,2021,Leeds,Man United,2.0,4.0,A,16.0,15.0,6.0,9.0,3.91,3.86,1.9,4.2,4.1,1.95
2022-02-20,2021,Wolves,Leicester,2.0,1.0,H,11.0,17.0,3.0,7.0,2.29,3.28,3.33,2.36,3.48,3.51
2022-02-23,2021,Burnley,Tottenham,1.0,0.0,H,15.0,12.0,4.0,2.0,4.72,3.73,1.79,5.0,3.83,1.85
2022-02-23,2021,Liverpool,Leeds,6.0,0.0,H,23.0,3.0,15.0,2.0,1.16,8.73,16.66,1.18,9.3,19.5
2022-02-23,2021,Watford,Crystal Palace,1.0,4.0,A,8.0,7.0,1.0,5.0,3.2,3.24,2.4,3.33,3.45,2.48
2022-02-24,2021,Arsenal,Wolves,2.0,1.0,H,26.0,6.0,5.0,2.0,1.65,3.8,5.83,1.7,4.0,6.25
2022-02-25,2021,Southampton,Norwich,2.0,0.0,H,27.0,8.0,9.0,1.0,1.54,4.37,6.22,1.63,4.54,6.6
2022-02-26,2021,Brentford,Newcastle,0.0,2.0,A,6.0,26.0,1.0,11.0,2.52,3.17,3.04,2.6,3.35,3.16
2022-02-26,2021,Brighton,Aston Villa,0.0,2.0,A,12.0,9.0,1.0,4.0,2.27,3.28,3.41,2.35,3.42,3.52
2022-02-26,2021,Crystal Palace,Burnley,1.0,1.0,D,11.0,5.0,4.0,1.0,1.97,3.42,4.19,2.02,3.6,4.34
2022-02-26,2021,Everton,Man City,0.0,1.0,A,6.0,13.0,2.0,8.0,10.95,6.04,1.28,12.5,6.5,1.32
2022-02-26,2021,Leeds,Tottenham,0.0,4.0,A,19.0,15.0,3.0,11.0,4.03,3.96,1.86,4.25,4.15,1.94
2022-02-26,2021,Man United,Watford,0.0,0.0,D,22.0,10.0,3.0,2.0,1.34,5.44,9.04,1.38,5.8,10.19
2022-02-27,2021,West Ham,Wolves,1.0,0.0,H,13.0,14.0,4.0,1.0,2.11,3.24,3.89,2.2,3.35,4.28
2022-03-01,2021,Burnley,Leicester,0.0,2.0,A,9.0,22.0,2.0,6.0,2.94,3.34,2.52,3.05,3.41,2.6
2022-03-05,2021,Aston Villa,Southampton,4.0,0.0,H,14.0,11.0,9.0,1.0,2.36,3.48,3.04,2.45,3.7,3.15
2022-03-05,2021,Burnley,Chelsea,0.0,4.0,A,6.0,11.0,1.0,5.0,7.44,4.15,1.5,8.0,4.34,1.54
2022-03-05,2021,Leicester,Leeds,1.0,0.0,H,7.0,19.0,4.0,4.0,1.8,4.12,4.14,1.86,4.25,4.47
2022-03-05,2021,Liverpool,West Ham,1.0,0.0,H,22.0,13.0,5.0,5.0,1.3,5.86,9.95,1.33,6.35,11.0
2022-03-05,2021,Newcastle,Brighton,2.0,1.0,H,10.0,15.0,4.0,4.0,2.77,3.19,2.74,2.88,3.36,2.82
2022-03-05,2021,Norwich,Brentford,1.0,3.0,A,15.0,10.0,7.0,6.0,2.95,3.15,2.6,3.04,3.34,2.68
2022-03-05,2021,Wolves,Crystal Palace,0.0,2.0,A,12.0,12.0,5.0,8.0,2.37,3.1,3.4,2.48,3.26,3.52
2022-03-06,2021,Man City,Man United,4.0,1.0,H,24.0,5.0,10.0,2.0,1.41,4.91,7.86,1.45,5.3,8.6
2022-03-06,2021,Watford,Arsenal,2.0,3.0,A,13.0,16.0,7.0,4.0,6.14,4.02,1.59,6.6,4.18,1.65
2022-03-07,2021,Tottenham,Everton,5.0,0.0,H,14.0,6.0,7.0,0.0,1.61,4.13,5.61,1.66,4.4,6.0
2022-03-10,2021,Leeds,Aston Villa,0.0,3.0,A,4.0,15.0,1.0,9.0,2.72,3.59,2.54,2.86,3.7,2.64
2022-03-10,2021,Norwich,Chelsea,1.0,3.0,A,9.0,15.0,3.0,7.0,11.9,5.59,1.29,14.15,5.85,1.32
2022-03-10,2021,Southampton,Newcastle,1.0,2.0,A,14.0,8.0,5.0,4.0,2.0,3.7,3.71,2.05,3.82,4.05
2022-03-10,2021,Wolves,Watford,4.0,0.0,H,10.0,9.0,5.0,0.0,1.82,3.5,4.84,1.88,3.62,5.1
2022-03-12,2021,Brentford,Burnley,2.0,0.0,H,13.0,7.0,4.0,1.0,2.2,3.23,3.65,2.3,3.4,3.8
2022-03-12,2021,Brighton,Liverpool,0.0,2.0,A,8.0,18.0,3.0,9.0,6.2,4.47,1.53,6.65,4.73,1.58
2022-03-12,2021,Man United,Tottenham,3.0,2.0,H,10.0,10.0,6.0,3.0,2.18,3.56,3.33,2.24,3.68,3.52
2022-03-13,2021,Arsenal,Leicester,2.0,0.0,H,21.0,6.0,8.0,3.0,1.53,4.55,6.0,1.58,4.74,6.5
2022-03-13,2021,Chelsea,Newcastle,1.0,0.0,H,8.0,7.0,3.0,2.0,1.33,5.3,10.16,1.36,5.65,11.2
2022-03-13,2021,Everton,Wolves,0.0,1.0,A,8.0,14.0,2.0,3.0,2.31,3.24,3.35,2.38,3.38,3.5
2022-03-13,2021,Leeds,Norwich,2.0,1.0,H,13.0,12.0,7.0,4.0,1.6,4.31,5.51,1.67,4.5,6.0
2022-03-13,2021,Southampton,Watford,1.0,2.0,A,13.0,9.0,7.0,5.0,1.61,4.17,5.59,1.66,4.33,6.0
2022-03-13,2021,West Ham,Aston Villa,2.0,1.0,H,11.0,13.0,4.0,7.0,2.33,3.31,3.24,2.45,3.45,3.55
2022-03-14,2021,Crystal Palace,Man City,0.0,0.0,D,7.0,18.0,1.0,4.0,9.82,5.5,1.32,11.25,5.8,1.36
2022-03-16,2021,Arsenal,Liverpool,0.0,2.0,A,9.0,9.0,2.0,3.0,3.78,3.98,1.92,4.0,4.25,1.98
2022-03-16,2021,Brighton,Tottenham,0.0,2.0,A,15.0,17.0,0.0,7.0,3.28,3.34,2.3,3.38,3.48,2.38
2022-03-17,2021,Everton,Newcastle,1.0,0.0,H,9.0,17.0,3.0,6.0,2.37,3.38,3.11,2.43,3.58,3.23
2022-03-18,2021,Wolves,Leeds,2.0,3.0,A,14.0,15.0,8.0,6.0,2.14,3.49,3.56,2.25,3.66,3.75
2022-03-19,2021,Aston Villa,Arsenal,0.0,1.0,A,8.0,10.0,1.0,3.0,2.99,3.47,2.41,3.1,3.6,2.52
2022-03-20,2021,Leicester,Brentford,2.0,1.0,H,12.0,15.0,4.0,6.0,2.19,3.45,3.41,2.26,3.55,3.59
2022-03-20,2021,Tottenham,West Ham,3.0,1.0,H,17.0,6.0,4.0,1.0,1.75,3.94,4.7,1.8,4.15,5.02
2022-04-02,2021,Brighton,Norwich,0.0,0.0,D,31.0,6.0,4.0,0.0,1.5,4.12,7.51,1.54,4.47,8.3
2022-04-02,2021,Burnley,Man City,0.0,2.0,A,3.0,18.0,1.0,6.0,13.75,6.54,1.23,15.0,7.0,1.26
2022-04-02,2021,Chelsea,Brentford,1.0,4.0,A,21.0,17.0,8.0,6.0,1.35,4.99,10.04,1.38,5.33,11.0
2022-04-02,2021,Leeds,Southampton,1.0,1.0,D,12.0,14.0,3.0,6.0,2.42,3.61,2.86,2.54,3.89,3.02
2022-04-02,2021,Liverpool,Watford,2.0,0.0,H,20.0,5.0,3.0,2.0,1.13,9.36,21.82,1.16,10.0,26.0
2022-04-02,2021,Man United,Leicester,1.0,1.0,D,11.0,11.0,5.0,3.0,1.52,4.6,6.1,1.56,4.8,6.75
2022-04-02,2021,Wolves,Aston Villa,2.0,1.0,H,11.0,15.0,5.0,5.0,3.01,3.1,2.59,3.13,3.3,2.71
2022-04-03,2021,Tottenham,Newcastle,5.0,1.0,H,19.0,8.0,6.0,1.0,1.52,4.36,6.58,1.56,4.55,7.0
2022-04-03,2021,West Ham,Everton,2.0,1.0,H,11.0,13.0,5.0,2.0,1.79,3.75,4.6,1.85,3.91,4.9
2022-04-04,2021,Crystal Palace,Arsenal,3.0,0.0,H,6.0,12.0,5.0,3.0,4.05,3.41,1.99,4.25,3.56,2.06
2022-04-06,2021,Burnley,Everton,3.0,2.0,H,13.0,16.0,4.0,4.0,2.57,3.16,2.98,2.75,3.26,3.13
2022-04-08,2021,Newcastle,Wolves,1.0,0.0,H,12.0,5.0,4.0,2.0,2.31,3.11,3.51,2.4,3.26,3.69
2022-04-09,2021,Arsenal,Brighton,1.0,2.0,A,20.0,8.0,4.0,3.0,1.65,3.9,5.64,1.7,4.05,6.0
2022-04-09,2021,Aston Villa,Tottenham,0.0,4.0,A,9.0,11.0,8.0,5.0,3.15,3.55,2.27,3.3,3.68,2.34
2022-04-09,2021,Everton,Man United,1.0,0.0,H,7.0,12.0,3.0,4.0,4.48,3.84,1.8,4.74,3.95,1.85
2022-04-09,2021,Southampton,Chelsea,0.0,6.0,A,4.0,24.0,1.0,14.0,3.98,3.69,1.93,4.19,3.85,2.0
2022-04-09,2021,Watford,Leeds,0.0,3.0,A,8.0,10.0,1.0,5.0,2.69,3.54,2.58,2.77,3.7,2.69
2022-04-10,2021,Brentford,West Ham,2.0,0.0,H,15.0,5.0,7.0,1.0,2.69,3.31,2.73,2.86,3.48,2.88
2022-04-10,2021,Leicester,Crystal Palace,2.0,1.0,H,12.0,11.0,3.0,3.0,2.41,3.44,2.98,2.5,3.58,3.15
2022-04-10,2021,Man City,Liverpool,2.0,2.0,D,11.0,6.0,5.0,4.0,2.06,3.71,3.5,2.14,3.88,3.7
2022-04-10,2021,Norwich,Burnley,2.0,0.0,H,17.0,18.0,6.0,4.0,2.97,3.19,2.56,3.15,3.32,2.65
2022-04-16,2021,Man United,Norwich,3.0,2.0,H,20.0,15.0,9.0,4.0,1.24,6.45,12.84,1.28,6.8,15.0
2022-04-16,2021,Southampton,Arsenal,1.0,0.0,H,9.0,23.0,3.0,6.0,3.9,3.68,1.95,4.05,3.9,2.02
2022-04-16,2021,Tottenham,Brighton,0.0,1.0,A,5.0,12.0,0.0,5.0,1.54,4.25,6.35,1.59,4.4,6.9
2022-04-16,2021,Watford,Brentford,1.0,2.0,A,17.0,16.0,4.0,5.0,2.86,3.28,2.59,2.95,3.4,2.65
2022-04-17,2021,Newcastle,Leicester,2.0,1.0,H,16.0,8.0,7.0,2.0,2.25,3.38,3.32,2.36,3.5,3.46
2022-04-17,2021,West Ham,Burnley,1.0,1.0,D,21.0,9.0,8.0,1.0,1.72,3.84,5.02,1.79,4.04,5.46
2022-04-19,2021,Liverpool,Man United,4.0,0.0,H,14.0,2.0,5.0,1.0,1.41,5.21,7.44,1.51,5.5,8.0
2022-04-20,2021,Chelsea,Arsenal,2.0,4.0,A,11.0,14.0,2.0,4.0,1.87,3.64,4.34,1.92,3.8,4.65
2022-04-20,2021,Everton,Leicester,1.0,1.0,D,13.0,11.0,3.0,3.0,2.32,3.45,3.15,2.4,3.62,3.27
2022-04-20,2021,Man City,Brighton,3.0,0.0,H,17.0,2.0,5.0,1.0,1.2,6.85,17.12,1.23,7.3,19.5
2022-04-20,2021,Newcastle,Crystal Palace,1.0,0.0,H,13.0,10.0,4.0,2.0,2.34,3.26,3.25,2.44,3.4,3.36
2022-04-21,2021,Burnley,Southampton,2.0,0.0,H,16.0,11.0,6.0,3.0,2.76,3.41,2.61,2.95,3.56,2.72
2022-04-23,2021,Arsenal,Man United,3.0,1.0,H,14.0,14.0,7.0,5.0,2.11,3.58,3.5,2.18,3.75,3.7
2022-04-23,2021,Brentford,Tottenham,0.0,0.0,D,15.0,9.0,2.0,0.0,4.28,3.67,1.87,4.5,3.8,1.94
2022-04-23,2021,Leicester,Aston Villa,0.0,0.0,D,5.0,11.0,2.0,3.0,2.85,3.39,2.54,3.0,3.5,2.68
2022-04-23,2021,Man City,Watford,5.0,1.0,H,21.0,5.0,8.0,2.0,1.11,9.78,25.83,1.14,10.5,32.0
2022-04-23,2021,Norwich,Newcastle,0.0,3.0,A,5.0,13.0,2.0,7.0,3.55,3.33,2.18,3.76,3.57,2.26
2022-04-24,2021,Brighton,Southampton,2.0,2.0,D,8.0,18.0,5.0,5.0,2.17,3.32,3.59,2.23,3.45,3.78
2022-04-24,2021,Burnley,Wolves,1.0,0.0,H,14.0,10.0,5.0,4.0,2.71,3.11,2.86,2.91,3.32,2.95
2022-04-24,2021,Chelsea,West Ham,1.0,0.0,H,26.0,6.0,5.0,2.0,1.53,4.37,6.4,1.59,4.6,6.7
2022-04-24,2021,Liverpool,Everton,2.0,0.0,H,18.0,9.0,4.0,1.0,1.19,7.35,15.64,1.22,7.9,19.0
2022-04-25,2021,Crystal Palace,Leeds,0.0,0.0,D,17.0,9.0,7.0,2.0,2.08,3.59,3.53,2.14,3.7,3.7
2022-04-28,2021,Man United,Chelsea,1.0,1.0,D,6.0,21.0,3.0,6.0,3.17,3.57,2.25,3.25,3.76,2.35
2022-04-30,2021,Aston Villa,Norwich,2.0,0.0,H,21.0,9.0,6.0,3.0,1.4,4.94,8.3,1.43,5.2,9.0
2022-04-30,2021,Leeds,Man City,0.0,4.0,A,7.0,19.0,2.0,6.0,9.69,5.85,1.31,11.0,6.3,1.33
2022-04-30,2021,Newcastle,Liverpool,0.0,1.0,A,4.0,24.0,2.0,10.0,7.81,4.87,1.41,8.5,5.1,1.47
2022-04-30,2021,Southampton,Crystal Palace,1.0,2.0,A,8.0,14.0,3.0,5.0,2.41,3.37,3.05,2.5,3.54,3.14
2022-04-30,2021,Watford,Burnley,1.0,2.0,A,13.0,17.0,1.0,6.0,2.68,3.31,2.75,2.78,3.45,2.84
2022-04-30,2021,Wolves,Brighton,0.0,3.0,A,11.0,17.0,1.0,9.0,2.75,3.09,2.83,2.88,3.25,2.93
2022-05-01,2021,Everton,Chelsea,1.0,0.0,H,9.0,17.0,4.0,5.0,4.83,3.71,1.77,5.21,3.88,1.82
2022-05-01,2021,Tottenham,Leicester,3.0,1.0,H,13.0,6.0,7.0,2.0,1.46,4.8,6.88,1.49,5.0,7.5
2022-05-01,2021,West Ham,Arsenal,1.0,2.0,A,8.0,13.0,3.0,7.0,4.54,3.84,1.79,4.75,4.1,1.84
2022-05-02,2021,Man United,Brentford,3.0,0.0,H,9.0,12.0,5.0,4.0,1.76,3.95,4.51,1.82,4.1,4.75
2022-05-07,2021,Brentford,Southampton,3.0,0.0,H,18.0,19.0,5.0,4.0,2.21,3.44,3.35,2.28,3.62,3.55
2022-05-07,2021,Brighton,Man United,4.0,0.0,H,17.0,15.0,6.0,5.0,2.8,3.44,2.56,2.86,3.58,2.67
2022-05-07,2021,Burnley,Aston Villa,1.0,3.0,A,14.0,12.0,6.0,7.0,3.0,3.33,2.46,3.1,3.51,2.55
2022-05-07,2021,Chelsea,Wolves,2.0,2.0,D,19.0,14.0,6.0,4.0,1.36,4.95,9.62,1.39,5.3,11.25
2022-05-07,2021,Crystal Palace,Watford,1.0,0.0,H,15.0,6.0,7.0,1.0,1.69,3.89,5.2,1.74,4.05,5.5
2022-05-07,2021,Liverpool,Tottenham,1.0,1.0,D,22.0,8.0,3.0,3.0,1.46,4.89,6.68,1.5,5.2,7.3
2022-05-08,2021,Arsenal,Leeds,2.0,1.0,H,19.0,3.0,9.0,2.0,1.46,4.81,6.77,1.5,5.03,7.31
2022-05-08,2021,Leicester,Everton,1.0,2.0,A,16.0,10.0,9.0,4.0,2.61,3.34,2.8,2.72,3.44,3.05
2022-05-08,2021,Man City,Newcastle,5.0,0.0,H,21.0,7.0,9.0,3.0,1.18,7.63,17.16,1.2,8.0,21.0
2022-05-08,2021,Norwich,West Ham,0.0,4.0,A,8.0,13.0,2.0,5.0,4.51,3.81,1.8,4.7,3.96,1.86
2022-05-10,2021,Aston Villa,Liverpool,1.0,2.0,A,9.0,17.0,4.0,6.0,7.35,4.85,1.44,8.0,5.0,1.56
2022-05-11,2021,Leeds,Chelsea,0.0,3.0,A,5.0,17.0,0.0,4.0,4.98,4.17,1.67,5.34,4.4,1.7
2022-05-11,2021,Leicester,Norwich,3.0,0.0,H,20.0,9.0,8.0,5.0,1.44,4.9,7.02,1.49,5.2,8.0
2022-05-11,2021,Watford,Everton,0.0,0.0,D,6.0,16.0,0.0,5.0,4.26,3.68,1.87,4.5,3.89,1.93
2022-05-11,2021,Wolves,Man City,1.0,5.0,A,7.0,16.0,3.0,5.0,12.83,5.88,1.26,14.04,6.4,1.29
2022-05-12,2021,Tottenham,Arsenal,3.0,0.0,H,16.0,8.0,6.0,4.0,2.12,3.6,3.42,2.2,3.79,3.62
2022-05-15,2021,Aston Villa,Crystal Palace,1.0,1.0,D,13.0,16.0,4.0,4.0,2.06,3.55,3.63,2.15,3.72,3.75
2022-05-15,2021,Everton,Brentford,2.0,3.0,A,10.0,18.0,5.0,7.0,2.1,3.55,3.53,2.18,3.65,3.75
2022-05-15,2021,Leeds,Brighton,1.0,1.0,D,19.0,16.0,5.0,6.0,2.67,3.52,2.61,2.8,3.7,2.75
2022-05-15,2021,Tottenham,Burnley,1.0,0.0,H,21.0,8.0,8.0,1.0,1.34,5.36,9.11,1.38,5.6,9.71
2022-05-15,2021,Watford,Leicester,1.0,5.0,A,13.0,13.0,5.0,7.0,3.65,3.68,2.02,3.86,3.84,2.1
2022-05-15,2021,West Ham,Man City,2.0,2.0,D,6.0,31.0,2.0,8.0,8.01,5.2,1.38,8.5,5.55,1.42
2022-05-15,2021,Wolves,Norwich,1.0,1.0,D,17.0,11.0,4.0,2.0,1.46,4.58,7.25,1.5,4.8,8.0
2022-05-16,2021,Newcastle,Arsenal,2.0,0.0,H,16.0,11.0,4.0,2.0,4.14,3.68,1.88,4.33,3.98,1.95
2022-05-17,2021,Southampton,Liverpool,1.0,2.0,A,4.0,24.0,2.0,5.0,8.02,5.49,1.37,9.0,5.8,1.42
2022-05-19,2021,Aston Villa,Burnley,1.0,1.0,D,22.0,10.0,9.0,5.0,2.05,3.56,3.7,2.12,3.7,3.9
2022-05-19,2021,Chelsea,Leicester,1.0,1.0,D,20.0,2.0,7.0,1.0,1.38,4.91,8.66,1.42,5.4,9.25
2022-05-19,2021,Everton,Crystal Palace,3.0,2.0,H,12.0,7.0,6.0,5.0,1.95,3.47,4.16,2.01,3.66,4.5
2022-05-22,2021,Arsenal,Everton,5.0,1.0,H,26.0,6.0,9.0,2.0,1.37,5.15,8.69,1.4,5.5,9.6
2022-05-22,2021,Brentford,Leeds,1.0,2.0,A,14.0,14.0,5.0,6.0,2.41,3.76,2.79,2.48,3.92,2.88
2022-05-22,2021,Brighton,West Ham,3.0,1.0,H,18.0,7.0,7.0,2.0,2.4,3.57,2.91,2.5,3.7,3.0
2022-05-22,2021,Burnley,Newcastle,1.0,2.0,A,12.0,8.0,5.0,6.0,2.24,3.48,3.25,2.34,3.62,3.37
2022-05-22,2021,Chelsea,Watford,2.0,1.0,H,19.0,8.0,8.0,3.0,1.17,7.89,17.63,1.22,8.7,20.0
2022-05-22,2021,Crystal Palace,Man United,1.0,0.0,H,6.0,10.0,3.0,4.0,3.1,3.66,2.25,3.23,3.81,2.35
2022-05-22,2021,Leicester,Southampton,4.0,1.0,H,12.0,7.0,6.0,2.0,1.88,4.03,3.86,1.95,4.25,4.0
2022-05-22,2021,Liverpool,Wolves,3.0,1.0,H,29.0,7.0,8.0,5.0,1.16,8.12,18.95,1.19,8.8,23.0
2022-05-22,2021,Man City,Aston Villa,3.0,2.0,H,24.0,4.0,5.0,2.0,1.16,8.18,18.24,1.2,9.1,24.0
2022-05-22,2021,Norwich,Tottenham,0.0,5.0,A,9.0,19.0,0.0,13.0,11.19,6.45,1.26,13.0,7.0,1.29
2022-08-05,2022,Crystal Palace,Arsenal,0.0,2.0,A,10.0,10.0,2.0,2.0,4.39,3.59,1.88,4.6,3.78,1.95
2022-08-06,2022,Bournemouth,Aston Villa,2.0,0.0,H,7.0,15.0,3.0,2.0,3.8,3.5,2.04,4.0,3.66,2.1
2022-08-06,2022,Everton,Chelsea,0.0,1.0,A,8.0,15.0,4.0,6.0,5.74,3.96,1.63,6.1,4.2,1.67
2022-08-06,2022,Fulham,Liverpool,2.0,2.0,D,9.0,11.0,3.0,4.0,10.99,6.05,1.28,13.0,6.4,1.31
2022-08-06,2022,Leeds,Wolves,2.0,1.0,H,12.0,15.0,4.0,6.0,2.34,3.34,3.18,2.42,3.54,3.3
2022-08-06,2022,Newcastle,Nott'm Forest,2.0,0.0,H,23.0,5.0,10.0,0.0,1.67,3.8,5.57,1.72,3.96,6.0
2022-08-06,2022,Tottenham,Southampton,4.0,1.0,H,18.0,10.0,8.0,2.0,1.36,5.27,8.64,1.4,5.5,9.2
2022-08-07,2022,Leicester,Brentford,2.0,2.0,D,14.0,8.0,5.0,3.0,2.03,3.66,3.64,2.1,3.84,3.8
2022-08-07,2022,Man United,Brighton,1.0,2.0,A,17.0,15.0,5.0,4.0,1.62,4.01,5.68,1.66,4.22,6.12
2022-08-07,2022,West Ham,Man City,0.0,2.0,A,6.0,14.0,1.0,2.0,8.32,5.25,1.37,9.6,5.6,1.41
2022-08-13,2022,Arsenal,Leicester,4.0,2.0,H,19.0,6.0,7.0,2.0,1.55,4.37,6.04,1.6,4.65,6.42
2022-08-13,2022,Aston Villa,Everton,2.0,1.0,H,12.0,15.0,4.0,4.0,1.82,3.56,4.87,1.85,3.68,5.12
2022-08-13,2022,Brentford,Man United,4.0,0.0,H,13.0,15.0,7.0,4.0,3.77,3.56,2.02,4.04,3.65,2.08
2022-08-13,2022,Brighton,Newcastle,0.0,0.0,D,13.0,4.0,7.0,1.0,2.44,3.25,3.1,2.54,3.46,3.27
2022-08-13,2022,Man City,Bournemouth,4.0,0.0,H,19.0,3.0,7.0,1.0,1.07,12.72,37.57,1.09,16.0,50.0
2022-08-13,2022,Southampton,Leeds,2.0,2.0,D,14.0,13.0,4.0,5.0,2.32,3.51,3.1,2.4,3.64,3.2
2022-08-13,2022,Wolves,Fulham,0.0,0.0,D,7.0,9.0,1.0,3.0,2.4,3.28,3.15,2.48,3.46,3.29
2022-08-14,2022,Chelsea,Tottenham,2.0,2.0,D,16.0,10.0,3.0,5.0,2.29,3.44,3.21,2.38,3.55,3.36
2022-08-14,2022,Nott'm Forest,West Ham,1.0,0.0,H,13.0,19.0,6.0,5.0,4.21,3.64,1.9,4.4,3.75,1.94
2022-08-15,2022,Liverpool,Crystal Palace,1.0,1.0,D,24.0,7.0,4.0,3.0,1.2,6.85,16.33,1.23,7.23,19.0
2022-08-20,2022,Bournemouth,Arsenal,0.0,3.0,A,6.0,14.0,1.0,6.0,7.65,4.7,1.43,8.01,4.9,1.47
2022-08-20,2022,Crystal Palace,Aston Villa,3.0,1.0,H,17.0,13.0,9.0,5.0,2.52,3.2,3.0,2.6,3.35,3.16
2022-08-20,2022,Everton,Nott'm Forest,1.0,1.0,D,19.0,14.0,8.0,5.0,1.97,3.48,4.05,2.02,3.64,4.3
2022-08-20,2022,Fulham,Brentford,3.0,2.0,H,18.0,13.0,9.0,5.0,2.46,3.42,2.92,2.62,3.54,3.04
2022-08-20,2022,Leicester,Southampton,1.0,2.0,A,6.0,9.0,1.0,3.0,1.85,3.97,4.01,1.88,4.1,4.2
2022-08-20,2022,Tottenham,Wolves,1.0,0.0,H,11.0,20.0,4.0,3.0,1.41,4.88,7.96,1.44,5.14,8.5
2022-08-21,2022,Leeds,Chelsea,3.0,0.0,H,12.0,14.0,6.0,3.0,5.93,4.43,1.55,6.23,4.6,1.6
2022-08-21,2022,Newcastle,Man City,3.0,3.0,D,12.0,21.0,6.0,10.0,8.67,5.11,1.37,9.5,5.35,1.41
2022-08-21,2022,West Ham,Brighton,0.0,2.0,A,13.0,11.0,3.0,2.0,2.32,3.41,3.14,2.42,3.52,3.29
2022-08-22,2022,Man United,Liverpool,2.0,1.0,H,12.0,17.0,4.0,5.0,5.22,4.38,1.6,5.6,4.7,1.65
2022-08-27,2022,Arsenal,Fulham,2.0,1.0,H,22.0,11.0,8.0,3.0,1.32,5.77,9.44,1.36,6.1,10.0
2022-08-27,2022,Brentford,Everton,1.0,1.0,D,19.0,14.0,5.0,7.0,2.06,3.47,3.77,2.16,3.58,3.92
2022-08-27,2022,Brighton,Leeds,1.0,0.0,H,13.0,10.0,4.0,2.0,1.91,3.73,4.04,1.96,3.85,4.24
2022-08-27,2022,Chelsea,Leicester,2.0,1.0,H,7.0,17.0,3.0,5.0,1.42,4.93,7.52,1.46,5.2,8.2
2022-08-27,2022,Liverpool,Bournemouth,9.0,0.0,H,19.0,5.0,12.0,2.0,1.11,10.17,25.51,1.14,11.0,34.0
2022-08-27,2022,Man City,Crystal Palace,4.0,2.0,H,18.0,2.0,5.0,2.0,1.19,7.56,15.25,1.22,8.2,18.0
2022-08-27,2022,Southampton,Man United,0.0,1.0,A,17.0,11.0,5.0,6.0,4.27,4.06,1.8,4.5,4.35,1.85
2022-08-28,2022,Aston Villa,West Ham,0.0,1.0,A,9.0,7.0,3.0,2.0,2.3,3.43,3.18,2.41,3.6,3.3
2022-08-28,2022,Nott'm Forest,Tottenham,0.0,2.0,A,17.0,18.0,1.0,7.0,6.98,4.59,1.47,7.5,4.8,1.51
2022-08-28,2022,Wolves,Newcastle,1.0,1.0,D,10.0,21.0,4.0,6.0,2.75,3.26,2.7,2.86,3.46,2.79
2022-08-30,2022,Crystal Palace,Brentford,1.0,1.0,D,13.0,9.0,4.0,3.0,2.1,3.42,3.72,2.16,3.58,3.9
2022-08-30,2022,Fulham,Brighton,2.0,1.0,H,10.0,7.0,3.0,4.0,3.21,3.35,2.33,3.44,3.45,2.4
2022-08-30,2022,Leeds,Everton,1.0,1.0,D,14.0,7.0,5.0,2.0,2.14,3.57,3.46,2.18,3.72,3.58
2022-08-30,2022,Southampton,Chelsea,2.0,1.0,H,9.0,10.0,7.0,4.0,5.22,4.16,1.65,5.5,4.3,1.69
2022-08-31,2022,Arsenal,Aston Villa,2.0,1.0,H,22.0,4.0,9.0,3.0,1.47,4.63,7.0,1.5,4.8,7.5
2022-08-31,2022,Bournemouth,Wolves,0.0,0.0,D,5.0,17.0,2.0,4.0,3.53,3.38,2.16,3.67,3.54,2.24
2022-08-31,2022,Liverpool,Newcastle,2.0,1.0,H,23.0,5.0,6.0,2.0,1.31,5.81,9.58,1.34,6.25,11.0
2022-08-31,2022,Man City,Nott'm Forest,6.0,0.0,H,17.0,8.0,9.0,1.0,1.08,12.84,30.99,1.1,14.5,43.0
2022-08-31,2022,West Ham,Tottenham,1.0,1.0,D,14.0,13.0,4.0,4.0,3.63,3.74,2.01,3.8,3.9,2.08
2022-09-01,2022,Leicester,Man United,0.0,1.0,A,10.0,9.0,2.0,2.0,3.41,3.81,2.07,3.54,4.0,2.14
2022-09-03,2022,Aston Villa,Man City,1.0,1.0,D,3.0,13.0,1.0,4.0,8.75,5.63,1.34,9.9,6.0,1.38
2022-09-03,2022,Brentford,Leeds,5.0,2.0,H,14.0,17.0,8.0,6.0,2.17,3.59,3.33,2.25,3.75,3.45
2022-09-03,2022,Chelsea,West Ham,2.0,1.0,H,8.0,6.0,3.0,3.0,1.55,4.38,6.03,1.59,4.58,6.4
2022-09-03,2022,Everton,Liverpool,0.0,0.0,D,14.0,23.0,3.0,8.0,7.77,5.06,1.4,8.5,5.39,1.44
2022-09-03,2022,Newcastle,Crystal Palace,0.0,0.0,D,23.0,19.0,6.0,9.0,2.05,3.48,3.8,2.12,3.6,4.0
2022-09-03,2022,Nott'm Forest,Bournemouth,2.0,3.0,A,11.0,8.0,3.0,3.0,2.02,3.47,3.89,2.06,3.56,4.0
2022-09-03,2022,Tottenham,Fulham,2.0,1.0,H,23.0,9.0,10.0,3.0,1.49,4.62,6.54,1.53,4.8,7.04
2022-09-03,2022,Wolves,Southampton,1.0,0.0,H,7.0,12.0,2.0,1.0,2.24,3.4,3.33,2.32,3.54,3.45
2022-09-04,2022,Brighton,Leicester,5.0,2.0,H,23.0,6.0,11.0,4.0,1.87,3.6,4.43,1.92,3.77,4.85
2022-09-04,2022,Man United,Arsenal,3.0,1.0,H,10.0,16.0,6.0,3.0,2.61,3.55,2.67,2.7,3.74,2.78
2022-09-16,2022,Aston Villa,Southampton,1.0,0.0,H,11.0,7.0,3.0,1.0,2.1,3.55,3.53,2.18,3.72,3.62
2022-09-16,2022,Nott'm Forest,Fulham,2.0,3.0,A,11.0,15.0,3.0,7.0,2.81,3.4,2.57,2.92,3.54,2.68
2022-09-17,2022,Newcastle,Bournemouth,1.0,1.0,D,20.0,10.0,7.0,3.0,1.47,4.47,7.39,1.5,4.7,7.77
2022-09-17,2022,Tottenham,Leicester,6.0,2.0,H,16.0,19.0,11.0,7.0,1.49,4.59,6.7,1.54,5.0,7.1
2022-09-17,2022,Wolves,Man City,0.0,3.0,A,6.0,16.0,1.0,7.0,9.25,5.47,1.34,10.0,5.9,1.37
2022-09-18,2022,Brentford,Arsenal,0.0,3.0,A,5.0,13.0,2.0,7.0,4.3,3.91,1.81,4.5,4.05,1.86
2022-09-18,2022,Everton,West Ham,1.0,0.0,H,7.0,14.0,2.0,4.0,2.95,3.31,2.5,3.05,3.45,2.58
2022-10-01,2022,Arsenal,Tottenham,3.0,1.0,H,22.0,7.0,9.0,3.0,2.08,3.7,3.48,2.15,3.85,3.65
2022-10-01,2022,Bournemouth,Brentford,0.0,0.0,D,7.0,13.0,1.0,4.0,3.36,3.44,2.21,3.5,3.56,2.28
2022-10-01,2022,Crystal Palace,Chelsea,1.0,2.0,A,7.0,13.0,3.0,3.0,4.29,3.57,1.9,4.6,3.7,1.95
2022-10-01,2022,Fulham,Newcastle,1.0,4.0,A,3.0,19.0,1.0,10.0,3.04,3.46,2.37,3.15,3.68,2.42
2022-10-01,2022,Liverpool,Brighton,3.0,3.0,D,15.0,6.0,7.0,6.0,1.37,5.33,8.25,1.41,5.5,8.9
2022-10-01,2022,Southampton,Everton,1.0,2.0,A,22.0,12.0,6.0,5.0,2.19,3.41,3.44,2.28,3.52,3.55
2022-10-01,2022,West Ham,Wolves,2.0,0.0,H,18.0,15.0,5.0,4.0,1.96,3.48,4.12,2.02,3.65,4.31
2022-10-02,2022,Leeds,Aston Villa,0.0,0.0,D,9.0,19.0,1.0,7.0,2.36,3.46,3.03,2.48,3.66,3.12
2022-10-02,2022,Man City,Man United,6.0,3.0,H,22.0,12.0,10.0,8.0,1.35,5.7,8.0,1.4,6.0,9.4
2022-10-03,2022,Leicester,Nott'm Forest,4.0,0.0,H,17.0,10.0,7.0,3.0,1.76,4.05,4.41,1.8,4.2,4.51
2022-10-08,2022,Bournemouth,Leicester,2.0,1.0,H,10.0,9.0,4.0,5.0,3.53,3.63,2.09,3.65,3.85,2.16
2022-10-08,2022,Brighton,Tottenham,0.0,1.0,A,14.0,8.0,4.0,3.0,2.76,3.47,2.58,2.83,3.66,2.68
2022-10-08,2022,Chelsea,Wolves,3.0,0.0,H,20.0,8.0,7.0,2.0,1.4,4.82,8.5,1.44,5.0,9.2
2022-10-08,2022,Man City,Southampton,4.0,0.0,H,21.0,5.0,8.0,0.0,1.12,10.3,21.15,1.14,11.0,27.0
2022-10-08,2022,Newcastle,Brentford,5.0,1.0,H,16.0,6.0,6.0,3.0,1.8,3.92,4.38,1.88,4.08,4.6
2022-10-09,2022,Arsenal,Liverpool,3.0,2.0,H,11.0,8.0,7.0,3.0,2.58,3.72,2.62,2.69,3.96,2.7
2022-10-09,2022,Crystal Palace,Leeds,2.0,1.0,H,13.0,10.0,5.0,4.0,2.07,3.62,3.57,2.17,3.85,3.77
2022-10-09,2022,Everton,Man United,1.0,2.0,A,11.0,12.0,2.0,4.0,3.56,3.58,2.09,3.71,3.8,2.15
2022-10-09,2022,West Ham,Fulham,3.0,1.0,H,17.0,8.0,8.0,2.0,1.78,3.9,4.56,1.84,4.05,4.82
2022-10-10,2022,Nott'm Forest,Aston Villa,1.0,1.0,D,6.0,12.0,3.0,2.0,3.35,3.49,2.19,3.48,3.65,2.25
2022-10-14,2022,Brentford,Brighton,2.0,0.0,H,7.0,21.0,3.0,7.0,3.21,3.44,2.3,3.33,3.52,2.38
2022-10-15,2022,Fulham,Bournemouth,2.0,2.0,D,19.0,10.0,4.0,6.0,1.89,3.72,4.13,1.96,3.9,4.3
2022-10-15,2022,Leicester,Crystal Palace,0.0,0.0,D,14.0,8.0,5.0,1.0,2.31,3.49,3.12,2.44,3.68,3.21
2022-10-15,2022,Tottenham,Everton,2.0,0.0,H,21.0,4.0,7.0,0.0,1.49,4.56,6.81,1.52,4.75,7.26
2022-10-15,2022,Wolves,Nott'm Forest,1.0,0.0,H,9.0,10.0,2.0,2.0,1.72,3.81,5.13,1.78,3.9,5.5
2022-10-16,2022,Aston Villa,Chelsea,0.0,2.0,A,18.0,8.0,7.0,4.0,4.54,3.69,1.82,4.78,3.84,1.87
2022-10-16,2022,Leeds,Arsenal,0.0,1.0,A,16.0,9.0,4.0,4.0,5.83,4.41,1.56,6.3,4.6,1.6
2022-10-16,2022,Liverpool,Man City,1.0,0.0,H,13.0,16.0,2.0,6.0,3.74,4.06,1.91,4.1,4.33,1.95
2022-10-16,2022,Man United,Newcastle,0.0,0.0,D,15.0,9.0,2.0,2.0,2.0,3.78,3.65,2.04,4.0,3.84
2022-10-16,2022,Southampton,West Ham,1.0,1.0,D,10.0,25.0,8.0,4.0,2.96,3.42,2.44,3.08,3.6,2.5
2022-10-18,2022,Brighton,Nott'm Forest,0.0,0.0,D,19.0,3.0,7.0,0.0,1.4,4.91,8.19,1.45,5.2,9.0
2022-10-18,2022,Crystal Palace,Wolves,2.0,1.0,H,14.0,10.0,4.0,4.0,2.29,3.19,3.46,2.34,3.38,3.61
2022-10-19,2022,Bournemouth,Southampton,0.0,1.0,A,15.0,9.0,3.0,3.0,2.72,3.33,2.69,2.8,3.42,2.78
2022-10-19,2022,Brentford,Chelsea,0.0,0.0,D,8.0,14.0,5.0,5.0,4.79,3.92,1.74,5.44,4.28,1.8
2022-10-19,2022,Liverpool,West Ham,1.0,0.0,H,22.0,8.0,7.0,3.0,1.44,5.01,6.96,1.48,5.25,8.2
2022-10-19,2022,Man United,Tottenham,2.0,0.0,H,28.0,9.0,10.0,2.0,2.45,3.57,2.86,2.56,3.75,2.99
2022-10-19,2022,Newcastle,Everton,1.0,0.0,H,16.0,1.0,4.0,0.0,1.64,4.05,5.46,1.69,4.3,6.0
2022-10-20,2022,Fulham,Aston Villa,3.0,0.0,H,18.0,12.0,8.0,6.0,2.88,3.42,2.51,3.0,3.58,2.59
2022-10-20,2022,Leicester,Leeds,2.0,0.0,H,5.0,14.0,1.0,2.0,2.32,3.58,3.03,2.4,3.7,3.12
2022-10-22,2022,Chelsea,Man United,1.0,1.0,D,6.0,13.0,2.0,6.0,2.14,3.51,3.5,2.2,3.68,3.7
2022-10-22,2022,Everton,Crystal Palace,3.0,0.0,H,9.0,9.0,6.0,2.0,2.58,3.18,2.96,2.69,3.25,3.05
2022-10-22,2022,Man City,Brighton,3.0,1.0,H,10.0,8.0,4.0,2.0,1.21,6.94,14.36,1.23,7.25,17.0
2022-10-22,2022,Nott'm Forest,Liverpool,1.0,0.0,H,10.0,15.0,7.0,7.0,11.31,6.19,1.26,12.0,6.73,1.3
2022-10-23,2022,Aston Villa,Brentford,4.0,0.0,H,19.0,12.0,11.0,3.0,2.14,3.5,3.49,2.23,3.61,3.6
2022-10-23,2022,Leeds,Fulham,2.0,3.0,A,14.0,11.0,5.0,5.0,2.06,3.62,3.59,2.12,3.75,3.77
2022-10-23,2022,Southampton,Arsenal,1.0,1.0,D,10.0,12.0,3.0,3.0,5.78,4.27,1.58,6.3,4.5,1.6
2022-10-23,2022,Tottenham,Newcastle,1.0,2.0,A,17.0,13.0,5.0,5.0,2.09,3.58,3.53,2.18,3.76,3.72
2022-10-23,2022,Wolves,Leicester,0.0,4.0,A,21.0,5.0,5.0,4.0,2.3,3.38,3.24,2.38,3.5,3.46
2022-10-24,2022,West Ham,Bournemouth,2.0,0.0,H,20.0,5.0,4.0,3.0,1.55,4.16,6.2,1.59,4.49,6.6
2022-10-29,2022,Bournemouth,Tottenham,2.0,3.0,A,6.0,23.0,4.0,7.0,5.1,3.91,1.69,5.46,4.01,1.75
2022-10-29,2022,Brentford,Wolves,1.0,1.0,D,12.0,14.0,3.0,4.0,2.2,3.46,3.33,2.28,3.55,3.45
2022-10-29,2022,Brighton,Chelsea,4.0,1.0,H,19.0,15.0,9.0,7.0,3.03,3.34,2.41,3.17,3.44,2.52
2022-10-29,2022,Crystal Palace,Southampton,1.0,0.0,H,12.0,14.0,3.0,4.0,1.95,3.57,4.03,2.0,3.65,4.22
2022-10-29,2022,Fulham,Everton,0.0,0.0,D,24.0,9.0,6.0,4.0,2.36,3.43,3.07,2.42,3.62,3.2
2022-10-29,2022,Leicester,Man City,0.0,1.0,A,10.0,15.0,5.0,5.0,9.66,6.09,1.29,10.5,6.5,1.33
2022-10-29,2022,Liverpool,Leeds,1.0,2.0,A,22.0,14.0,10.0,6.0,1.3,6.07,9.16,1.34,6.4,10.0
2022-10-29,2022,Newcastle,Aston Villa,4.0,0.0,H,20.0,3.0,7.0,0.0,1.83,3.73,4.41,1.88,3.82,4.6
2022-10-30,2022,Arsenal,Nott'm Forest,5.0,0.0,H,24.0,5.0,10.0,2.0,1.2,6.96,14.82,1.24,7.5,17.0
2022-10-30,2022,Man United,West Ham,1.0,0.0,H,16.0,13.0,3.0,5.0,1.7,4.02,4.85,1.77,4.2,5.14
2022-11-05,2022,Everton,Leicester,0.0,2.0,A,12.0,22.0,2.0,8.0,2.43,3.33,3.03,2.5,3.5,3.15
2022-11-05,2022,Leeds,Bournemouth,4.0,3.0,H,18.0,9.0,4.0,6.0,1.74,3.93,4.73,1.77,4.12,5.1
2022-11-05,2022,Man City,Fulham,2.0,1.0,H,16.0,4.0,5.0,2.0,1.13,9.74,19.8,1.16,11.0,23.0
2022-11-05,2022,Nott'm Forest,Brentford,2.0,2.0,D,15.0,6.0,7.0,2.0,2.78,3.39,2.59,2.86,3.54,2.72
2022-11-05,2022,Wolves,Brighton,2.0,3.0,A,8.0,19.0,5.0,8.0,3.39,3.33,2.24,3.55,3.54,2.34
2022-11-06,2022,Aston Villa,Man United,3.0,1.0,H,6.0,8.0,4.0,3.0,3.39,3.54,2.15,3.61,3.68,2.24
2022-11-06,2022,Chelsea,Arsenal,0.0,1.0,A,5.0,14.0,1.0,2.0,2.64,3.42,2.7,2.72,3.54,2.85
2022-11-06,2022,Southampton,Newcastle,1.0,4.0,A,16.0,7.0,5.0,4.0,4.02,3.66,1.92,4.2,3.84,1.96
2022-11-06,2022,Tottenham,Liverpool,1.0,2.0,A,14.0,13.0,5.0,6.0,3.28,3.67,2.16,3.48,3.8,2.25
2022-11-06,2022,West Ham,Crystal Palace,1.0,2.0,A,5.0,15.0,2.0,6.0,1.94,3.49,4.18,1.98,3.66,4.35
2022-11-12,2022,Bournemouth,Everton,3.0,0.0,H,16.0,15.0,9.0,3.0,2.86,3.25,2.6,2.94,3.35,2.69
2022-11-12,2022,Liverpool,Southampton,3.0,1.0,H,15.0,9.0,7.0,5.0,1.25,6.52,11.38,1.28,7.0,12.0
2022-11-12,2022,Man City,Brentford,1.0,2.0,A,29.0,10.0,6.0,8.0,1.14,8.92,19.14,1.16,9.6,24.0
2022-11-12,2022,Newcastle,Chelsea,1.0,0.0,H,10.0,5.0,3.0,2.0,2.33,3.44,3.11,2.42,3.6,3.24
2022-11-12,2022,Nott'm Forest,Crystal Palace,1.0,0.0,H,9.0,8.0,2.0,0.0,3.12,3.24,2.43,3.27,3.42,2.5
2022-11-12,2022,Tottenham,Leeds,4.0,3.0,H,14.0,12.0,8.0,5.0,1.64,4.26,5.04,1.68,4.49,5.55
2022-11-12,2022,West Ham,Leicester,0.0,2.0,A,18.0,9.0,6.0,6.0,2.09,3.51,3.6,2.14,3.68,3.75
2022-11-12,2022,Wolves,Arsenal,0.0,2.0,A,11.0,14.0,2.0,4.0,6.15,4.26,1.55,6.5,4.44,1.59
2022-11-13,2022,Brighton,Aston Villa,1.0,2.0,A,7.0,8.0,2.0,2.0,1.86,3.71,4.21,1.9,3.87,4.4
2022-11-13,2022,Fulham,Man United,1.0,2.0,A,14.0,14.0,7.0,9.0,3.91,3.88,1.89,4.11,4.05,1.95
2022-12-26,2022,Arsenal,West Ham,3.0,1.0,H,16.0,8.0,5.0,4.0,1.51,4.39,6.52,1.55,4.7,7.1
2022-12-26,2022,Aston Villa,Liverpool,1.0,3.0,A,12.0,16.0,6.0,9.0,4.51,4.04,1.75,4.85,4.26,1.8
2022-12-26,2022,Brentford,Tottenham,2.0,2.0,D,9.0,16.0,5.0,8.0,3.85,3.74,1.95,4.05,3.9,2.04
2022-12-26,2022,Crystal Palace,Fulham,0.0,3.0,A,4.0,23.0,0.0,11.0,2.07,3.55,3.58,2.12,3.68,3.7
2022-12-26,2022,Everton,Wolves,1.0,2.0,A,12.0,7.0,6.0,4.0,2.35,3.25,3.24,2.45,3.44,3.35
2022-12-26,2022,Leicester,Newcastle,0.0,3.0,A,8.0,12.0,2.0,5.0,3.24,3.54,2.21,3.36,3.68,2.28
2022-12-26,2022,Southampton,Brighton,1.0,3.0,A,14.0,7.0,4.0,4.0,3.4,3.51,2.15,3.59,3.66,2.22
2022-12-27,2022,Chelsea,Bournemouth,2.0,0.0,H,15.0,9.0,5.0,4.0,1.32,5.46,9.72,1.36,5.8,11.0
2022-12-27,2022,Man United,Nott'm Forest,3.0,0.0,H,17.0,8.0,8.0,3.0,1.31,5.51,10.4,1.35,5.8,12.0
2022-12-28,2022,Leeds,Man City,1.0,3.0,A,9.0,26.0,1.0,9.0,9.46,5.99,1.3,10.5,6.22,1.33
2022-12-30,2022,Liverpool,Leicester,2.0,1.0,H,21.0,7.0,5.0,2.0,1.3,6.03,9.64,1.33,6.55,10.75
2022-12-30,2022,West Ham,Brentford,0.0,2.0,A,20.0,9.0,5.0,6.0,2.06,3.59,3.64,2.12,3.7,3.78
2022-12-31,2022,Bournemouth,Crystal Palace,0.0,2.0,A,6.0,15.0,2.0,6.0,2.91,3.27,2.55,3.03,3.4,2.66
2022-12-31,2022,Brighton,Arsenal,2.0,4.0,A,9.0,14.0,5.0,7.0,3.46,3.56,2.12,3.6,3.72,2.17
2022-12-31,2022,Fulham,Southampton,2.0,1.0,H,8.0,9.0,2.0,3.0,2.02,3.57,3.77,2.09,3.7,4.02
2022-12-31,2022,Man City,Everton,1.0,1.0,D,16.0,2.0,3.0,1.0,1.14,8.61,21.51,1.17,10.0,25.0
2022-12-31,2022,Newcastle,Leeds,0.0,0.0,D,16.0,8.0,5.0,1.0,1.47,4.73,6.73,1.51,4.9,7.3
2022-12-31,2022,Wolves,Man United,0.0,1.0,A,10.0,16.0,3.0,6.0,4.09,3.64,1.92,4.31,3.76,1.98
2023-01-01,2022,Nott'm Forest,Chelsea,1.0,1.0,D,12.0,7.0,5.0,2.0,5.21,3.88,1.69,5.5,4.0,1.74
2023-01-01,2022,Tottenham,Aston Villa,0.0,2.0,A,6.0,13.0,2.0,4.0,1.68,4.06,4.94,1.73,4.22,5.25
2023-01-02,2022,Brentford,Liverpool,3.0,1.0,H,10.0,16.0,7.0,6.0,5.65,4.52,1.56,5.8,4.75,1.6
2023-01-03,2022,Arsenal,Newcastle,0.0,0.0,D,17.0,8.0,4.0,1.0,1.82,3.83,4.39,1.85,3.99,4.75
2023-01-03,2022,Everton,Brighton,1.0,4.0,A,10.0,19.0,4.0,8.0,3.56,3.46,2.13,3.68,3.55,2.18
2023-01-03,2022,Leicester,Fulham,0.0,1.0,A,15.0,11.0,6.0,2.0,2.23,3.63,3.16,2.28,3.78,3.3
2023-01-03,2022,Man United,Bournemouth,3.0,0.0,H,18.0,7.0,6.0,4.0,1.29,5.94,10.56,1.32,6.2,11.5
2023-01-04,2022,Aston Villa,Wolves,1.0,1.0,D,13.0,10.0,4.0,3.0,1.99,3.57,3.86,2.04,3.76,4.0
2023-01-04,2022,Crystal Palace,Tottenham,0.0,4.0,A,19.0,14.0,4.0,6.0,3.34,3.48,2.19,3.5,3.64,2.23
2023-01-04,2022,Leeds,West Ham,2.0,2.0,D,14.0,15.0,6.0,2.0,2.62,3.52,2.65,2.7,3.7,2.76
2023-01-04,2022,Southampton,Nott'm Forest,0.0,1.0,A,8.0,11.0,0.0,1.0,2.03,3.46,3.82,2.12,3.6,4.2
2023-01-05,2022,Chelsea,Man City,0.0,1.0,A,8.0,12.0,2.0,3.0,5.17,4.03,1.66,5.6,4.25,1.74
2023-01-12,2022,Fulham,Chelsea,2.0,1.0,H,8.0,20.0,3.0,10.0,3.36,3.54,2.18,3.52,3.74,2.23
2023-01-13,2022,Aston Villa,Leeds,2.0,1.0,H,11.0,16.0,5.0,4.0,1.94,3.63,4.02,2.0,3.75,4.2
2023-01-14,2022,Brentford,Bournemouth,2.0,0.0,H,12.0,7.0,4.0,2.0,1.66,4.09,5.2,1.71,4.35,5.55
2023-01-14,2022,Brighton,Liverpool,3.0,0.0,H,16.0,6.0,9.0,2.0,3.31,3.76,2.12,3.55,3.95,2.2
2023-01-14,2022,Everton,Southampton,1.0,2.0,A,12.0,13.0,4.0,5.0,2.25,3.39,3.32,2.32,3.55,3.4
2023-01-14,2022,Man United,Man City,2.0,1.0,H,8.0,5.0,4.0,1.0,4.21,3.9,1.84,4.36,4.15,1.88
2023-01-14,2022,Nott'm Forest,Leicester,2.0,0.0,H,15.0,6.0,5.0,1.0,2.72,3.4,2.65,2.8,3.55,2.75
2023-01-14,2022,Wolves,West Ham,1.0,0.0,H,17.0,16.0,4.0,4.0,2.7,3.27,2.75,2.8,3.41,2.83
2023-01-15,2022,Chelsea,Crystal Palace,1.0,0.0,H,15.0,10.0,5.0,5.0,1.66,3.93,5.47,1.7,4.35,5.77
2023-01-15,2022,Newcastle,Fulham,1.0,0.0,H,20.0,5.0,5.0,0.0,1.52,4.42,6.32,1.56,4.6,6.75
2023-01-15,2022,Tottenham,Arsenal,0.0,2.0,A,17.0,14.0,7.0,5.0,3.24,3.63,2.18,3.38,3.85,2.24
2023-01-18,2022,Crystal Palace,Man United,1.0,1.0,D,10.0,15.0,5.0,4.0,4.56,3.78,1.8,4.7,3.9,1.84
2023-01-19,2022,Man City,Tottenham,4.0,2.0,H,16.0,9.0,6.0,3.0,1.37,5.41,8.06,1.4,5.75,9.2
2023-01-21,2022,Bournemouth,Nott'm Forest,1.0,1.0,D,16.0,20.0,4.0,5.0,2.76,3.18,2.76,2.86,3.35,2.88
2023-01-21,2022,Crystal Palace,Newcastle,0.0,0.0,D,6.0,16.0,1.0,7.0,4.4,3.58,1.88,4.9,3.83,1.92
2023-01-21,2022,Leicester,Brighton,2.0,2.0,D,9.0,13.0,2.0,4.0,3.51,3.65,2.08,3.61,3.89,2.14
2023-01-21,2022,Liverpool,Chelsea,0.0,0.0,D,15.0,11.0,3.0,2.0,1.89,3.82,4.08,1.94,3.98,4.25
2023-01-21,2022,Southampton,Aston Villa,0.0,1.0,A,8.0,16.0,5.0,5.0,2.88,3.38,2.53,2.96,3.5,2.58
2023-01-21,2022,West Ham,Everton,2.0,0.0,H,11.0,5.0,4.0,2.0,1.8,3.68,4.76,1.85,3.93,5.25
2023-01-22,2022,Arsenal,Man United,3.0,2.0,H,25.0,6.0,5.0,4.0,1.86,3.86,4.08,1.91,4.1,4.35
2023-01-22,2022,Leeds,Brentford,0.0,0.0,D,9.0,6.0,5.0,0.0,2.38,3.67,2.89,2.44,3.9,2.99
2023-01-22,2022,Man City,Wolves,3.0,0.0,H,13.0,10.0,7.0,1.0,1.2,7.38,14.81,1.22,8.0,17.5
2023-01-23,2022,Fulham,Tottenham,0.0,1.0,A,10.0,10.0,5.0,3.0,3.25,3.75,2.13,3.4,3.98,2.19
2023-02-03,2022,Chelsea,Fulham,0.0,0.0,D,12.0,10.0,3.0,4.0,1.64,4.05,5.55,1.67,4.2,5.8
2023-02-04,2022,Aston Villa,Leicester,2.0,4.0,A,19.0,9.0,4.0,5.0,1.99,3.64,3.83,2.04,3.8,3.95
2023-02-04,2022,Brentford,Southampton,3.0,0.0,H,14.0,14.0,4.0,6.0,1.89,3.64,4.21,1.94,3.76,4.36
2023-02-04,2022,Brighton,Bournemouth,1.0,0.0,H,20.0,12.0,6.0,2.0,1.35,5.22,9.18,1.38,5.5,10.0
2023-02-04,2022,Everton,Arsenal,1.0,0.0,H,12.0,15.0,4.0,3.0,8.22,4.75,1.41,8.93,5.0,1.45
2023-02-04,2022,Man United,Crystal Palace,2.0,1.0,H,14.0,10.0,5.0,3.0,1.4,4.83,8.33,1.44,5.0,9.0
2023-02-04,2022,Newcastle,West Ham,1.0,1.0,D,8.0,10.0,2.0,1.0,1.62,3.92,6.03,1.65,4.1,6.5
2023-02-04,2022,Wolves,Liverpool,3.0,0.0,H,12.0,22.0,6.0,4.0,4.02,3.85,1.88,4.2,4.1,1.92
2023-02-05,2022,Nott'm Forest,Leeds,1.0,0.0,H,6.0,10.0,2.0,4.0,2.64,3.43,2.71,2.71,3.6,2.76
2023-02-05,2022,Tottenham,Man City,1.0,0.0,H,12.0,15.0,3.0,5.0,4.43,4.16,1.75,4.65,4.4,1.79
2023-02-08,2022,Man United,Leeds,2.0,2.0,D,24.0,8.0,7.0,2.0,1.47,4.83,6.54,1.48,5.1,7.0
2023-02-11,2022,Arsenal,Brentford,1.0,1.0,D,23.0,9.0,7.0,2.0,1.45,4.72,7.52,1.49,4.9,8.0
2023-02-11,2022,Bournemouth,Newcastle,1.0,1.0,D,11.0,15.0,5.0,7.0,6.39,4.06,1.57,6.7,4.24,1.61
2023-02-11,2022,Crystal Palace,Brighton,1.0,1.0,D,6.0,17.0,1.0,7.0,3.81,3.51,2.04,3.97,3.64,2.08
2023-02-11,2022,Fulham,Nott'm Forest,2.0,0.0,H,16.0,10.0,3.0,1.0,1.93,3.56,4.22,1.98,3.7,4.5
2023-02-11,2022,Leicester,Tottenham,4.0,1.0,H,15.0,11.0,7.0,4.0,3.39,3.64,2.13,3.52,3.84,2.18
2023-02-11,2022,Southampton,Wolves,1.0,2.0,A,17.0,11.0,2.0,2.0,3.03,3.18,2.54,3.2,3.3,2.6
2023-02-11,2022,West Ham,Chelsea,1.0,1.0,D,10.0,12.0,2.0,4.0,3.4,3.29,2.27,3.51,3.41,2.33
2023-02-12,2022,Leeds,Man United,0.0,2.0,A,16.0,11.0,6.0,5.0,3.86,3.85,1.92,4.1,4.06,1.98
2023-02-12,2022,Man City,Aston Villa,3.0,1.0,H,17.0,6.0,9.0,2.0,1.25,6.59,11.89,1.27,7.1,13.5
2023-02-13,2022,Liverpool,Everton,2.0,0.0,H,15.0,6.0,6.0,1.0,1.53,4.38,6.23,1.58,4.62,6.52
2023-02-15,2022,Arsenal,Man City,1.0,3.0,A,10.0,9.0,1.0,6.0,2.93,3.51,2.42,3.04,3.65,2.51
2023-02-18,2022,Aston Villa,Arsenal,2.0,4.0,A,7.0,20.0,5.0,5.0,4.43,3.71,1.84,4.6,3.86,1.87
2023-02-18,2022,Brentford,Crystal Palace,1.0,1.0,D,12.0,10.0,5.0,4.0,1.86,3.54,4.59,1.9,3.7,4.9
2023-02-18,2022,Brighton,Fulham,0.0,1.0,A,21.0,5.0,7.0,2.0,1.67,4.06,5.15,1.7,4.2,5.6
2023-02-18,2022,Chelsea,Southampton,0.0,1.0,A,17.0,8.0,5.0,5.0,1.38,4.76,9.42,1.41,5.0,10.0
2023-02-18,2022,Everton,Leeds,1.0,0.0,H,15.0,8.0,6.0,0.0,2.48,3.31,2.99,2.55,3.4,3.09
2023-02-18,2022,Newcastle,Liverpool,0.0,2.0,A,14.0,13.0,4.0,7.0,2.57,3.51,2.75,2.7,3.65,2.83
2023-02-18,2022,Nott'm Forest,Man City,1.0,1.0,D,4.0,26.0,1.0,6.0,10.01,5.62,1.31,11.0,5.9,1.34
2023-02-18,2022,Wolves,Bournemouth,0.0,1.0,A,15.0,5.0,4.0,1.0,1.68,3.81,5.53,1.72,3.95,6.1
2023-02-19,2022,Man United,Leicester,3.0,0.0,H,26.0,19.0,8.0,3.0,1.62,4.32,5.22,1.66,4.5,5.5
2023-02-19,2022,Tottenham,West Ham,2.0,0.0,H,16.0,6.0,6.0,1.0,1.83,3.76,4.39,1.88,3.86,4.75
2023-02-24,2022,Fulham,Wolves,1.0,1.0,D,10.0,8.0,5.0,2.0,2.54,3.22,3.0,2.65,3.38,3.1
2023-02-25,2022,Bournemouth,Man City,1.0,4.0,A,13.0,20.0,2.0,5.0,10.21,5.81,1.3,11.5,6.2,1.33
2023-02-25,2022,Crystal Palace,Liverpool,0.0,0.0,D,6.0,12.0,0.0,4.0,4.7,3.93,1.74,5.0,4.1,1.79
2023-02-25,2022,Everton,Aston Villa,0.0,2.0,A,15.0,9.0,5.0,5.0,2.54,3.21,2.98,2.62,3.31,3.06
2023-02-25,2022,Leeds,Southampton,1.0,0.0,H,14.0,8.0,4.0,2.0,1.99,3.57,3.89,2.05,3.72,4.2
2023-02-25,2022,Leicester,Arsenal,0.0,1.0,A,1.0,10.0,0.0,2.0,4.73,4.09,1.71,5.0,4.3,1.74
2023-02-25,2022,West Ham,Nott'm Forest,4.0,0.0,H,18.0,8.0,5.0,3.0,1.78,3.61,4.97,1.83,3.7,5.2
2023-02-26,2022,Tottenham,Chelsea,2.0,0.0,H,8.0,10.0,3.0,2.0,2.54,3.33,2.91,2.65,3.44,3.0
2023-03-01,2022,Arsenal,Everton,4.0,0.0,H,15.0,8.0,5.0,5.0,1.36,5.04,9.33,1.4,5.4,10.0
2023-03-01,2022,Liverpool,Wolves,2.0,0.0,H,15.0,4.0,6.0,1.0,1.49,4.59,6.6,1.52,4.8,7.0
2023-03-04,2022,Arsenal,Bournemouth,3.0,2.0,H,31.0,4.0,9.0,4.0,1.22,6.82,13.83,1.24,7.3,15.0
2023-03-04,2022,Aston Villa,Crystal Palace,1.0,0.0,H,8.0,3.0,1.0,0.0,2.07,3.32,3.88,2.12,3.5,4.1
2023-03-04,2022,Brighton,West Ham,4.0,0.0,H,20.0,3.0,9.0,2.0,1.79,3.8,4.61,1.84,4.0,4.9
2023-03-04,2022,Chelsea,Leeds,1.0,0.0,H,13.0,11.0,3.0,2.0,1.64,4.02,5.52,1.67,4.18,5.9
2023-03-04,2022,Man City,Newcastle,2.0,0.0,H,11.0,5.0,3.0,2.0,1.48,4.59,6.76,1.52,4.8,7.0
2023-03-04,2022,Southampton,Leicester,1.0,0.0,H,11.0,11.0,5.0,0.0,2.77,3.31,2.64,2.89,3.5,2.73
2023-03-04,2022,Wolves,Tottenham,1.0,0.0,H,8.0,21.0,5.0,6.0,3.31,3.36,2.27,3.41,3.48,2.34
2023-03-05,2022,Liverpool,Man United,7.0,0.0,H,18.0,8.0,8.0,4.0,2.4,3.68,2.85,2.5,3.92,2.97
2023-03-05,2022,Nott'm Forest,Everton,2.0,2.0,D,10.0,10.0,4.0,3.0,2.68,3.08,2.92,2.75,3.26,3.02
2023-03-06,2022,Brentford,Fulham,3.0,2.0,H,14.0,9.0,6.0,5.0,2.0,3.65,3.71,2.05,3.83,3.92
2023-03-11,2022,Bournemouth,Liverpool,1.0,0.0,H,5.0,15.0,2.0,6.0,7.07,4.95,1.43,7.5,5.3,1.46
2023-03-11,2022,Crystal Palace,Man City,0.0,1.0,A,4.0,14.0,0.0,4.0,9.05,5.12,1.36,9.8,5.5,1.38
2023-03-11,2022,Everton,Brentford,1.0,0.0,H,13.0,12.0,6.0,4.0,2.71,3.2,2.76,2.8,3.31,2.85
2023-03-11,2022,Leeds,Brighton,2.0,2.0,D,12.0,14.0,4.0,2.0,3.84,3.67,1.97,4.1,3.86,2.02
2023-03-11,2022,Leicester,Chelsea,1.0,3.0,A,17.0,12.0,7.0,6.0,3.83,3.56,2.0,3.98,3.78,2.08
2023-03-11,2022,Tottenham,Nott'm Forest,3.0,1.0,H,15.0,9.0,7.0,5.0,1.44,4.62,7.52,1.48,4.8,8.0
2023-03-12,2022,Fulham,Arsenal,0.0,3.0,A,12.0,15.0,2.0,7.0,5.74,4.17,1.59,6.2,4.33,1.63
2023-03-12,2022,Man United,Southampton,0.0,0.0,D,10.0,17.0,4.0,4.0,1.34,5.26,9.22,1.37,5.6,10.01
2023-03-12,2022,Newcastle,Wolves,2.0,1.0,H,19.0,7.0,8.0,4.0,1.67,3.81,5.47,1.72,3.97,5.8
2023-03-12,2022,West Ham,Aston Villa,1.0,1.0,D,17.0,12.0,6.0,4.0,2.23,3.37,3.36,2.29,3.56,3.5
2023-03-15,2022,Brighton,Crystal Palace,1.0,0.0,H,11.0,11.0,5.0,3.0,1.46,4.44,7.58,1.49,4.7,8.0
2023-03-15,2022,Southampton,Brentford,0.0,2.0,A,7.0,11.0,1.0,5.0,2.97,3.31,2.46,3.13,3.45,2.5
2023-03-17,2022,Nott'm Forest,Newcastle,1.0,2.0,A,5.0,15.0,3.0,4.0,5.58,3.83,1.67,6.0,3.96,1.74
2023-03-18,2022,Aston Villa,Bournemouth,3.0,0.0,H,20.0,10.0,9.0,3.0,1.72,3.85,4.99,1.76,4.0,5.3
2023-03-18,2022,Brentford,Leicester,1.0,1.0,D,11.0,14.0,2.0,1.0,1.95,3.7,3.85,2.01,3.89,4.1
2023-03-18,2022,Chelsea,Everton,2.0,2.0,D,20.0,12.0,7.0,3.0,1.49,4.18,7.62,1.54,4.34,8.2
2023-03-18,2022,Southampton,Tottenham,3.0,3.0,D,19.0,17.0,7.0,3.0,4.56,3.68,1.82,4.75,3.85,1.88
2023-03-18,2022,Wolves,Leeds,2.0,4.0,A,23.0,11.0,8.0,4.0,2.28,3.23,3.41,2.35,3.42,3.56
2023-03-19,2022,Arsenal,Crystal Palace,4.0,1.0,H,15.0,8.0,5.0,4.0,1.26,5.93,12.83,1.29,6.42,15.5
2023-04-01,2022,Arsenal,Leeds,4.0,1.0,H,13.0,7.0,6.0,5.0,1.29,5.84,10.48,1.31,6.25,12.0
2023-04-01,2022,Bournemouth,Fulham,2.0,1.0,H,12.0,10.0,7.0,2.0,2.56,3.34,2.84,2.63,3.52,2.92
2023-04-01,2022,Brighton,Brentford,3.0,3.0,D,33.0,7.0,15.0,5.0,1.67,4.08,5.05,1.72,4.33,5.25
2023-04-01,2022,Chelsea,Aston Villa,0.0,2.0,A,27.0,5.0,8.0,2.0,1.68,3.83,5.4,1.74,4.0,5.75
2023-04-01,2022,Crystal Palace,Leicester,2.0,1.0,H,31.0,3.0,9.0,2.0,2.54,3.24,2.94,2.62,3.4,3.05
2023-04-01,2022,Man City,Liverpool,4.0,1.0,H,17.0,4.0,8.0,1.0,1.64,4.2,5.19,1.7,4.4,5.5
2023-04-01,2022,Nott'm Forest,Wolves,1.0,1.0,D,17.0,8.0,7.0,1.0,2.96,3.13,2.61,3.15,3.3,2.7
2023-04-02,2022,Newcastle,Man United,2.0,0.0,H,22.0,6.0,6.0,1.0,2.41,3.45,2.96,2.49,3.62,3.11
2023-04-02,2022,West Ham,Southampton,1.0,0.0,H,12.0,9.0,2.0,3.0,1.76,3.74,4.87,1.8,4.0,5.1
2023-04-03,2022,Everton,Tottenham,1.0,1.0,D,15.0,8.0,6.0,2.0,3.41,3.36,2.21,3.55,3.55,2.26
2023-04-04,2022,Bournemouth,Brighton,0.0,2.0,A,14.0,16.0,3.0,6.0,5.94,4.29,1.57,6.5,4.5,1.61
2023-04-04,2022,Chelsea,Liverpool,0.0,0.0,D,12.0,7.0,3.0,4.0,2.25,3.46,3.28,2.35,3.58,3.46
2023-04-04,2022,Leeds,Nott'm Forest,2.0,1.0,H,21.0,13.0,6.0,1.0,1.73,3.83,5.05,1.75,4.1,5.5
2023-04-04,2022,Leicester,Aston Villa,1.0,2.0,A,9.0,15.0,4.0,5.0,2.58,3.41,2.79,2.7,3.6,2.85
2023-04-05,2022,Man United,Brentford,1.0,0.0,H,18.0,6.0,3.0,1.0,1.65,4.17,5.07,1.71,4.4,5.3
2023-04-05,2022,West Ham,Newcastle,1.0,5.0,A,7.0,15.0,2.0,8.0,3.53,3.41,2.15,3.67,3.53,2.2
2023-04-08,2022,Aston Villa,Nott'm Forest,2.0,0.0,H,8.0,6.0,3.0,2.0,1.62,4.09,5.55,1.65,4.3,6.0
2023-04-08,2022,Brentford,Newcastle,1.0,2.0,A,12.0,10.0,6.0,4.0,3.57,3.46,2.1,3.7,3.58,2.15
2023-04-08,2022,Fulham,West Ham,0.0,1.0,A,16.0,9.0,3.0,5.0,2.79,3.24,2.66,2.86,3.33,2.75
2023-04-08,2022,Leicester,Bournemouth,0.0,1.0,A,14.0,19.0,4.0,7.0,1.88,3.72,4.11,1.92,3.85,4.33
2023-04-08,2022,Man United,Everton,2.0,0.0,H,29.0,15.0,11.0,1.0,1.5,4.37,6.75,1.54,4.5,7.5
2023-04-08,2022,Southampton,Man City,1.0,4.0,A,4.0,13.0,1.0,8.0,12.48,6.19,1.25,13.5,6.6,1.27
2023-04-08,2022,Tottenham,Brighton,2.0,1.0,H,9.0,17.0,3.0,4.0,2.56,3.56,2.69,2.63,3.71,2.75
2023-04-08,2022,Wolves,Chelsea,1.0,0.0,H,9.0,13.0,4.0,1.0,4.14,3.47,1.95,4.3,3.61,2.0
2023-04-09,2022,Leeds,Crystal Palace,1.0,5.0,A,11.0,16.0,7.0,8.0,2.11,3.41,3.59,2.16,3.55,3.7
2023-04-09,2022,Liverpool,Arsenal,2.0,2.0,D,21.0,9.0,6.0,5.0,2.79,3.69,2.41,2.95,3.88,2.5
2023-04-15,2022,Aston Villa,Newcastle,3.0,0.0,H,16.0,8.0,6.0,2.0,3.61,3.42,2.13,3.8,3.56,2.19
2023-04-15,2022,Chelsea,Brighton,1.0,2.0,A,8.0,26.0,2.0,10.0,2.67,3.42,2.68,2.75,3.58,2.75
2023-04-15,2022,Everton,Fulham,1.0,3.0,A,15.0,21.0,7.0,7.0,2.07,3.39,3.78,2.12,3.56,3.9
2023-04-15,2022,Man City,Leicester,3.0,1.0,H,12.0,10.0,4.0,4.0,1.16,8.49,17.32,1.18,9.6,21.0
2023-04-15,2022,Southampton,Crystal Palace,0.0,2.0,A,11.0,9.0,4.0,2.0,2.82,3.2,2.68,2.93,3.34,2.75
2023-04-15,2022,Tottenham,Bournemouth,2.0,3.0,A,24.0,6.0,8.0,6.0,1.47,4.6,6.83,1.52,4.9,7.3
2023-04-15,2022,Wolves,Brentford,2.0,0.0,H,11.0,10.0,9.0,3.0,2.52,3.23,3.0,2.59,3.38,3.15
2023-04-16,2022,Nott'm Forest,Man United,0.0,2.0,A,6.0,22.0,0.0,8.0,5.0,3.96,1.69,5.5,4.1,1.75
2023-04-16,2022,West Ham,Arsenal,2.0,2.0,D,16.0,11.0,3.0,5.0,5.92,4.22,1.57,6.2,4.4,1.61
2023-04-17,2022,Leeds,Liverpool,1.0,6.0,A,13.0,13.0,3.0,7.0,4.35,4.22,1.73,4.54,4.6,1.77
2023-04-21,2022,Arsenal,Southampton,3.0,3.0,D,25.0,8.0,6.0,6.0,1.2,7.18,14.72,1.23,7.9,17.0
2023-04-22,2022,Brentford,Aston Villa,1.0,1.0,D,6.0,14.0,5.0,2.0,2.53,3.38,2.84,2.61,3.53,2.9
2023-04-22,2022,Crystal Palace,Everton,0.0,0.0,D,12.0,10.0,2.0,5.0,2.11,3.25,3.83,2.18,3.35,4.1
2023-04-22,2022,Fulham,Leeds,2.0,1.0,H,12.0,10.0,5.0,2.0,2.38,3.44,3.01,2.47,3.55,3.1
2023-04-22,2022,Leicester,Wolves,2.0,1.0,H,15.0,16.0,8.0,3.0,2.45,3.27,3.05,2.5,3.36,3.21
2023-04-22,2022,Liverpool,Nott'm Forest,3.0,2.0,H,18.0,11.0,6.0,5.0,1.18,7.64,16.06,1.21,8.2,19.5
2023-04-23,2022,Bournemouth,West Ham,0.0,4.0,A,17.0,18.0,5.0,10.0,2.83,3.25,2.61,2.91,3.35,2.75
2023-04-23,2022,Newcastle,Tottenham,6.0,1.0,H,25.0,11.0,8.0,3.0,1.85,3.81,4.22,1.92,4.0,4.4
2023-04-25,2022,Aston Villa,Fulham,1.0,0.0,H,14.0,1.0,3.0,0.0,1.8,3.87,4.43,1.84,4.1,4.6
2023-04-25,2022,Leeds,Leicester,1.0,1.0,D,13.0,15.0,3.0,3.0,2.37,3.54,2.98,2.45,3.67,3.1
2023-04-25,2022,Wolves,Crystal Palace,2.0,0.0,H,9.0,14.0,3.0,4.0,2.52,3.14,3.09,2.58,3.23,3.25
2023-04-26,2022,Chelsea,Brentford,0.0,2.0,A,15.0,7.0,4.0,1.0,1.71,3.89,5.02,1.75,4.1,5.25
2023-04-26,2022,Man City,Arsenal,4.0,1.0,H,14.0,8.0,9.0,2.0,1.56,4.49,5.7,1.61,4.8,6.4
2023-04-26,2022,Nott'm Forest,Brighton,3.0,1.0,H,12.0,17.0,5.0,7.0,6.08,4.36,1.54,6.5,4.6,1.58
2023-04-26,2022,West Ham,Liverpool,1.0,2.0,A,7.0,20.0,2.0,4.0,3.96,3.86,1.88,4.2,4.0,1.92
2023-04-27,2022,Everton,Newcastle,1.0,4.0,A,13.0,15.0,5.0,8.0,4.84,3.7,1.77,5.2,3.88,1.81
2023-04-27,2022,Southampton,Bournemouth,0.0,1.0,A,11.0,16.0,2.0,2.0,2.3,3.43,3.15,2.39,3.57,3.22
2023-04-27,2022,Tottenham,Man United,2.0,2.0,D,18.0,17.0,7.0,8.0,2.79,3.65,2.44,2.85,3.82,2.53
2023-04-29,2022,Brentford,Nott'm Forest,2.0,1.0,H,14.0,5.0,8.0,3.0,1.66,3.88,5.5,1.7,4.0,5.7
2023-04-29,2022,Brighton,Wolves,6.0,0.0,H,22.0,10.0,8.0,2.0,1.51,4.37,6.69,1.54,4.6,7.0
2023-04-29,2022,Crystal Palace,West Ham,4.0,3.0,H,16.0,8.0,6.0,4.0,2.7,3.18,2.81,2.88,3.28,2.9
2023-04-30,2022,Bournemouth,Leeds,4.0,1.0,H,12.0,15.0,7.0,6.0,2.61,3.5,2.68,2.67,3.62,2.75
2023-04-30,2022,Fulham,Man City,1.0,2.0,A,4.0,12.0,1.0,9.0,11.95,6.23,1.25,13.0,6.6,1.28
2023-04-30,2022,Liverpool,Tottenham,4.0,3.0,H,12.0,10.0,4.0,7.0,1.54,4.69,5.68,1.6,5.0,6.05
2023-04-30,2022,Man United,Aston Villa,1.0,0.0,H,14.0,7.0,6.0,1.0,1.78,3.94,4.35,1.83,4.1,4.7
2023-04-30,2022,Newcastle,Southampton,3.0,1.0,H,22.0,4.0,5.0,3.0,1.32,5.46,9.9,1.35,6.0,11.0
2023-05-01,2022,Leicester,Everton,2.0,2.0,D,15.0,23.0,6.0,8.0,2.04,3.45,3.79,2.1,3.6,4.0
2023-05-02,2022,Arsenal,Chelsea,3.0,1.0,H,16.0,7.0,10.0,4.0,1.59,4.22,5.75,1.64,4.4,6.1
2023-05-03,2022,Liverpool,Fulham,1.0,0.0,H,15.0,9.0,3.0,3.0,1.26,6.39,10.73,1.3,7.0,12.0
2023-05-03,2022,Man City,West Ham,3.0,0.0,H,16.0,6.0,7.0,2.0,1.2,7.21,13.79,1.23,8.0,15.0
2023-05-04,2022,Brighton,Man United,1.0,0.0,H,22.0,16.0,6.0,5.0,2.03,3.82,3.5,2.08,4.02,3.75
2023-05-06,2022,Bournemouth,Chelsea,1.0,3.0,A,10.0,11.0,4.0,5.0,3.42,3.47,2.17,3.53,3.59,2.24
2023-05-06,2022,Liverpool,Brentford,1.0,0.0,H,15.0,5.0,5.0,1.0,1.48,4.91,6.16,1.52,5.3,6.5
2023-05-06,2022,Man City,Leeds,2.0,1.0,H,18.0,4.0,6.0,2.0,1.17,8.41,15.94,1.19,9.3,19.0
2023-05-06,2022,Tottenham,Crystal Palace,1.0,0.0,H,8.0,7.0,3.0,2.0,1.82,3.92,4.21,1.87,4.1,4.4
2023-05-06,2022,Wolves,Aston Villa,1.0,0.0,H,6.0,16.0,2.0,3.0,2.98,3.26,2.51,3.09,3.38,2.56
2023-05-07,2022,Newcastle,Arsenal,0.0,2.0,A,12.0,10.0,5.0,6.0,2.49,3.73,2.71,2.6,3.94,2.85
2023-05-07,2022,West Ham,Man United,1.0,0.0,H,15.0,19.0,4.0,4.0,3.43,3.74,2.08,3.58,3.9,2.13
2023-05-08,2022,Brighton,Everton,1.0,5.0,A,23.0,10.0,5.0,5.0,1.35,5.3,8.47,1.39,5.6,9.2
2023-05-08,2022,Fulham,Leicester,5.0,3.0,H,17.0,18.0,7.0,9.0,2.67,3.53,2.6,2.8,3.7,2.68
2023-05-08,2022,Nott'm Forest,Southampton,4.0,3.0,H,9.0,19.0,4.0,5.0,2.13,3.52,3.46,2.2,3.72,3.54
2023-05-13,2022,Aston Villa,Tottenham,2.0,1.0,H,8.0,5.0,4.0,2.0,2.3,3.6,3.03,2.38,3.78,3.14
2023-05-13,2022,Chelsea,Nott'm Forest,2.0,2.0,D,14.0,11.0,6.0,2.0,1.51,4.4,6.68,1.55,4.6,7.1
2023-05-13,2022,Crystal Palace,Bournemouth,2.0,0.0,H,17.0,5.0,5.0,0.0,1.88,3.7,4.18,1.91,3.88,4.4
2023-05-13,2022,Leeds,Newcastle,2.0,2.0,D,9.0,18.0,4.0,5.0,4.62,4.2,1.71,4.8,4.4,1.77
2023-05-13,2022,Man United,Wolves,2.0,0.0,H,27.0,5.0,9.0,0.0,1.38,5.1,8.37,1.41,5.4,9.0
2023-05-13,2022,Southampton,Fulham,0.0,2.0,A,5.0,9.0,1.0,4.0,2.82,3.44,2.51,2.9,3.64,2.57
2023-05-14,2022,Arsenal,Brighton,0.0,3.0,A,14.0,12.0,2.0,6.0,1.77,4.19,4.21,1.81,4.5,4.35
2023-05-14,2022,Brentford,West Ham,2.0,0.0,H,24.0,4.0,10.0,4.0,2.05,3.56,3.66,2.1,3.71,3.81
2023-05-14,2022,Everton,Man City,0.0,3.0,A,7.0,9.0,3.0,4.0,8.86,5.21,1.36,10.0,5.7,1.39
2023-05-15,2022,Leicester,Liverpool,0.0,3.0,A,4.0,16.0,4.0,5.0,5.11,4.59,1.59,5.5,4.9,1.64
2023-05-18,2022,Newcastle,Brighton,4.0,1.0,H,22.0,8.0,9.0,2.0,2.02,3.86,3.49,2.07,4.0,3.65
2023-05-20,2022,Bournemouth,Man United,0.0,1.0,A,10.0,20.0,4.0,5.0,6.06,4.77,1.51,6.5,5.1,1.55
2023-05-20,2022,Fulham,Crystal Palace,2.0,2.0,D,11.0,11.0,4.0,5.0,2.45,3.4,2.97,2.51,3.52,3.11
2023-05-20,2022,Liverpool,Aston Villa,1.0,1.0,D,10.0,6.0,5.0,3.0,1.49,4.86,6.16,1.53,5.2,6.5
2023-05-20,2022,Nott'm Forest,Arsenal,1.0,0.0,H,6.0,11.0,2.0,3.0,5.37,4.45,1.59,5.6,4.6,1.7
2023-05-20,2022,Tottenham,Brentford,1.0,3.0,A,22.0,11.0,8.0,4.0,1.85,3.88,4.13,1.9,4.1,4.3
2023-05-20,2022,Wolves,Everton,1.0,1.0,D,13.0,19.0,5.0,4.0,2.77,3.35,2.63,2.88,3.48,2.75
2023-05-21,2022,Brighton,Southampton,3.0,1.0,H,26.0,5.0,8.0,1.0,1.23,6.91,12.43,1.25,7.6,13.5
2023-05-21,2022,Man City,Chelsea,1.0,0.0,H,15.0,13.0,2.0,6.0,1.26,6.41,11.48,1.28,6.85,13.25
2023-05-21,2022,West Ham,Leeds,3.0,1.0,H,19.0,12.0,9.0,3.0,2.45,3.56,2.84,2.55,3.72,2.93
2023-05-22,2022,Newcastle,Leicester,0.0,0.0,D,23.0,1.0,4.0,1.0,1.38,5.39,7.66,1.42,5.9,8.5
2023-05-24,2022,Brighton,Man City,1.0,1.0,D,20.0,13.0,7.0,4.0,3.97,4.22,1.81,4.22,4.5,1.85
2023-05-25,2022,Man United,Chelsea,4.0,1.0,H,18.0,14.0,9.0,5.0,1.63,4.35,5.12,1.7,4.65,5.4
2023-05-28,2022,Arsenal,Wolves,5.0,0.0,H,14.0,6.0,8.0,0.0,1.37,5.33,7.87,1.43,5.7,8.5
2023-05-28,2022,Aston Villa,Brighton,2.0,1.0,H,12.0,8.0,5.0,4.0,2.04,3.88,3.37,2.1,4.08,3.55
2023-05-28,2022,Brentford,Man City,1.0,0.0,H,11.0,17.0,4.0,3.0,3.88,4.01,1.87,4.05,4.3,1.92
2023-05-28,2022,Chelsea,Newcastle,1.0,1.0,D,22.0,13.0,5.0,4.0,2.87,3.64,2.38,3.0,3.86,2.48
2023-05-28,2022,Crystal Palace,Nott'm Forest,1.0,1.0,D,16.0,7.0,4.0,4.0,1.69,4.15,4.77,1.74,4.4,5.0
2023-05-28,2022,Everton,Bournemouth,1.0,0.0,H,13.0,7.0,6.0,2.0,1.49,4.61,6.58,1.53,5.0,7.25
2023-05-28,2022,Leeds,Tottenham,1.0,4.0,A,19.0,11.0,2.0,7.0,2.77,3.84,2.37,2.88,4.1,2.45
2023-05-28,2022,Leicester,West Ham,2.0,1.0,H,13.0,16.0,4.0,3.0,1.94,3.92,3.65,2.0,4.2,3.82
2023-05-28,2022,Man United,Fulham,2.0,1.0,H,21.0,10.0,8.0,3.0,1.53,4.59,5.76,1.56,4.9,6.0
2023-05-28,2022,Southampton,Liverpool,4.0,4.0,D,15.0,30.0,10.0,8.0,6.74,5.2,1.42,7.1,5.6,1.46
2023-08-11,2023,Burnley,Man City,0.0,3.0,A,6.0,17.0,1.0,8.0,9.02,5.35,1.35,9.5,5.68,1.39
2023-08-12,2023,Arsenal,Nott'm Forest,2.0,1.0,H,15.0,6.0,7.0,2.0,1.18,7.64,15.67,1.21,8.5,17.5
2023-08-12,2023,Bournemouth,West Ham,1.0,1.0,D,14.0,16.0,5.0,3.0,2.69,3.44,2.64,2.8,3.62,2.75
2023-08-12,2023,Brighton,Luton,4.0,1.0,H,27.0,9.0,12.0,3.0,1.33,5.52,9.61,1.36,6.0,10.5
2023-08-12,2023,Everton,Fulham,0.0,1.0,A,19.0,9.0,9.0,2.0,2.24,3.43,3.3,2.3,3.57,3.45
2023-08-12,2023,Newcastle,Aston Villa,5.0,1.0,H,17.0,16.0,13.0,6.0,1.76,3.88,4.61,1.8,4.1,4.9
2023-08-12,2023,Sheffield United,Crystal Palace,0.0,1.0,A,8.0,24.0,1.0,8.0,3.12,3.24,2.41,3.31,3.42,2.48
2023-08-13,2023,Brentford,Tottenham,2.0,2.0,D,11.0,18.0,6.0,6.0,2.73,3.63,2.5,2.85,3.83,2.6
2023-08-13,2023,Chelsea,Liverpool,1.0,1.0,D,10.0,13.0,4.0,1.0,2.87,3.64,2.39,3.05,3.82,2.48
2023-08-14,2023,Man United,Wolves,1.0,0.0,H,15.0,23.0,3.0,6.0,1.31,5.65,9.85,1.34,6.0,11.0
2023-08-18,2023,Nott'm Forest,Sheffield United,2.0,1.0,H,16.0,7.0,4.0,3.0,1.95,3.43,4.25,2.0,3.6,4.5
2023-08-19,2023,Fulham,Brentford,0.0,3.0,A,10.0,17.0,2.0,8.0,2.72,3.4,2.63,2.8,3.58,2.73
2023-08-19,2023,Liverpool,Bournemouth,3.0,1.0,H,26.0,13.0,10.0,5.0,1.23,6.86,11.82,1.26,7.5,13.0
2023-08-19,2023,Man City,Newcastle,1.0,0.0,H,14.0,7.0,4.0,1.0,1.7,4.07,4.83,1.75,4.3,5.2
2023-08-19,2023,Tottenham,Man United,2.0,0.0,H,17.0,22.0,6.0,6.0,2.84,3.75,2.37,2.95,3.96,2.46
2023-08-19,2023,Wolves,Brighton,1.0,4.0,A,16.0,16.0,5.0,8.0,4.0,3.81,1.89,4.25,4.0,1.97
2023-08-20,2023,Aston Villa,Everton,4.0,0.0,H,13.0,9.0,7.0,2.0,1.7,3.91,5.0,1.76,4.1,5.4
2023-08-20,2023,West Ham,Chelsea,3.0,1.0,H,12.0,17.0,6.0,4.0,3.66,3.57,2.04,3.86,3.75,2.12
2023-08-21,2023,Crystal Palace,Arsenal,0.0,1.0,A,14.0,14.0,2.0,3.0,5.79,4.06,1.6,6.0,4.33,1.68
2023-08-25,2023,Chelsea,Luton,3.0,0.0,H,19.0,11.0,8.0,1.0,1.29,5.86,10.78,1.33,6.5,13.0
2023-08-26,2023,Arsenal,Fulham,2.0,2.0,D,19.0,8.0,11.0,3.0,1.23,6.49,13.35,1.27,7.27,15.25
2023-08-26,2023,Bournemouth,Tottenham,0.0,2.0,A,11.0,17.0,3.0,6.0,3.67,3.94,1.95,3.95,4.1,2.05
2023-08-26,2023,Brentford,Crystal Palace,1.0,1.0,D,12.0,15.0,1.0,5.0,2.14,3.41,3.57,2.2,3.54,3.75
2023-08-26,2023,Brighton,West Ham,1.0,3.0,A,25.0,12.0,10.0,3.0,1.53,4.67,5.73,1.58,4.9,6.0
2023-08-26,2023,Everton,Wolves,0.0,1.0,A,15.0,11.0,7.0,2.0,2.32,3.31,3.24,2.42,3.48,3.4
2023-08-26,2023,Man United,Nott'm Forest,3.0,2.0,H,18.0,9.0,9.0,4.0,1.31,5.79,9.23,1.34,6.2,10.0
2023-08-27,2023,Burnley,Aston Villa,1.0,3.0,A,9.0,16.0,2.0,6.0,3.36,3.55,2.16,3.46,3.7,2.22
2023-08-27,2023,Newcastle,Liverpool,1.0,2.0,A,23.0,9.0,8.0,4.0,2.2,3.9,3.03,2.3,4.1,3.18
2023-08-27,2023,Sheffield United,Man City,1.0,2.0,A,6.0,30.0,2.0,9.0,16.67,7.51,1.18,19.5,8.6,1.21
2023-09-01,2023,Luton,West Ham,1.0,2.0,A,16.0,9.0,1.0,3.0,4.7,3.94,1.74,5.0,4.2,1.78
2023-09-02,2023,Brentford,Bournemouth,2.0,2.0,D,21.0,12.0,7.0,5.0,1.72,4.06,4.67,1.77,4.3,4.94
2023-09-02,2023,Brighton,Newcastle,3.0,1.0,H,15.0,9.0,6.0,2.0,2.55,3.87,2.55,2.62,4.1,2.61
2023-09-02,2023,Burnley,Tottenham,2.0,5.0,A,16.0,20.0,4.0,10.0,3.83,3.99,1.88,3.99,4.2,1.93
2023-09-02,2023,Chelsea,Nott'm Forest,0.0,1.0,A,21.0,7.0,2.0,3.0,1.38,5.03,8.27,1.43,5.35,9.0
2023-09-02,2023,Man City,Fulham,5.0,1.0,H,7.0,6.0,5.0,4.0,1.15,8.46,17.91,1.18,9.7,22.0
2023-09-02,2023,Sheffield United,Everton,2.0,2.0,D,13.0,16.0,8.0,6.0,3.01,3.23,2.5,3.15,3.36,2.59
2023-09-03,2023,Arsenal,Man United,3.0,1.0,H,17.0,10.0,5.0,2.0,1.77,4.04,4.38,1.83,4.25,4.7
2023-09-03,2023,Crystal Palace,Wolves,3.0,2.0,H,16.0,12.0,11.0,4.0,1.95,3.45,4.15,2.01,3.62,4.5
2023-09-03,2023,Liverpool,Aston Villa,3.0,0.0,H,17.0,9.0,4.0,3.0,1.66,4.49,4.57,1.71,4.7,4.9
2023-09-16,2023,Aston Villa,Crystal Palace,3.0,1.0,H,16.0,6.0,5.0,3.0,1.9,3.7,4.07,1.96,3.89,4.21
2023-09-16,2023,Fulham,Luton,1.0,0.0,H,13.0,7.0,2.0,2.0,1.68,3.96,5.18,1.73,4.2,5.5
2023-09-16,2023,Man United,Brighton,1.0,3.0,A,14.0,10.0,4.0,8.0,2.21,3.98,2.96,2.28,4.19,3.07
2023-09-16,2023,Newcastle,Brentford,1.0,0.0,H,9.0,11.0,2.0,2.0,1.53,4.37,6.12,1.58,4.6,6.75
2023-09-16,2023,Tottenham,Sheffield United,2.0,1.0,H,28.0,7.0,10.0,5.0,1.28,6.1,10.52,1.31,6.51,12.0
2023-09-16,2023,West Ham,Man City,1.0,3.0,A,6.0,29.0,3.0,15.0,6.57,4.67,1.48,7.5,4.95,1.53
2023-09-16,2023,Wolves,Liverpool,1.0,3.0,A,11.0,16.0,2.0,6.0,6.64,4.95,1.45,7.5,5.25,1.51
2023-09-17,2023,Bournemouth,Chelsea,0.0,0.0,D,13.0,14.0,4.0,6.0,4.34,3.96,1.79,4.5,4.2,1.84
2023-09-17,2023,Everton,Arsenal,0.0,1.0,A,8.0,13.0,1.0,4.0,6.07,4.55,1.52,6.5,4.75,1.57
2023-09-18,2023,Nott'm Forest,Burnley,1.0,1.0,D,14.0,10.0,4.0,3.0,2.24,3.51,3.22,2.31,3.65,3.41
2023-09-23,2023,Brentford,Everton,1.0,3.0,A,12.0,18.0,2.0,6.0,1.8,3.78,4.49,1.84,3.95,4.75
2023-09-23,2023,Burnley,Man United,0.0,1.0,A,12.0,11.0,4.0,4.0,4.31,4.16,1.75,4.6,4.4,1.8
2023-09-23,2023,Crystal Palace,Fulham,0.0,0.0,D,7.0,10.0,3.0,5.0,1.95,3.51,4.09,2.01,3.68,4.35
2023-09-23,2023,Luton,Wolves,1.0,1.0,D,20.0,3.0,4.0,3.0,3.3,3.43,2.23,3.5,3.58,2.34
2023-09-23,2023,Man City,Nott'm Forest,2.0,0.0,H,7.0,10.0,4.0,3.0,1.15,8.55,18.11,1.17,9.8,21.0
2023-09-24,2023,Arsenal,Tottenham,2.0,2.0,D,13.0,13.0,6.0,5.0,1.7,4.36,4.5,1.76,4.6,4.75
2023-09-24,2023,Brighton,Bournemouth,3.0,1.0,H,13.0,12.0,4.0,4.0,1.38,5.31,7.58,1.43,5.75,8.3
2023-09-24,2023,Chelsea,Aston Villa,0.0,1.0,A,10.0,15.0,4.0,7.0,1.91,3.85,3.87,1.96,4.0,4.1
2023-09-24,2023,Liverpool,West Ham,3.0,1.0,H,22.0,11.0,7.0,4.0,1.39,5.38,7.19,1.45,5.8,7.7
2023-09-24,2023,Sheffield United,Newcastle,0.0,8.0,A,9.0,22.0,1.0,15.0,7.01,4.78,1.45,7.5,5.1,1.51
2023-09-30,2023,Aston Villa,Brighton,6.0,1.0,H,19.0,11.0,9.0,3.0,2.56,3.92,2.55,2.65,4.11,2.65
2023-09-30,2023,Bournemouth,Arsenal,0.0,4.0,A,8.0,15.0,1.0,8.0,5.77,4.68,1.53,6.0,4.9,1.58
2023-09-30,2023,Everton,Luton,1.0,2.0,A,23.0,9.0,5.0,2.0,1.61,3.94,6.06,1.68,4.1,6.5
2023-09-30,2023,Man United,Crystal Palace,0.0,1.0,A,19.0,8.0,4.0,2.0,1.57,4.3,5.89,1.61,4.5,6.1
2023-09-30,2023,Newcastle,Burnley,2.0,0.0,H,20.0,8.0,8.0,2.0,1.33,5.62,9.22,1.36,5.9,10.5
2023-09-30,2023,Tottenham,Liverpool,2.0,1.0,H,24.0,12.0,8.0,4.0,2.96,4.03,2.21,3.08,4.2,2.28
2023-09-30,2023,West Ham,Sheffield United,2.0,0.0,H,20.0,16.0,9.0,2.0,1.45,4.79,7.1,1.49,5.1,7.5
2023-09-30,2023,Wolves,Man City,2.0,1.0,H,3.0,23.0,1.0,8.0,9.2,5.65,1.33,10.0,6.0,1.36
2023-10-01,2023,Nott'm Forest,Brentford,1.0,1.0,D,6.0,18.0,1.0,5.0,2.81,3.27,2.65,2.89,3.46,2.75
2023-10-02,2023,Fulham,Chelsea,0.0,2.0,A,10.0,11.0,3.0,4.0,3.73,3.49,2.06,4.0,3.62,2.1
2023-10-03,2023,Luton,Burnley,1.0,2.0,A,18.0,14.0,3.0,4.0,2.92,3.18,2.63,3.0,3.3,2.72
2023-10-07,2023,Burnley,Chelsea,1.0,4.0,A,10.0,9.0,3.0,5.0,4.63,3.92,1.76,4.92,4.1,1.8
2023-10-07,2023,Crystal Palace,Nott'm Forest,0.0,0.0,D,8.0,16.0,2.0,5.0,2.24,3.25,3.49,2.31,3.44,3.65
2023-10-07,2023,Everton,Bournemouth,3.0,0.0,H,25.0,11.0,8.0,4.0,1.97,3.7,3.81,2.03,3.85,3.99
2023-10-07,2023,Fulham,Sheffield United,3.0,1.0,H,20.0,5.0,6.0,2.0,1.64,3.96,5.69,1.68,4.16,6.2
2023-10-07,2023,Luton,Tottenham,0.0,1.0,A,12.0,15.0,2.0,4.0,6.46,4.79,1.48,7.1,5.1,1.54
2023-10-07,2023,Man United,Brentford,2.0,1.0,H,21.0,11.0,8.0,3.0,1.69,4.2,4.78,1.74,4.35,5.0
2023-10-08,2023,Arsenal,Man City,1.0,0.0,H,12.0,4.0,2.0,1.0,2.92,3.49,2.44,3.05,3.66,2.51
2023-10-08,2023,Brighton,Liverpool,2.0,2.0,D,14.0,14.0,3.0,4.0,3.05,4.01,2.17,3.25,4.32,2.21
2023-10-08,2023,West Ham,Newcastle,2.0,2.0,D,5.0,10.0,3.0,3.0,3.32,3.72,2.13,3.47,3.84,2.2
2023-10-08,2023,Wolves,Aston Villa,1.0,1.0,D,8.0,18.0,3.0,4.0,3.4,3.59,2.14,3.5,3.77,2.21
2023-10-21,2023,Bournemouth,Wolves,1.0,2.0,A,7.0,20.0,4.0,7.0,2.41,3.48,2.95,2.48,3.7,3.05
2023-10-21,2023,Brentford,Burnley,3.0,0.0,H,23.0,6.0,10.0,1.0,1.83,3.74,4.4,1.9,3.86,4.53
2023-10-21,2023,Chelsea,Arsenal,2.0,2.0,D,11.0,13.0,5.0,3.0,3.24,3.47,2.26,3.4,3.56,2.36
2023-10-21,2023,Liverpool,Everton,2.0,0.0,H,26.0,6.0,6.0,1.0,1.36,5.66,8.01,1.4,6.0,8.8
2023-10-21,2023,Man City,Brighton,2.0,1.0,H,10.0,5.0,6.0,3.0,1.41,5.36,6.83,1.46,5.7,7.3
2023-10-21,2023,Newcastle,Crystal Palace,4.0,0.0,H,10.0,17.0,7.0,3.0,1.46,4.53,7.44,1.5,4.8,8.0
2023-10-21,2023,Nott'm Forest,Luton,2.0,2.0,D,19.0,13.0,8.0,4.0,1.69,3.82,5.33,1.75,3.97,5.75
2023-10-21,2023,Sheffield United,Man United,1.0,2.0,A,12.0,14.0,6.0,5.0,7.27,5.07,1.42,7.8,5.4,1.46
2023-10-22,2023,Aston Villa,West Ham,4.0,1.0,H,15.0,14.0,7.0,4.0,1.9,3.86,3.88,1.95,4.03,4.1
2023-10-23,2023,Tottenham,Fulham,2.0,0.0,H,15.0,10.0,5.0,3.0,1.51,4.7,5.99,1.55,5.0,6.4
2023-10-27,2023,Crystal Palace,Tottenham,1.0,2.0,A,13.0,10.0,3.0,1.0,4.64,3.83,1.79,5.0,3.95,1.83
2023-10-28,2023,Arsenal,Sheffield United,5.0,0.0,H,13.0,2.0,8.0,0.0,1.13,9.61,21.6,1.14,11.0,26.0
2023-10-28,2023,Bournemouth,Burnley,2.0,1.0,H,13.0,6.0,6.0,3.0,2.13,3.66,3.38,2.19,3.82,3.56
2023-10-28,2023,Chelsea,Brentford,0.0,2.0,A,17.0,7.0,2.0,5.0,1.65,4.1,5.31,1.7,4.22,5.75
2023-10-28,2023,Wolves,Newcastle,2.0,2.0,D,11.0,13.0,6.0,5.0,4.26,3.94,1.82,4.4,4.1,1.87
2023-10-29,2023,Aston Villa,Luton,3.0,1.0,H,17.0,7.0,6.0,1.0,1.28,6.19,10.79,1.31,6.5,12.0
2023-10-29,2023,Brighton,Fulham,1.0,1.0,D,18.0,10.0,7.0,5.0,1.56,4.6,5.42,1.62,4.8,5.75
2023-10-29,2023,Liverpool,Nott'm Forest,3.0,0.0,H,21.0,9.0,8.0,1.0,1.27,6.38,10.39,1.3,6.9,11.5
2023-10-29,2023,Man United,Man City,0.0,3.0,A,7.0,21.0,3.0,10.0,4.99,4.04,1.69,5.3,4.22,1.74
2023-10-29,2023,West Ham,Everton,0.0,1.0,A,12.0,10.0,2.0,4.0,2.15,3.64,3.32,2.21,3.81,3.47
2023-11-04,2023,Brentford,West Ham,3.0,2.0,H,16.0,12.0,4.0,2.0,2.08,3.67,3.46,2.12,3.85,3.61
2023-11-04,2023,Burnley,Crystal Palace,0.0,2.0,A,17.0,4.0,5.0,3.0,2.85,3.23,2.63,2.95,3.33,2.71
2023-11-04,2023,Everton,Brighton,1.0,1.0,D,10.0,7.0,4.0,2.0,3.09,3.81,2.2,3.17,3.98,2.25
2023-11-04,2023,Fulham,Man United,0.0,1.0,A,18.0,12.0,3.0,5.0,3.24,3.61,2.2,3.5,3.75,2.26
2023-11-04,2023,Man City,Bournemouth,6.0,1.0,H,21.0,5.0,8.0,1.0,1.1,11.39,26.19,1.11,14.0,34.0
2023-11-04,2023,Newcastle,Arsenal,1.0,0.0,H,9.0,14.0,2.0,1.0,2.82,3.39,2.56,2.89,3.5,2.65
2023-11-04,2023,Sheffield United,Wolves,2.0,1.0,H,11.0,10.0,2.0,3.0,3.83,3.64,1.98,4.1,3.79,2.01
2023-11-05,2023,Luton,Liverpool,1.0,1.0,D,8.0,24.0,5.0,6.0,11.46,6.8,1.24,12.5,7.3,1.26
2023-11-05,2023,Nott'm Forest,Aston Villa,2.0,0.0,H,5.0,13.0,3.0,3.0,4.09,3.77,1.89,4.3,3.9,1.93
2023-11-06,2023,Tottenham,Chelsea,1.0,4.0,A,8.0,17.0,5.0,8.0,2.13,3.73,3.29,2.21,3.92,3.5
2023-11-11,2023,Arsenal,Burnley,3.0,1.0,H,16.0,8.0,6.0,5.0,1.19,7.34,15.07,1.22,8.1,17.0
2023-11-11,2023,Bournemouth,Newcastle,2.0,0.0,H,19.0,8.0,10.0,5.0,4.67,4.03,1.73,5.0,4.2,1.78
2023-11-11,2023,Crystal Palace,Everton,2.0,3.0,A,13.0,8.0,4.0,4.0,2.44,3.21,3.11,2.5,3.3,3.27
2023-11-11,2023,Man United,Luton,1.0,0.0,H,15.0,10.0,4.0,4.0,1.33,5.6,9.17,1.38,6.2,10.0
2023-11-11,2023,Wolves,Tottenham,2.0,1.0,H,17.0,6.0,4.0,2.0,3.13,3.73,2.21,3.41,3.89,2.28
2023-11-12,2023,Aston Villa,Fulham,3.0,1.0,H,12.0,9.0,6.0,5.0,1.59,4.28,5.66,1.63,4.5,5.9
2023-11-12,2023,Brighton,Sheffield United,1.0,1.0,D,11.0,9.0,6.0,1.0,1.24,6.73,11.71,1.26,7.4,13.0
2023-11-12,2023,Chelsea,Man City,4.0,4.0,D,17.0,15.0,9.0,10.0,4.93,3.83,1.74,5.4,3.98,1.78
2023-11-12,2023,Liverpool,Brentford,3.0,0.0,H,17.0,16.0,10.0,3.0,1.42,5.16,7.05,1.45,5.5,7.6
2023-11-12,2023,West Ham,Nott'm Forest,3.0,2.0,H,16.0,10.0,6.0,5.0,1.89,3.77,4.09,1.93,3.92,4.5
2023-11-25,2023,Brentford,Arsenal,0.0,1.0,A,9.0,15.0,3.0,4.0,4.64,3.84,1.77,5.0,4.01,1.8
2023-11-25,2023,Burnley,West Ham,1.0,2.0,A,11.0,11.0,5.0,3.0,3.47,3.62,2.1,3.63,3.79,2.17
2023-11-25,2023,Luton,Crystal Palace,2.0,1.0,H,8.0,16.0,3.0,8.0,3.63,3.38,2.13,3.8,3.54,2.17
2023-11-25,2023,Man City,Liverpool,1.0,1.0,D,16.0,8.0,5.0,3.0,1.75,4.31,4.29,1.8,4.5,4.51
2023-11-25,2023,Newcastle,Chelsea,4.0,1.0,H,14.0,7.0,5.0,4.0,2.62,3.5,2.68,2.72,3.66,2.76
2023-11-25,2023,Nott'm Forest,Brighton,2.0,3.0,A,18.0,11.0,5.0,5.0,3.22,3.64,2.2,3.4,3.8,2.25
2023-11-25,2023,Sheffield United,Bournemouth,1.0,3.0,A,10.0,23.0,2.0,11.0,3.29,3.53,2.21,3.47,3.72,2.25
2023-11-26,2023,Everton,Man United,0.0,3.0,A,24.0,9.0,6.0,4.0,2.74,3.52,2.56,2.8,3.7,2.65
2023-11-26,2023,Tottenham,Aston Villa,1.0,2.0,A,18.0,15.0,8.0,5.0,2.35,3.89,2.8,2.42,4.01,2.9
2023-11-27,2023,Fulham,Wolves,3.0,2.0,H,12.0,10.0,6.0,6.0,2.43,3.34,3.02,2.51,3.48,3.1
2023-12-02,2023,Arsenal,Wolves,2.0,1.0,H,19.0,6.0,6.0,3.0,1.27,5.95,11.58,1.3,6.5,12.6
2023-12-02,2023,Brentford,Luton,3.0,1.0,H,27.0,7.0,6.0,1.0,1.48,4.63,6.88,1.51,4.9,7.5
2023-12-02,2023,Burnley,Sheffield United,5.0,0.0,H,19.0,6.0,7.0,3.0,1.83,3.68,4.55,1.89,3.82,5.0
2023-12-02,2023,Newcastle,Man United,1.0,0.0,H,22.0,8.0,4.0,1.0,1.94,3.84,3.84,2.0,4.01,4.05
2023-12-02,2023,Nott'm Forest,Everton,0.0,1.0,A,13.0,12.0,2.0,3.0,2.8,3.35,2.62,2.9,3.5,2.67
2023-12-03,2023,Bournemouth,Aston Villa,2.0,2.0,D,15.0,11.0,7.0,3.0,3.45,4.0,2.01,3.57,4.19,2.07
2023-12-03,2023,Chelsea,Brighton,3.0,2.0,H,8.0,18.0,5.0,9.0,1.75,4.24,4.37,1.78,4.37,4.6
2023-12-03,2023,Liverpool,Fulham,4.0,3.0,H,26.0,9.0,12.0,5.0,1.26,6.62,10.56,1.29,7.2,11.5
2023-12-03,2023,Man City,Tottenham,3.0,3.0,D,18.0,8.0,4.0,4.0,1.3,6.18,9.27,1.34,6.5,10.5
2023-12-03,2023,West Ham,Crystal Palace,1.0,1.0,D,9.0,9.0,3.0,2.0,2.02,3.53,3.84,2.06,3.68,4.0
2023-12-05,2023,Luton,Arsenal,3.0,4.0,A,6.0,23.0,4.0,9.0,14.98,6.73,1.21,17.0,7.2,1.25
2023-12-05,2023,Wolves,Burnley,1.0,0.0,H,7.0,12.0,4.0,3.0,1.89,3.62,4.31,1.95,3.8,4.7
2023-12-06,2023,Aston Villa,Man City,1.0,0.0,H,22.0,2.0,7.0,2.0,4.45,4.26,1.73,4.9,4.45,1.78
2023-12-06,2023,Brighton,Brentford,2.0,1.0,H,18.0,8.0,7.0,2.0,1.93,3.91,3.77,1.98,4.1,4.0
2023-12-06,2023,Crystal Palace,Bournemouth,0.0,2.0,A,16.0,11.0,3.0,4.0,2.27,3.45,3.25,2.36,3.58,3.6
2023-12-06,2023,Fulham,Nott'm Forest,5.0,0.0,H,14.0,4.0,6.0,1.0,2.05,3.49,3.78,2.14,3.64,3.95
2023-12-06,2023,Man United,Chelsea,2.0,1.0,H,28.0,13.0,9.0,3.0,2.82,3.65,2.43,2.93,3.8,2.63
2023-12-06,2023,Sheffield United,Liverpool,0.0,2.0,A,6.0,15.0,1.0,8.0,13.54,7.67,1.2,15.0,8.4,1.29
2023-12-07,2023,Everton,Newcastle,3.0,0.0,H,21.0,13.0,6.0,3.0,3.13,3.44,2.33,3.3,3.6,2.5
2023-12-07,2023,Tottenham,West Ham,1.0,2.0,A,23.0,11.0,7.0,5.0,1.79,4.22,4.08,1.85,4.5,4.25
2023-12-09,2023,Aston Villa,Arsenal,1.0,0.0,H,10.0,12.0,3.0,5.0,3.41,3.66,2.11,3.55,3.84,2.17
2023-12-09,2023,Brighton,Burnley,1.0,1.0,D,29.0,6.0,11.0,3.0,1.5,4.69,6.18,1.55,4.9,6.5
2023-12-09,2023,Crystal Palace,Liverpool,1.0,2.0,A,8.0,14.0,4.0,2.0,6.12,4.54,1.52,6.6,4.75,1.63
2023-12-09,2023,Man United,Bournemouth,0.0,3.0,A,20.0,10.0,3.0,4.0,1.55,4.65,5.54,1.59,4.9,6.0
2023-12-09,2023,Sheffield United,Brentford,1.0,0.0,H,9.0,10.0,4.0,4.0,4.48,3.82,1.8,4.7,3.95,1.85
2023-12-09,2023,Wolves,Nott'm Forest,1.0,1.0,D,10.0,8.0,4.0,2.0,1.87,3.64,4.34,1.91,3.82,4.6
2023-12-10,2023,Everton,Chelsea,2.0,0.0,H,9.0,16.0,5.0,4.0,3.02,3.59,2.31,3.15,3.75,2.41
2023-12-10,2023,Fulham,West Ham,5.0,0.0,H,14.0,9.0,8.0,5.0,2.39,3.49,2.95,2.49,3.66,3.12
2023-12-10,2023,Luton,Man City,1.0,2.0,A,4.0,18.0,2.0,6.0,18.02,8.94,1.15,22.0,11.0,1.17
2023-12-10,2023,Tottenham,Newcastle,4.0,1.0,H,23.0,9.0,12.0,3.0,2.2,3.84,3.05,2.3,3.99,3.22
2023-12-15,2023,Nott'm Forest,Tottenham,0.0,2.0,A,15.0,12.0,1.0,6.0,4.52,4.13,1.74,4.88,4.3,1.78
2023-12-16,2023,Burnley,Everton,0.0,2.0,A,14.0,9.0,2.0,6.0,3.55,3.45,2.14,3.74,3.62,2.19
2023-12-16,2023,Chelsea,Sheffield United,2.0,0.0,H,15.0,6.0,6.0,1.0,1.24,6.49,12.28,1.28,7.1,13.5
2023-12-16,2023,Man City,Crystal Palace,2.0,2.0,D,19.0,5.0,9.0,2.0,1.18,7.77,16.06,1.2,8.8,19.5
2023-12-16,2023,Newcastle,Fulham,3.0,0.0,H,27.0,6.0,10.0,4.0,1.87,3.91,4.03,1.92,4.05,4.22
2023-12-17,2023,Arsenal,Brighton,2.0,0.0,H,26.0,6.0,9.0,1.0,1.48,4.73,6.5,1.53,5.0,7.0
2023-12-17,2023,Brentford,Aston Villa,1.0,2.0,A,4.0,15.0,3.0,5.0,3.26,3.71,2.16,3.5,3.85,2.23
2023-12-17,2023,Liverpool,Man United,0.0,0.0,D,34.0,6.0,8.0,1.0,1.32,6.09,8.5,1.42,6.55,9.5
2023-12-17,2023,West Ham,Wolves,3.0,0.0,H,13.0,14.0,4.0,3.0,2.16,3.55,3.4,2.27,3.68,3.62
2023-12-21,2023,Crystal Palace,Brighton,1.0,1.0,D,11.0,18.0,3.0,6.0,3.35,3.5,2.18,3.5,3.7,2.25
2023-12-22,2023,Aston Villa,Sheffield United,1.0,1.0,D,12.0,5.0,4.0,2.0,1.24,6.67,11.7,1.28,7.3,14.0
2023-12-23,2023,Fulham,Burnley,0.0,2.0,A,19.0,7.0,5.0,2.0,1.7,3.94,5.01,1.76,4.2,5.3
2023-12-23,2023,Liverpool,Arsenal,1.0,1.0,D,13.0,13.0,3.0,2.0,2.43,3.63,2.83,2.53,3.78,3.05
2023-12-23,2023,Luton,Newcastle,1.0,0.0,H,16.0,15.0,5.0,2.0,5.0,4.23,1.65,5.32,4.6,1.71
2023-12-23,2023,Nott'm Forest,Bournemouth,2.0,3.0,A,11.0,18.0,5.0,7.0,2.76,3.49,2.54,2.83,3.63,2.66
2023-12-23,2023,Tottenham,Everton,2.0,1.0,H,13.0,18.0,6.0,8.0,1.8,4.16,4.08,1.87,4.4,4.34
2023-12-23,2023,West Ham,Man United,2.0,0.0,H,12.0,11.0,5.0,3.0,2.61,3.65,2.6,2.72,3.81,2.7
2023-12-24,2023,Wolves,Chelsea,2.0,1.0,H,14.0,16.0,6.0,5.0,3.73,3.73,1.98,3.91,3.85,2.04
2023-12-26,2023,Bournemouth,Fulham,3.0,0.0,H,16.0,8.0,4.0,3.0,2.22,3.62,3.2,2.27,3.79,3.45
2023-12-26,2023,Burnley,Liverpool,0.0,2.0,A,9.0,19.0,0.0,10.0,7.67,5.3,1.39,8.5,5.75,1.43
2023-12-26,2023,Man United,Aston Villa,3.0,2.0,H,13.0,10.0,7.0,4.0,2.63,3.63,2.61,2.75,3.75,2.71
2023-12-26,2023,Newcastle,Nott'm Forest,1.0,3.0,A,19.0,15.0,7.0,6.0,1.51,4.41,6.57,1.56,4.6,7.0
2023-12-26,2023,Sheffield United,Luton,2.0,3.0,A,21.0,12.0,6.0,4.0,2.41,3.32,3.07,2.52,3.42,3.19
2023-12-27,2023,Brentford,Wolves,1.0,4.0,A,14.0,11.0,4.0,5.0,1.96,3.59,3.97,2.02,3.72,4.2
2023-12-27,2023,Chelsea,Crystal Palace,2.0,1.0,H,9.0,13.0,4.0,5.0,1.7,3.91,5.02,1.75,4.05,5.5
2023-12-27,2023,Everton,Man City,1.0,3.0,A,7.0,23.0,2.0,9.0,5.84,4.17,1.59,6.6,4.37,1.64
2023-12-28,2023,Arsenal,West Ham,0.0,2.0,A,30.0,6.0,8.0,3.0,1.35,5.39,8.64,1.39,5.8,9.5
2023-12-28,2023,Brighton,Tottenham,4.0,2.0,H,15.0,19.0,9.0,3.0,2.52,3.9,2.57,2.57,4.2,2.7
2023-12-30,2023,Aston Villa,Burnley,3.0,2.0,H,19.0,9.0,7.0,5.0,1.37,5.27,8.15,1.4,5.6,8.6
2023-12-30,2023,Crystal Palace,Brentford,3.0,1.0,H,13.0,9.0,6.0,4.0,2.23,3.33,3.43,2.31,3.5,3.65
2023-12-30,2023,Luton,Chelsea,2.0,3.0,A,15.0,12.0,6.0,8.0,6.04,4.53,1.53,6.5,4.8,1.56
2023-12-30,2023,Man City,Sheffield United,2.0,0.0,H,18.0,4.0,4.0,2.0,1.08,12.85,29.4,1.1,17.0,37.0
2023-12-30,2023,Nott'm Forest,Man United,2.0,1.0,H,8.0,10.0,2.0,5.0,3.27,3.68,2.16,3.41,3.85,2.21
2023-12-30,2023,Wolves,Everton,3.0,0.0,H,12.0,10.0,6.0,0.0,2.64,3.38,2.74,2.75,3.5,2.81
2023-12-31,2023,Fulham,Arsenal,2.0,1.0,H,15.0,13.0,4.0,3.0,5.74,4.29,1.57,6.2,4.5,1.62
2023-12-31,2023,Tottenham,Bournemouth,3.0,1.0,H,12.0,24.0,6.0,4.0,1.78,4.33,4.04,1.82,4.5,4.25
2024-01-01,2023,Liverpool,Newcastle,4.0,2.0,H,34.0,5.0,15.0,3.0,1.46,4.88,6.56,1.51,5.2,7.2
2024-01-02,2023,West Ham,Brighton,0.0,0.0,D,6.0,22.0,2.0,8.0,2.47,3.7,2.73,2.57,3.89,2.81
2024-01-12,2023,Burnley,Luton,1.0,1.0,D,13.0,14.0,7.0,5.0,2.03,3.58,3.74,2.09,3.75,3.9
2024-01-13,2023,Chelsea,Fulham,1.0,0.0,H,17.0,14.0,3.0,4.0,1.64,4.24,5.19,1.69,4.4,5.5
2024-01-13,2023,Newcastle,Man City,2.0,3.0,A,12.0,27.0,5.0,11.0,5.5,4.47,1.57,5.75,4.63,1.6
2024-01-14,2023,Everton,Aston Villa,0.0,0.0,D,10.0,16.0,2.0,5.0,2.79,3.62,2.45,2.9,3.79,2.5
2024-01-14,2023,Man United,Tottenham,2.0,2.0,D,9.0,16.0,2.0,6.0,2.2,3.93,3.0,2.26,4.1,3.08
2024-01-20,2023,Arsenal,Crystal Palace,5.0,0.0,H,21.0,12.0,6.0,5.0,1.29,5.74,11.19,1.31,6.2,13.0
2024-01-20,2023,Brentford,Nott'm Forest,3.0,2.0,H,11.0,12.0,5.0,3.0,1.9,3.72,4.06,1.94,3.93,4.36
2024-01-21,2023,Bournemouth,Liverpool,0.0,4.0,A,11.0,14.0,1.0,7.0,4.38,4.37,1.71,4.5,4.5,1.77
2024-01-21,2023,Sheffield United,West Ham,2.0,2.0,D,21.0,16.0,6.0,5.0,3.43,3.43,2.18,3.52,3.53,2.23
2024-01-22,2023,Brighton,Wolves,0.0,0.0,D,11.0,8.0,4.0,3.0,1.65,4.29,4.95,1.68,4.5,5.25
2024-01-30,2023,Aston Villa,Newcastle,1.0,3.0,A,12.0,14.0,6.0,5.0,1.86,4.07,3.92,1.91,4.3,4.1
2024-01-30,2023,Crystal Palace,Sheffield United,3.0,2.0,H,12.0,9.0,4.0,5.0,1.64,3.87,5.92,1.68,3.99,6.5
2024-01-30,2023,Fulham,Everton,0.0,0.0,D,25.0,21.0,6.0,4.0,2.45,3.33,3.01,2.55,3.45,3.12
2024-01-30,2023,Luton,Brighton,4.0,0.0,H,18.0,9.0,8.0,2.0,4.34,4.09,1.78,4.53,4.2,1.82
2024-01-30,2023,Nott'm Forest,Arsenal,1.0,2.0,A,9.0,19.0,3.0,3.0,8.12,5.09,1.39,8.6,5.3,1.43
2024-01-31,2023,Liverpool,Chelsea,4.0,1.0,H,28.0,4.0,13.0,3.0,1.58,4.61,5.15,1.62,4.87,5.5
2024-01-31,2023,Man City,Burnley,3.0,1.0,H,14.0,8.0,4.0,3.0,1.1,11.19,24.13,1.12,13.0,34.0
2024-01-31,2023,Tottenham,Brentford,3.0,2.0,H,19.0,9.0,5.0,5.0,1.67,4.34,4.75,1.74,4.5,5.25
2024-02-01,2023,West Ham,Bournemouth,1.0,1.0,D,9.0,9.0,3.0,4.0,2.43,3.73,2.75,2.5,3.85,2.85
2024-02-01,2023,Wolves,Man United,3.0,4.0,A,16.0,21.0,7.0,8.0,2.7,3.58,2.54,2.75,3.72,2.67
2024-02-03,2023,Brighton,Crystal Palace,4.0,1.0,H,13.0,7.0,6.0,5.0,1.7,4.07,4.82,1.75,4.25,5.0
2024-02-03,2023,Burnley,Fulham,2.0,2.0,D,12.0,15.0,4.0,7.0,2.94,3.45,2.43,3.0,3.6,2.5
2024-02-03,2023,Everton,Tottenham,2.0,2.0,D,14.0,9.0,5.0,6.0,2.94,3.69,2.34,3.05,3.89,2.38
2024-02-03,2023,Newcastle,Luton,4.0,4.0,D,19.0,11.0,6.0,8.0,1.43,4.97,7.02,1.47,5.2,7.5
2024-02-03,2023,Sheffield United,Aston Villa,0.0,5.0,A,10.0,14.0,5.0,10.0,5.1,4.29,1.63,5.4,4.42,1.69
2024-02-04,2023,Arsenal,Liverpool,3.0,1.0,H,15.0,10.0,7.0,1.0,2.25,3.67,3.07,2.32,3.8,3.24
2024-02-04,2023,Bournemouth,Nott'm Forest,1.0,1.0,D,9.0,8.0,2.0,6.0,1.7,4.15,4.65,1.75,4.3,5.0
2024-02-04,2023,Chelsea,Wolves,2.0,4.0,A,15.0,14.0,6.0,7.0,1.63,4.22,5.24,1.66,4.4,5.6
2024-02-04,2023,Man United,West Ham,3.0,0.0,H,12.0,22.0,5.0,3.0,1.66,4.23,4.93,1.72,4.4,5.25
2024-02-05,2023,Brentford,Man City,1.0,3.0,A,9.0,25.0,3.0,15.0,7.17,4.99,1.42,7.8,5.2,1.46
2024-02-10,2023,Fulham,Bournemouth,3.0,1.0,H,7.0,25.0,6.0,4.0,2.4,3.58,2.88,2.47,3.74,3.05
2024-02-10,2023,Liverpool,Burnley,3.0,1.0,H,25.0,9.0,10.0,4.0,1.16,8.4,15.8,1.18,9.5,18.5
2024-02-10,2023,Luton,Sheffield United,1.0,3.0,A,20.0,7.0,5.0,3.0,1.77,3.88,4.59,1.83,4.02,4.75
2024-02-10,2023,Man City,Everton,2.0,0.0,H,19.0,5.0,3.0,1.0,1.2,7.36,13.47,1.24,8.3,16.0
2024-02-10,2023,Nott'm Forest,Newcastle,2.0,3.0,A,13.0,7.0,3.0,5.0,3.3,3.71,2.13,3.41,3.84,2.19
2024-02-10,2023,Tottenham,Brighton,2.0,1.0,H,16.0,6.0,6.0,3.0,1.82,4.31,3.84,1.85,4.5,4.01
2024-02-10,2023,Wolves,Brentford,0.0,2.0,A,17.0,9.0,5.0,6.0,2.12,3.66,3.38,2.17,3.84,3.7
2024-02-11,2023,Aston Villa,Man United,1.0,2.0,A,23.0,17.0,10.0,5.0,2.17,3.83,3.11,2.22,4.01,3.25
2024-02-11,2023,West Ham,Arsenal,0.0,6.0,A,5.0,25.0,1.0,12.0,5.81,4.38,1.55,6.4,4.6,1.59
2024-02-12,2023,Crystal Palace,Chelsea,1.0,3.0,A,13.0,14.0,4.0,5.0,4.2,3.8,1.84,4.5,3.94,1.88
2024-02-17,2023,Brentford,Liverpool,1.0,4.0,A,15.0,15.0,6.0,8.0,5.24,4.52,1.59,5.5,4.75,1.64
2024-02-17,2023,Burnley,Arsenal,0.0,5.0,A,8.0,16.0,0.0,7.0,9.94,5.73,1.31,11.0,6.1,1.34
2024-02-17,2023,Fulham,Aston Villa,1.0,2.0,A,15.0,12.0,4.0,3.0,2.94,3.77,2.29,3.08,3.9,2.35
2024-02-17,2023,Man City,Chelsea,1.0,1.0,D,31.0,9.0,5.0,6.0,1.35,5.64,8.22,1.37,6.0,9.05
2024-02-17,2023,Newcastle,Bournemouth,2.0,2.0,D,17.0,12.0,5.0,7.0,1.85,4.16,3.83,1.9,4.27,4.01
2024-02-17,2023,Nott'm Forest,West Ham,2.0,0.0,H,19.0,10.0,8.0,3.0,2.43,3.51,2.9,2.5,3.64,3.02
2024-02-17,2023,Tottenham,Wolves,1.0,2.0,A,15.0,12.0,4.0,7.0,1.55,4.75,5.37,1.58,4.9,5.6
2024-02-18,2023,Luton,Man United,1.0,2.0,A,22.0,21.0,4.0,9.0,4.07,4.09,1.81,4.34,4.25,1.87
2024-02-18,2023,Sheffield United,Brighton,0.0,5.0,A,6.0,24.0,1.0,10.0,4.92,4.3,1.65,5.15,4.5,1.68
2024-02-19,2023,Everton,Crystal Palace,1.0,1.0,D,19.0,10.0,4.0,4.0,1.73,3.68,5.12,1.77,3.82,5.5
2024-02-20,2023,Man City,Brentford,1.0,0.0,H,25.0,6.0,11.0,2.0,1.18,8.12,15.16,1.19,8.9,18.0
2024-02-21,2023,Liverpool,Luton,4.0,1.0,H,29.0,12.0,13.0,3.0,1.2,7.72,13.14,1.23,8.3,15.0
2024-02-24,2023,Arsenal,Newcastle,4.0,1.0,H,18.0,3.0,8.0,2.0,1.38,5.34,7.53,1.42,5.53,8.0
2024-02-24,2023,Aston Villa,Nott'm Forest,4.0,2.0,H,16.0,10.0,6.0,3.0,1.55,4.54,5.63,1.6,4.7,6.1
2024-02-24,2023,Bournemouth,Man City,0.0,1.0,A,13.0,15.0,4.0,6.0,6.96,5.16,1.42,7.5,5.5,1.46
2024-02-24,2023,Brighton,Everton,1.0,1.0,D,23.0,6.0,7.0,3.0,1.84,3.93,4.1,1.88,4.16,4.35
2024-02-24,2023,Crystal Palace,Burnley,3.0,0.0,H,15.0,2.0,6.0,0.0,2.01,3.46,3.92,2.06,3.6,4.1
2024-02-24,2023,Man United,Fulham,1.0,2.0,A,21.0,17.0,9.0,5.0,1.58,4.47,5.33,1.63,4.6,5.6
2024-02-25,2023,Wolves,Sheffield United,1.0,0.0,H,13.0,12.0,2.0,4.0,1.46,4.69,6.86,1.5,4.9,7.5
2024-02-26,2023,West Ham,Brentford,4.0,2.0,H,17.0,14.0,6.0,8.0,2.5,3.6,2.73,2.61,3.76,2.85
2024-03-02,2023,Brentford,Chelsea,2.0,2.0,D,14.0,17.0,5.0,6.0,3.07,3.86,2.19,3.2,4.0,2.23
2024-03-02,2023,Everton,West Ham,1.0,3.0,A,22.0,12.0,11.0,5.0,2.09,3.57,3.52,2.14,3.72,3.67
2024-03-02,2023,Fulham,Brighton,3.0,0.0,H,12.0,15.0,5.0,5.0,2.59,3.64,2.62,2.65,3.85,2.71
2024-03-02,2023,Luton,Aston Villa,2.0,3.0,A,13.0,12.0,5.0,8.0,4.29,4.3,1.74,4.5,4.5,1.78
2024-03-02,2023,Newcastle,Wolves,3.0,0.0,H,14.0,12.0,7.0,3.0,1.9,3.95,3.8,1.94,4.1,4.04
2024-03-02,2023,Nott'm Forest,Liverpool,0.0,1.0,A,8.0,22.0,2.0,2.0,5.63,4.67,1.54,6.1,4.85,1.58
2024-03-02,2023,Tottenham,Crystal Palace,3.0,1.0,H,14.0,4.0,6.0,1.0,1.49,4.66,6.26,1.55,5.0,7.5
2024-03-03,2023,Burnley,Bournemouth,0.0,2.0,A,20.0,10.0,6.0,3.0,3.72,3.78,1.96,3.89,3.93,2.02
2024-03-03,2023,Man City,Man United,3.0,1.0,H,27.0,3.0,8.0,1.0,1.27,6.33,10.06,1.29,6.72,11.3
2024-03-04,2023,Sheffield United,Arsenal,0.0,6.0,A,4.0,22.0,0.0,10.0,16.28,7.82,1.17,19.0,8.6,1.19
2024-03-09,2023,Arsenal,Brentford,2.0,1.0,H,17.0,9.0,6.0,4.0,1.23,6.84,12.02,1.27,7.3,14.0
2024-03-09,2023,Bournemouth,Sheffield United,2.0,2.0,D,32.0,13.0,12.0,9.0,1.34,5.51,8.58,1.38,5.8,9.4
2024-03-09,2023,Crystal Palace,Luton,1.0,1.0,D,21.0,8.0,4.0,2.0,1.78,3.89,4.49,1.83,4.02,4.7
2024-03-09,2023,Man United,Everton,2.0,0.0,H,15.0,23.0,8.0,6.0,1.85,3.89,4.09,1.94,4.05,4.4
2024-03-09,2023,Wolves,Fulham,2.0,1.0,H,8.0,23.0,3.0,6.0,2.54,3.45,2.79,2.63,3.62,2.92
2024-03-10,2023,Aston Villa,Tottenham,0.0,4.0,A,10.0,9.0,1.0,5.0,2.42,4.08,2.62,2.49,4.26,2.7
2024-03-10,2023,Brighton,Nott'm Forest,1.0,0.0,H,10.0,9.0,3.0,4.0,1.78,4.04,4.25,1.84,4.21,4.5
2024-03-10,2023,Liverpool,Man City,1.0,1.0,D,19.0,10.0,6.0,6.0,2.95,3.83,2.25,3.15,4.0,2.34
2024-03-10,2023,West Ham,Burnley,2.0,2.0,D,22.0,11.0,4.0,4.0,1.67,4.08,4.97,1.71,4.26,5.2
2024-03-11,2023,Chelsea,Newcastle,3.0,2.0,H,12.0,11.0,8.0,3.0,1.94,4.08,3.54,1.98,4.26,3.7
2024-03-13,2023,Bournemouth,Luton,4.0,3.0,H,24.0,8.0,10.0,4.0,1.5,4.77,6.0,1.55,4.98,6.4
2024-03-16,2023,Burnley,Brentford,2.0,1.0,H,17.0,9.0,6.0,5.0,3.27,3.66,2.16,3.41,3.8,2.21
2024-03-16,2023,Fulham,Tottenham,3.0,0.0,H,16.0,14.0,7.0,5.0,3.4,3.93,2.01,3.54,4.16,2.08
2024-03-16,2023,Luton,Nott'm Forest,1.0,1.0,D,10.0,16.0,4.0,6.0,2.81,3.63,2.42,2.95,3.8,2.47
2024-03-17,2023,West Ham,Aston Villa,1.0,1.0,D,13.0,13.0,5.0,5.0,2.65,3.73,2.51,2.75,3.92,2.58
2024-03-30,2023,Aston Villa,Wolves,2.0,0.0,H,11.0,13.0,5.0,3.0,1.64,4.38,4.86,1.68,4.6,5.08
2024-03-30,2023,Bournemouth,Everton,2.0,1.0,H,11.0,7.0,4.0,3.0,2.2,3.61,3.23,2.25,3.8,3.36
2024-03-30,2023,Brentford,Man United,1.0,1.0,D,31.0,11.0,5.0,5.0,3.06,3.83,2.2,3.25,3.99,2.24
2024-03-30,2023,Chelsea,Burnley,2.0,2.0,D,33.0,18.0,13.0,7.0,1.3,5.96,9.44,1.34,6.3,10.5
2024-03-30,2023,Newcastle,West Ham,4.0,3.0,H,24.0,10.0,9.0,4.0,1.84,4.16,3.87,1.9,4.33,4.11
2024-03-30,2023,Nott'm Forest,Crystal Palace,1.0,1.0,D,12.0,10.0,5.0,3.0,2.26,3.36,3.31,2.32,3.5,3.4
2024-03-30,2023,Sheffield United,Fulham,3.0,3.0,D,8.0,24.0,4.0,9.0,4.64,4.03,1.73,4.9,4.26,1.76
2024-03-30,2023,Tottenham,Luton,2.0,1.0,H,17.0,7.0,4.0,3.0,1.22,7.47,11.31,1.26,8.1,12.5
2024-03-31,2023,Liverpool,Brighton,2.0,1.0,H,30.0,9.0,8.0,3.0,1.37,5.63,7.37,1.42,6.0,7.8
2024-03-31,2023,Man City,Arsenal,0.0,0.0,D,12.0,6.0,1.0,2.0,1.92,3.8,3.86,1.97,3.97,4.01
2024-04-02,2023,Bournemouth,Crystal Palace,1.0,0.0,H,11.0,3.0,6.0,2.0,1.99,3.76,3.69,2.04,3.9,3.9
2024-04-02,2023,Burnley,Wolves,1.0,1.0,D,13.0,8.0,6.0,2.0,2.53,3.49,2.8,2.63,3.68,2.86
2024-04-02,2023,Newcastle,Everton,1.0,1.0,D,18.0,10.0,6.0,3.0,2.01,3.82,3.55,2.05,3.95,3.7
2024-04-02,2023,Nott'm Forest,Fulham,3.0,1.0,H,16.0,18.0,4.0,3.0,2.71,3.49,2.62,2.78,3.68,2.7
2024-04-02,2023,West Ham,Tottenham,1.0,1.0,D,11.0,13.0,4.0,4.0,3.3,4.16,2.01,3.5,4.37,2.05
2024-04-03,2023,Arsenal,Luton,2.0,0.0,H,13.0,5.0,4.0,1.0,1.1,11.25,22.73,1.12,13.0,32.0
2024-04-03,2023,Brentford,Brighton,0.0,0.0,D,5.0,24.0,2.0,6.0,2.39,3.79,2.78,2.48,3.94,2.88
2024-04-03,2023,Man City,Aston Villa,4.0,1.0,H,25.0,8.0,11.0,3.0,1.3,6.08,9.06,1.34,6.5,10.0
2024-04-04,2023,Chelsea,Man United,4.0,3.0,H,28.0,19.0,10.0,5.0,2.02,4.05,3.31,2.08,4.26,3.55
2024-04-04,2023,Liverpool,Sheffield United,3.0,1.0,H,29.0,8.0,9.0,3.0,1.08,12.59,25.43,1.1,15.0,36.0
2024-04-06,2023,Aston Villa,Brentford,3.0,3.0,D,11.0,8.0,3.0,3.0,1.7,4.2,4.68,1.76,4.4,5.0
2024-04-06,2023,Brighton,Arsenal,0.0,3.0,A,10.0,20.0,2.0,7.0,5.15,4.25,1.64,5.5,4.45,1.69
2024-04-06,2023,Crystal Palace,Man City,2.0,4.0,A,7.0,18.0,4.0,8.0,10.3,5.59,1.31,11.0,5.9,1.34
2024-04-06,2023,Everton,Burnley,1.0,0.0,H,12.0,6.0,3.0,1.0,1.67,4.07,5.04,1.71,4.3,5.25
2024-04-06,2023,Fulham,Newcastle,0.0,1.0,A,14.0,12.0,4.0,5.0,2.37,3.82,2.81,2.41,4.05,3.0
2024-04-06,2023,Luton,Bournemouth,2.0,1.0,H,19.0,8.0,9.0,1.0,3.68,4.04,1.91,4.0,4.21,1.96
2024-04-06,2023,Wolves,West Ham,1.0,2.0,A,14.0,11.0,7.0,4.0,2.51,3.58,2.75,2.58,3.72,2.82
2024-04-07,2023,Man United,Liverpool,2.0,2.0,D,9.0,28.0,5.0,7.0,4.69,4.65,1.63,5.0,4.9,1.68
2024-04-07,2023,Sheffield United,Chelsea,2.0,2.0,D,11.0,6.0,6.0,3.0,6.88,5.28,1.41,7.5,5.5,1.46
2024-04-07,2023,Tottenham,Nott'm Forest,3.0,1.0,H,17.0,13.0,7.0,6.0,1.4,5.3,7.23,1.46,5.6,8.0
2024-04-13,2023,Bournemouth,Man United,2.0,2.0,D,20.0,8.0,5.0,2.0,2.42,3.91,2.68,2.49,4.09,2.82
2024-04-13,2023,Brentford,Sheffield United,2.0,0.0,H,9.0,8.0,5.0,2.0,1.43,5.09,6.86,1.45,5.4,7.5
2024-04-13,2023,Burnley,Brighton,1.0,1.0,D,11.0,20.0,3.0,8.0,3.5,3.8,2.02,3.62,3.93,2.08
2024-04-13,2023,Man City,Luton,5.0,1.0,H,33.0,4.0,13.0,2.0,1.1,11.66,23.86,1.12,14.0,30.0
2024-04-13,2023,Newcastle,Tottenham,4.0,0.0,H,18.0,11.0,5.0,2.0,2.75,4.02,2.34,2.9,4.26,2.38
2024-04-13,2023,Nott'm Forest,Wolves,2.0,2.0,D,18.0,11.0,9.0,4.0,2.16,3.55,3.37,2.25,3.74,3.53
2024-04-14,2023,Arsenal,Aston Villa,0.0,2.0,A,18.0,11.0,4.0,2.0,1.28,6.1,9.89,1.31,6.5,11.0
2024-04-14,2023,Liverpool,Crystal Palace,0.0,1.0,A,21.0,8.0,6.0,5.0,1.21,7.37,13.35,1.24,8.0,15.0
2024-04-14,2023,West Ham,Fulham,0.0,2.0,A,15.0,18.0,4.0,10.0,2.38,3.65,2.88,2.42,3.85,2.96
2024-04-15,2023,Chelsea,Everton,6.0,0.0,H,14.0,10.0,10.0,2.0,1.71,4.2,4.53,1.76,4.42,4.9
2024-04-20,2023,Luton,Brentford,1.0,5.0,A,6.0,21.0,3.0,9.0,3.18,3.75,2.17,3.33,3.85,2.21
2024-04-20,2023,Sheffield United,Burnley,1.0,4.0,A,18.0,16.0,11.0,9.0,2.76,3.63,2.47,2.88,3.74,2.55
2024-04-20,2023,Wolves,Arsenal,0.0,2.0,A,5.0,24.0,3.0,9.0,8.05,5.05,1.39,8.5,5.3,1.44
2024-04-21,2023,Aston Villa,Bournemouth,3.0,1.0,H,14.0,14.0,4.0,6.0,1.87,4.11,3.76,1.92,4.31,3.95
2024-04-21,2023,Crystal Palace,West Ham,5.0,2.0,H,18.0,4.0,7.0,1.0,2.15,3.59,3.34,2.22,3.72,3.5
2024-04-21,2023,Everton,Nott'm Forest,2.0,0.0,H,7.0,8.0,4.0,3.0,2.07,3.52,3.63,2.12,3.74,3.85
2024-04-21,2023,Fulham,Liverpool,1.0,3.0,A,12.0,14.0,5.0,7.0,5.19,4.67,1.57,5.55,4.9,1.63
2024-04-23,2023,Arsenal,Chelsea,5.0,0.0,H,27.0,7.0,10.0,1.0,1.45,4.93,6.78,1.52,5.2,7.5
2024-04-24,2023,Crystal Palace,Newcastle,2.0,0.0,H,20.0,7.0,7.0,2.0,2.76,3.68,2.43,2.85,3.85,2.51
2024-04-24,2023,Everton,Liverpool,2.0,0.0,H,16.0,23.0,6.0,7.0,7.11,4.98,1.42,7.7,5.33,1.47
2024-04-24,2023,Man United,Sheffield United,4.0,2.0,H,25.0,10.0,13.0,4.0,1.31,6.11,8.44,1.35,6.5,9.5
2024-04-24,2023,Wolves,Bournemouth,0.0,1.0,A,15.0,21.0,4.0,6.0,2.72,3.6,2.52,2.81,3.8,2.6
2024-04-25,2023,Brighton,Man City,0.0,4.0,A,7.0,14.0,3.0,6.0,6.65,4.95,1.44,7.1,5.25,1.48
2024-04-27,2023,Aston Villa,Chelsea,2.0,2.0,D,9.0,21.0,4.0,5.0,2.17,3.9,3.06,2.25,4.1,3.21
2024-04-27,2023,Everton,Brentford,1.0,0.0,H,18.0,10.0,1.0,4.0,2.36,3.5,2.97,2.45,3.68,3.13
2024-04-27,2023,Fulham,Crystal Palace,1.0,1.0,D,9.0,14.0,2.0,4.0,2.11,3.6,3.42,2.17,3.75,3.6
2024-04-27,2023,Man United,Burnley,1.0,1.0,D,27.0,16.0,10.0,7.0,1.52,4.9,5.44,1.57,5.2,5.75
2024-04-27,2023,Newcastle,Sheffield United,5.0,1.0,H,20.0,15.0,7.0,5.0,1.23,7.04,11.1,1.25,7.6,12.9
2024-04-27,2023,West Ham,Liverpool,2.0,2.0,D,11.0,28.0,8.0,8.0,5.63,4.89,1.51,6.0,5.18,1.58
2024-04-27,2023,Wolves,Luton,2.0,1.0,H,13.0,9.0,5.0,6.0,1.98,3.83,3.58,2.04,4.03,3.78
2024-04-28,2023,Bournemouth,Brighton,3.0,0.0,H,15.0,13.0,6.0,1.0,2.26,3.8,2.94,2.32,4.01,3.05
2024-04-28,2023,Nott'm Forest,Man City,0.0,2.0,A,14.0,11.0,2.0,5.0,9.5,5.72,1.31,11.0,6.0,1.38
2024-04-28,2023,Tottenham,Arsenal,2.0,3.0,A,14.0,9.0,2.0,3.0,4.12,4.07,1.8,4.3,4.27,1.86
2024-05-02,2023,Chelsea,Tottenham,2.0,0.0,H,16.0,19.0,5.0,3.0,2.2,4.05,2.91,2.25,4.36,3.05
2024-05-03,2023,Luton,Everton,1.0,1.0,D,18.0,10.0,5.0,3.0,2.66,3.58,2.62,2.74,3.75,2.7
2024-05-04,2023,Arsenal,Bournemouth,3.0,0.0,H,25.0,7.0,9.0,2.0,1.2,7.59,12.74,1.23,8.2,14.0
2024-05-04,2023,Brentford,Fulham,0.0,0.0,D,7.0,15.0,3.0,3.0,2.12,3.8,3.25,2.17,3.95,3.34
2024-05-04,2023,Burnley,Newcastle,1.0,4.0,A,17.0,23.0,5.0,11.0,3.38,3.98,2.02,3.5,4.16,2.07
2024-05-04,2023,Man City,Wolves,5.0,1.0,H,20.0,2.0,12.0,1.0,1.09,11.51,25.33,1.12,14.0,32.0
2024-05-04,2023,Sheffield United,Nott'm Forest,1.0,3.0,A,17.0,15.0,5.0,4.0,4.68,4.25,1.69,5.1,4.4,1.74
2024-05-05,2023,Brighton,Aston Villa,1.0,0.0,H,15.0,2.0,8.0,1.0,2.72,3.77,2.43,2.78,4.03,2.51
2024-05-05,2023,Chelsea,West Ham,5.0,0.0,H,25.0,13.0,14.0,2.0,1.65,4.55,4.58,1.7,4.75,5.0
2024-05-05,2023,Liverpool,Tottenham,4.0,2.0,H,25.0,11.0,13.0,6.0,1.48,5.26,5.61,1.54,5.75,6.0
2024-05-06,2023,Crystal Palace,Man United,4.0,0.0,H,18.0,7.0,10.0,2.0,2.38,3.76,2.79,2.42,3.99,2.89
2024-05-11,2023,Bournemouth,Brentford,1.0,2.0,A,13.0,11.0,4.0,5.0,1.98,3.99,3.5,2.02,4.21,3.7
2024-05-11,2023,Everton,Sheffield United,1.0,0.0,H,15.0,13.0,6.0,1.0,1.4,5.13,7.46,1.44,5.5,8.0
2024-05-11,2023,Fulham,Man City,0.0,4.0,A,1.0,16.0,1.0,9.0,12.3,7.05,1.22,14.0,7.5,1.26
2024-05-11,2023,Newcastle,Brighton,1.0,1.0,D,18.0,15.0,7.0,4.0,1.59,4.81,4.84,1.63,5.0,5.0
2024-05-11,2023,Nott'm Forest,Chelsea,2.0,3.0,A,20.0,12.0,4.0,5.0,3.39,3.94,2.03,3.6,4.21,2.08
2024-05-11,2023,Tottenham,Burnley,2.0,1.0,H,21.0,7.0,9.0,3.0,1.35,6.01,7.33,1.39,6.3,7.9
2024-05-11,2023,West Ham,Luton,3.0,1.0,H,24.0,4.0,8.0,1.0,1.82,4.33,3.83,1.86,4.6,4.04
2024-05-11,2023,Wolves,Crystal Palace,1.0,3.0,A,13.0,13.0,7.0,3.0,2.86,3.51,2.47,3.0,3.6,2.54
2024-05-12,2023,Man United,Arsenal,0.0,1.0,A,14.0,11.0,2.0,5.0,7.08,5.5,1.39,7.5,5.8,1.43
2024-05-13,2023,Aston Villa,Liverpool,3.0,3.0,D,19.0,14.0,5.0,7.0,4.15,4.55,1.71,4.4,4.75,1.77
2024-05-14,2023,Tottenham,Man City,0.0,2.0,A,10.0,8.0,5.0,5.0,6.94,5.91,1.38,7.5,6.5,1.41
2024-05-15,2023,Brighton,Chelsea,1.0,2.0,A,12.0,13.0,2.0,6.0,3.37,3.99,2.02,3.52,4.21,2.05
2024-05-15,2023,Man United,Newcastle,3.0,2.0,H,17.0,21.0,8.0,8.0,2.73,4.04,2.34,2.85,4.26,2.4
2024-05-19,2023,Arsenal,Everton,2.0,1.0,H,26.0,5.0,5.0,2.0,1.17,8.04,15.37,1.19,8.9,17.0
2024-05-19,2023,Brentford,Newcastle,2.0,4.0,A,10.0,12.0,5.0,7.0,2.94,3.96,2.22,3.04,4.2,2.28
2024-05-19,2023,Brighton,Man United,0.0,2.0,A,17.0,11.0,3.0,4.0,2.17,4.11,2.95,2.24,4.37,3.0
2024-05-19,2023,Burnley,Nott'm Forest,1.0,2.0,A,20.0,12.0,3.0,6.0,2.9,3.74,2.32,3.0,3.9,2.37
2024-05-19,2023,Chelsea,Bournemouth,2.0,1.0,H,16.0,22.0,6.0,5.0,1.45,5.32,5.99,1.49,5.75,6.5
2024-05-19,2023,Crystal Palace,Aston Villa,5.0,0.0,H,15.0,8.0,9.0,2.0,1.87,4.28,3.67,1.93,4.5,3.84
2024-05-19,2023,Liverpool,Wolves,2.0,0.0,H,36.0,4.0,14.0,3.0,1.16,8.71,14.55,1.18,10.0,17.0
2024-05-19,2023,Luton,Fulham,2.0,4.0,A,15.0,15.0,6.0,7.0,2.92,3.95,2.23,3.0,4.35,2.3
2024-05-19,2023,Man City,West Ham,3.0,1.0,H,28.0,3.0,12.0,2.0,1.1,11.72,21.81,1.11,14.0,25.0
2024-05-19,2023,Sheffield United,Tottenham,0.0,3.0,A,6.0,18.0,1.0,9.0,7.32,6.04,1.35,7.9,6.34,1.39
2024-08-16,2024,Man United,Fulham,1.0,0.0,H,14.0,10.0,5.0,2.0,1.62,4.36,5.15,1.68,4.5,5.5
2024-08-17,2024,Arsenal,Wolves,2.0,0.0,H,18.0,9.0,6.0,3.0,1.18,7.86,15.87,1.2,9.1,18.0
2024-08-17,2024,Everton,Brighton,0.0,3.0,A,9.0,10.0,1.0,5.0,2.67,3.41,2.68,2.76,3.66,2.78
2024-08-17,2024,Ipswich,Liverpool,0.0,2.0,A,7.0,18.0,2.0,5.0,8.28,5.76,1.34,9.0,6.1,1.37
2024-08-17,2024,Newcastle,Southampton,1.0,0.0,H,3.0,19.0,1.0,4.0,1.35,5.62,8.1,1.37,5.9,8.6
2024-08-17,2024,Nott'm Forest,Bournemouth,1.0,1.0,D,14.0,13.0,8.0,4.0,2.45,3.49,2.89,2.51,3.7,3.0
2024-08-17,2024,West Ham,Aston Villa,1.0,2.0,A,14.0,15.0,3.0,3.0,2.44,3.69,2.79,2.49,3.91,2.87
2024-08-18,2024,Brentford,Crystal Palace,2.0,1.0,H,9.0,14.0,5.0,6.0,2.46,3.44,2.9,2.52,3.66,2.99
2024-08-18,2024,Chelsea,Man City,0.0,2.0,A,10.0,11.0,3.0,5.0,4.05,4.0,1.83,4.3,4.22,1.88
2024-08-19,2024,Leicester,Tottenham,1.0,1.0,D,7.0,15.0,3.0,7.0,5.01,4.37,1.63,5.3,4.52,1.67
2024-08-24,2024,Aston Villa,Arsenal,0.0,2.0,A,11.0,9.0,3.0,4.0,4.41,3.92,1.78,4.7,4.1,1.84
2024-08-24,2024,Brighton,Man United,2.0,1.0,H,14.0,11.0,5.0,4.0,2.5,3.72,2.69,2.54,3.87,2.79
2024-08-24,2024,Crystal Palace,West Ham,0.0,2.0,A,14.0,18.0,2.0,3.0,2.17,3.63,3.25,2.21,3.76,3.36
2024-08-24,2024,Fulham,Leicester,2.0,1.0,H,18.0,10.0,6.0,4.0,1.83,3.73,4.38,1.9,3.89,4.7
2024-08-24,2024,Man City,Ipswich,4.0,1.0,H,14.0,1.0,5.0,1.0,1.09,12.17,26.97,1.1,14.0,34.0
2024-08-24,2024,Southampton,Nott'm Forest,0.0,1.0,A,5.0,23.0,1.0,8.0,2.57,3.32,2.84,2.66,3.42,2.92
2024-08-24,2024,Tottenham,Everton,4.0,0.0,H,13.0,10.0,7.0,1.0,1.44,4.95,6.75,1.49,5.1,7.3
2024-08-25,2024,Bournemouth,Newcastle,1.0,1.0,D,16.0,14.0,4.0,5.0,2.99,3.8,2.25,3.06,3.95,2.32
2024-08-25,2024,Liverpool,Brentford,2.0,0.0,H,19.0,8.0,8.0,2.0,1.25,6.78,10.37,1.28,7.5,11.5
2024-08-25,2024,Wolves,Chelsea,2.0,6.0,A,12.0,14.0,4.0,8.0,4.37,4.0,1.77,4.6,4.17,1.82
2024-08-31,2024,Arsenal,Brighton,1.0,1.0,D,11.0,22.0,7.0,4.0,1.35,5.66,8.11,1.37,6.0,9.0
2024-08-31,2024,Brentford,Southampton,3.0,1.0,H,20.0,18.0,7.0,6.0,1.77,3.97,4.46,1.82,4.12,4.7
2024-08-31,2024,Everton,Bournemouth,2.0,3.0,A,18.0,17.0,8.0,7.0,2.78,3.4,2.59,2.85,3.5,2.64
2024-08-31,2024,Ipswich,Fulham,1.0,1.0,D,11.0,9.0,4.0,4.0,3.1,3.5,2.31,3.2,3.66,2.38
2024-08-31,2024,Leicester,Aston Villa,1.0,2.0,A,9.0,10.0,3.0,5.0,4.62,4.02,1.74,4.9,4.2,1.78
2024-08-31,2024,Nott'm Forest,Wolves,1.0,1.0,D,16.0,11.0,5.0,3.0,2.03,3.66,3.65,2.1,3.76,3.79
2024-08-31,2024,West Ham,Man City,1.0,3.0,A,10.0,23.0,2.0,8.0,7.57,5.49,1.38,8.0,5.8,1.41
2024-09-01,2024,Chelsea,Crystal Palace,1.0,1.0,D,13.0,9.0,7.0,3.0,1.63,4.4,5.01,1.68,4.55,5.2
2024-09-01,2024,Man United,Liverpool,0.0,3.0,A,8.0,11.0,3.0,3.0,3.82,4.2,1.85,4.0,4.4,1.9
2024-09-01,2024,Newcastle,Tottenham,2.0,1.0,H,9.0,20.0,3.0,6.0,2.51,3.97,2.56,2.56,4.12,2.63
2024-09-14,2024,Aston Villa,Everton,3.0,2.0,H,17.0,6.0,8.0,2.0,1.51,4.48,6.34,1.55,4.65,6.7
2024-09-14,2024,Bournemouth,Chelsea,0.0,1.0,A,19.0,10.0,7.0,3.0,3.33,3.96,2.05,3.45,4.12,2.09
2024-09-14,2024,Brighton,Ipswich,0.0,0.0,D,21.0,6.0,6.0,1.0,1.38,5.16,7.89,1.41,5.4,8.5
2024-09-14,2024,Crystal Palace,Leicester,2.0,2.0,D,20.0,9.0,4.0,4.0,1.63,4.14,5.38,1.66,4.3,5.6
2024-09-14,2024,Fulham,West Ham,1.0,1.0,D,21.0,11.0,5.0,3.0,2.42,3.48,2.92,2.5,3.6,3.03
2024-09-14,2024,Liverpool,Nott'm Forest,0.0,1.0,A,14.0,5.0,5.0,3.0,1.22,7.03,12.4,1.25,7.7,13.0
2024-09-14,2024,Man City,Brentford,2.0,1.0,H,18.0,8.0,7.0,5.0,1.17,8.2,14.79,1.21,9.2,17.0
2024-09-14,2024,Southampton,Man United,0.0,3.0,A,6.0,20.0,4.0,10.0,4.56,4.04,1.74,4.83,4.2,1.79
2024-09-15,2024,Tottenham,Arsenal,0.0,1.0,A,15.0,7.0,5.0,4.0,2.99,3.59,2.33,3.13,3.75,2.4
2024-09-15,2024,Wolves,Newcastle,1.0,2.0,A,12.0,14.0,5.0,6.0,3.36,3.69,2.11,3.48,3.8,2.18
2024-09-21,2024,Aston Villa,Wolves,3.0,1.0,H,9.0,10.0,4.0,4.0,1.59,4.39,5.35,1.62,4.6,5.6
2024-09-21,2024,Crystal Palace,Man United,0.0,0.0,D,9.0,15.0,4.0,6.0,2.85,3.72,2.36,2.96,3.88,2.42
2024-09-21,2024,Fulham,Newcastle,3.0,1.0,H,22.0,15.0,11.0,4.0,2.86,3.51,2.45,3.0,3.61,2.52
2024-09-21,2024,Leicester,Everton,1.0,1.0,D,12.0,16.0,2.0,5.0,2.52,3.44,2.82,2.58,3.6,2.92
2024-09-21,2024,Liverpool,Bournemouth,3.0,0.0,H,19.0,19.0,13.0,6.0,1.29,6.31,9.35,1.31,6.7,10.0
2024-09-21,2024,Southampton,Ipswich,1.0,1.0,D,11.0,13.0,3.0,6.0,2.25,3.52,3.17,2.3,3.7,3.27
2024-09-21,2024,Tottenham,Brentford,3.0,1.0,H,23.0,6.0,10.0,6.0,1.55,4.72,5.41,1.58,5.0,5.6
2024-09-21,2024,West Ham,Chelsea,0.0,3.0,A,15.0,12.0,7.0,5.0,3.49,3.89,2.01,3.71,4.0,2.05
2024-09-22,2024,Brighton,Nott'm Forest,2.0,2.0,D,14.0,4.0,3.0,3.0,1.86,3.83,4.21,2.44,3.99,4.75
2024-09-22,2024,Man City,Arsenal,2.0,2.0,D,33.0,5.0,11.0,3.0,1.83,3.62,4.52,1.87,3.75,4.75
2024-09-28,2024,Arsenal,Leicester,4.0,2.0,H,36.0,5.0,16.0,3.0,1.18,7.82,15.12,1.21,8.8,18.0
2024-09-28,2024,Brentford,West Ham,1.0,1.0,D,8.0,19.0,3.0,3.0,2.23,3.62,3.16,2.27,3.82,3.26
2024-09-28,2024,Chelsea,Brighton,4.0,2.0,H,15.0,15.0,7.0,5.0,1.74,4.23,4.35,1.77,4.35,4.5
2024-09-28,2024,Everton,Crystal Palace,2.0,1.0,H,8.0,17.0,2.0,5.0,2.73,3.39,2.63,2.8,3.59,2.71
2024-09-28,2024,Newcastle,Man City,1.0,1.0,D,11.0,16.0,4.0,6.0,5.09,4.47,1.61,5.3,4.7,1.63
2024-09-28,2024,Nott'm Forest,Fulham,0.0,1.0,A,11.0,14.0,1.0,2.0,2.4,3.34,3.07,2.51,3.52,3.23
2024-09-28,2024,Wolves,Liverpool,1.0,2.0,A,8.0,10.0,3.0,6.0,8.05,5.55,1.35,8.5,5.9,1.38
2024-09-29,2024,Ipswich,Aston Villa,2.0,2.0,D,15.0,7.0,5.0,3.0,4.15,3.77,1.87,4.4,4.0,1.91
2024-09-29,2024,Man United,Tottenham,0.0,3.0,A,11.0,24.0,2.0,10.0,2.36,3.89,2.77,2.42,4.13,2.8
2024-09-30,2024,Bournemouth,Southampton,3.0,1.0,H,14.0,9.0,6.0,3.0,1.65,4.29,4.91,1.68,4.53,5.25
2024-10-05,2024,Arsenal,Southampton,3.0,1.0,H,29.0,8.0,6.0,2.0,1.14,9.2,18.63,1.16,10.0,21.0
2024-10-05,2024,Brentford,Wolves,5.0,3.0,H,19.0,17.0,12.0,6.0,2.09,3.64,3.47,2.14,3.75,3.7
2024-10-05,2024,Crystal Palace,Liverpool,0.0,1.0,A,9.0,16.0,5.0,4.0,6.36,4.65,1.49,6.67,4.9,1.52
2024-10-05,2024,Everton,Newcastle,0.0,0.0,D,8.0,14.0,2.0,3.0,3.15,3.62,2.23,3.25,3.77,2.29
2024-10-05,2024,Leicester,Bournemouth,1.0,0.0,H,6.0,17.0,2.0,2.0,3.24,3.66,2.17,3.4,3.81,2.22
2024-10-05,2024,Man City,Fulham,3.0,2.0,H,20.0,11.0,7.0,4.0,1.24,6.85,11.11,1.27,7.6,12.0
2024-10-05,2024,West Ham,Ipswich,4.0,1.0,H,23.0,9.0,13.0,2.0,1.8,3.96,4.25,1.86,4.1,4.45
2024-10-06,2024,Aston Villa,Man United,0.0,0.0,D,11.0,10.0,1.0,4.0,2.21,3.82,3.06,2.25,3.99,3.2
2024-10-06,2024,Brighton,Tottenham,3.0,2.0,H,11.0,13.0,4.0,3.0,2.9,4.01,2.23,2.99,4.18,2.28
2024-10-06,2024,Chelsea,Nott'm Forest,1.0,1.0,D,22.0,16.0,8.0,9.0,1.48,4.73,6.32,1.52,4.95,7.0
2024-10-19,2024,Bournemouth,Arsenal,2.0,0.0,H,13.0,6.0,4.0,1.0,4.94,4.09,1.68,5.1,4.23,1.71
2024-10-19,2024,Fulham,Aston Villa,1.0,3.0,A,10.0,14.0,4.0,5.0,2.44,3.5,2.89,2.5,3.71,2.98
2024-10-19,2024,Ipswich,Everton,0.0,2.0,A,13.0,11.0,2.0,8.0,2.4,3.42,3.01,2.42,3.5,3.11
2024-10-19,2024,Man United,Brentford,2.0,1.0,H,23.0,8.0,11.0,2.0,1.71,4.28,4.48,1.75,4.5,4.75
2024-10-19,2024,Newcastle,Brighton,0.0,1.0,A,21.0,10.0,6.0,5.0,2.01,3.88,3.51,2.05,4.08,3.66
2024-10-19,2024,Southampton,Leicester,2.0,3.0,A,14.0,18.0,7.0,4.0,2.33,3.54,3.03,2.38,3.63,3.14
2024-10-19,2024,Tottenham,West Ham,4.0,1.0,H,22.0,11.0,7.0,4.0,1.5,4.91,5.73,1.54,5.1,6.0
2024-10-20,2024,Liverpool,Chelsea,2.0,1.0,H,9.0,12.0,5.0,2.0,1.63,4.39,4.89,1.67,4.69,5.1
2024-10-20,2024,Wolves,Man City,1.0,2.0,A,3.0,22.0,2.0,7.0,8.88,5.85,1.31,9.8,6.0,1.34
2024-10-21,2024,Nott'm Forest,Crystal Palace,1.0,0.0,H,20.0,20.0,6.0,7.0,2.36,3.31,3.11,2.41,3.5,3.21
2024-10-25,2024,Leicester,Nott'm Forest,1.0,3.0,A,11.0,20.0,1.0,5.0,3.09,3.32,2.41,3.2,3.45,2.45
2024-10-26,2024,Aston Villa,Bournemouth,1.0,1.0,D,18.0,11.0,8.0,3.0,1.86,3.97,3.97,1.9,4.1,4.1
2024-10-26,2024,Brentford,Ipswich,4.0,3.0,H,20.0,11.0,9.0,5.0,1.67,4.27,4.86,1.71,4.4,5.1
2024-10-26,2024,Brighton,Wolves,2.0,2.0,D,19.0,14.0,6.0,7.0,1.64,4.32,4.94,1.68,4.5,5.1
2024-10-26,2024,Everton,Fulham,1.0,1.0,D,10.0,14.0,5.0,3.0,2.76,3.37,2.6,2.83,3.45,2.66
2024-10-26,2024,Man City,Southampton,1.0,0.0,H,22.0,5.0,8.0,2.0,1.11,10.94,21.04,1.13,13.0,26.0
2024-10-27,2024,Arsenal,Liverpool,2.0,2.0,D,9.0,9.0,3.0,4.0,2.49,3.37,2.89,2.54,3.59,2.96
2024-10-27,2024,Chelsea,Newcastle,2.0,1.0,H,17.0,11.0,7.0,3.0,1.76,4.26,4.15,1.82,4.43,4.3
2024-10-27,2024,Crystal Palace,Tottenham,1.0,0.0,H,14.0,11.0,6.0,3.0,3.97,3.97,1.85,4.1,4.13,1.88
2024-10-27,2024,West Ham,Man United,2.0,1.0,H,12.0,18.0,3.0,5.0,2.89,3.71,2.33,2.98,3.98,2.38
2024-11-02,2024,Bournemouth,Man City,2.0,1.0,H,12.0,18.0,6.0,4.0,5.32,4.44,1.59,5.5,4.6,1.62
2024-11-02,2024,Ipswich,Leicester,1.0,1.0,D,14.0,20.0,2.0,6.0,2.27,3.61,3.09,2.3,3.77,3.18
2024-11-02,2024,Liverpool,Brighton,2.0,1.0,H,16.0,13.0,8.0,5.0,1.39,5.4,7.12,1.43,5.8,7.5
2024-11-02,2024,Newcastle,Arsenal,1.0,0.0,H,9.0,10.0,4.0,1.0,3.77,3.69,1.98,3.88,3.8,2.03
2024-11-02,2024,Nott'm Forest,West Ham,3.0,0.0,H,19.0,4.0,6.0,2.0,2.15,3.52,3.43,2.2,3.69,3.58
2024-11-02,2024,Southampton,Everton,1.0,0.0,H,9.0,16.0,2.0,5.0,2.65,3.48,2.66,2.7,3.63,2.75
2024-11-02,2024,Wolves,Crystal Palace,2.0,2.0,D,11.0,19.0,6.0,7.0,2.53,3.4,2.85,2.61,3.59,2.92
2024-11-03,2024,Man United,Chelsea,1.0,1.0,D,11.0,12.0,4.0,3.0,2.58,3.78,2.56,2.63,4.06,2.61
2024-11-03,2024,Tottenham,Aston Villa,4.0,1.0,H,16.0,12.0,6.0,1.0,1.93,4.07,3.55,1.98,4.28,3.71
2024-11-04,2024,Fulham,Brentford,2.0,1.0,H,26.0,5.0,12.0,2.0,2.03,3.73,3.52,2.08,3.9,3.61
2024-11-09,2024,Brentford,Bournemouth,3.0,2.0,H,12.0,15.0,6.0,3.0,2.53,3.59,2.72,2.61,3.7,2.8
2024-11-09,2024,Brighton,Man City,2.0,1.0,H,10.0,15.0,4.0,6.0,4.34,4.17,1.75,4.6,4.33,1.8
2024-11-09,2024,Crystal Palace,Fulham,0.0,2.0,A,13.0,17.0,5.0,7.0,2.7,3.48,2.61,2.82,3.73,2.7
2024-11-09,2024,Liverpool,Aston Villa,2.0,0.0,H,14.0,12.0,5.0,2.0,1.42,5.26,6.7,1.45,5.5,7.4
2024-11-09,2024,West Ham,Everton,0.0,0.0,D,11.0,18.0,6.0,4.0,2.18,3.47,3.38,2.23,3.71,3.5
2024-11-09,2024,Wolves,Southampton,2.0,0.0,H,8.0,9.0,4.0,0.0,1.96,3.84,3.67,2.01,4.13,3.8
2024-11-10,2024,Chelsea,Arsenal,1.0,1.0,D,17.0,13.0,3.0,3.0,2.75,3.49,2.53,2.8,3.72,2.59
2024-11-10,2024,Man United,Leicester,3.0,0.0,H,13.0,6.0,3.0,5.0,1.39,5.35,7.46,1.43,5.6,8.0
2024-11-10,2024,Nott'm Forest,Newcastle,1.0,3.0,A,9.0,17.0,3.0,6.0,2.69,3.31,2.72,2.75,3.57,2.82
2024-11-10,2024,Tottenham,Ipswich,1.0,2.0,A,17.0,8.0,5.0,3.0,1.26,6.76,9.98,1.27,7.3,11.0
2024-11-23,2024,Arsenal,Nott'm Forest,3.0,0.0,H,19.0,7.0,7.0,0.0,1.37,4.97,8.9,1.43,5.2,9.69
2024-11-23,2024,Aston Villa,Crystal Palace,2.0,2.0,D,17.0,13.0,5.0,6.0,1.63,4.11,5.45,1.68,4.28,5.7
2024-11-23,2024,Bournemouth,Brighton,1.0,2.0,A,19.0,6.0,5.0,4.0,2.41,3.62,2.86,2.45,3.75,2.99
2024-11-23,2024,Everton,Brentford,0.0,0.0,D,27.0,9.0,5.0,2.0,2.46,3.41,2.94,2.52,3.62,3.11
2024-11-23,2024,Fulham,Wolves,1.0,4.0,A,10.0,10.0,3.0,5.0,1.65,4.09,5.23,1.71,4.28,6.14
2024-11-23,2024,Leicester,Chelsea,1.0,2.0,A,4.0,16.0,1.0,7.0,6.75,4.81,1.46,7.44,5.03,1.5
2024-11-23,2024,Man City,Tottenham,0.0,4.0,A,23.0,9.0,5.0,7.0,1.49,5.01,5.92,1.52,5.29,6.36
2024-11-24,2024,Ipswich,Man United,1.0,1.0,D,11.0,11.0,6.0,4.0,5.06,4.22,1.63,5.3,4.48,1.68
2024-11-24,2024,Southampton,Liverpool,2.0,3.0,A,7.0,27.0,5.0,11.0,10.4,5.96,1.28,11.0,6.4,1.32
2024-11-25,2024,Newcastle,West Ham,0.0,2.0,A,18.0,15.0,2.0,6.0,1.5,4.57,6.21,1.54,4.79,6.6
2024-11-29,2024,Brighton,Southampton,1.0,1.0,D,22.0,10.0,5.0,2.0,1.39,5.29,7.57,1.43,5.5,8.0
2024-11-30,2024,Brentford,Leicester,4.0,1.0,H,13.0,7.0,6.0,3.0,1.66,4.24,4.87,1.68,4.4,5.1
2024-11-30,2024,Crystal Palace,Newcastle,1.0,1.0,D,16.0,1.0,4.0,0.0,3.04,3.56,2.3,3.21,4.1,2.36
2024-11-30,2024,Nott'm Forest,Ipswich,1.0,0.0,H,12.0,7.0,5.0,3.0,1.75,3.82,4.79,1.81,4.0,5.06
2024-11-30,2024,West Ham,Arsenal,2.0,5.0,A,12.0,16.0,5.0,7.0,7.09,4.68,1.46,7.5,4.9,1.49
2024-11-30,2024,Wolves,Bournemouth,2.0,4.0,A,10.0,12.0,3.0,8.0,2.81,3.61,2.44,2.93,3.81,2.5
2024-12-01,2024,Chelsea,Aston Villa,3.0,0.0,H,17.0,10.0,8.0,4.0,1.71,4.21,4.51,1.75,4.35,4.7
2024-12-01,2024,Liverpool,Man City,2.0,0.0,H,18.0,8.0,7.0,2.0,2.09,3.7,3.37,2.14,3.8,3.55
2024-12-01,2024,Man United,Everton,4.0,0.0,H,11.0,8.0,5.0,2.0,1.54,4.33,6.08,1.56,4.5,6.5
2024-12-01,2024,Tottenham,Fulham,1.0,1.0,D,8.0,14.0,3.0,6.0,1.72,4.35,4.24,1.77,4.5,4.4
2024-12-03,2024,Ipswich,Crystal Palace,0.0,1.0,A,9.0,13.0,2.0,3.0,3.09,3.37,2.38,3.2,3.54,2.44
2024-12-03,2024,Leicester,West Ham,3.0,1.0,H,8.0,31.0,6.0,10.0,2.9,3.44,2.47,2.95,3.67,2.57
2024-12-04,2024,Arsenal,Man United,2.0,0.0,H,14.0,5.0,6.0,2.0,1.46,4.73,6.92,1.49,5.0,7.2
2024-12-04,2024,Aston Villa,Brentford,3.0,1.0,H,20.0,9.0,10.0,1.0,1.8,4.01,4.24,1.84,4.21,4.53
2024-12-04,2024,Everton,Wolves,4.0,0.0,H,13.0,6.0,4.0,2.0,2.14,3.46,3.51,2.18,3.59,3.62
2024-12-04,2024,Man City,Nott'm Forest,3.0,0.0,H,17.0,12.0,7.0,3.0,1.37,5.21,8.25,1.41,5.5,9.0
2024-12-04,2024,Newcastle,Liverpool,3.0,3.0,D,17.0,16.0,6.0,5.0,4.27,4.04,1.78,4.5,4.22,1.81
2024-12-04,2024,Southampton,Chelsea,1.0,5.0,A,6.0,26.0,4.0,13.0,8.39,5.64,1.34,9.0,6.0,1.37
2024-12-05,2024,Bournemouth,Tottenham,1.0,0.0,H,21.0,12.0,8.0,4.0,2.65,3.92,2.42,2.75,4.12,2.5
2024-12-05,2024,Fulham,Brighton,3.0,1.0,H,6.0,13.0,2.0,3.0,2.33,3.65,2.92,2.4,3.82,3.04
2024-12-07,2024,Aston Villa,Southampton,1.0,0.0,H,18.0,4.0,5.0,0.0,1.37,5.41,7.78,1.39,5.6,8.1
2024-12-07,2024,Brentford,Newcastle,4.0,2.0,H,11.0,16.0,8.0,3.0,2.86,3.74,2.36,2.94,3.85,2.41
2024-12-07,2024,Crystal Palace,Man City,2.0,2.0,D,12.0,12.0,3.0,4.0,5.39,4.33,1.6,5.5,4.5,1.63
2024-12-07,2024,Man United,Nott'm Forest,2.0,3.0,A,17.0,11.0,7.0,3.0,1.67,4.05,5.12,1.7,4.2,5.4
2024-12-08,2024,Fulham,Arsenal,1.0,1.0,D,2.0,12.0,2.0,4.0,5.4,4.24,1.61,6.0,4.35,1.65
2024-12-08,2024,Ipswich,Bournemouth,1.0,2.0,A,18.0,22.0,5.0,6.0,3.57,3.73,2.02,3.71,3.8,2.06
2024-12-08,2024,Leicester,Brighton,2.0,2.0,D,10.0,16.0,3.0,7.0,4.48,4.02,1.75,4.69,4.2,1.8
2024-12-08,2024,Tottenham,Chelsea,3.0,4.0,A,13.0,17.0,5.0,8.0,3.21,4.04,2.07,3.4,4.2,2.17
2024-12-09,2024,West Ham,Wolves,2.0,1.0,H,19.0,19.0,4.0,5.0,1.91,3.85,3.81,1.96,3.95,4.0
2024-12-14,2024,Arsenal,Everton,0.0,0.0,D,13.0,2.0,5.0,0.0,1.23,6.33,13.36,1.26,6.63,15.0
2024-12-14,2024,Liverpool,Fulham,2.0,2.0,D,16.0,12.0,4.0,3.0,1.32,5.75,8.89,1.34,6.04,10.0
2024-12-14,2024,Newcastle,Leicester,4.0,0.0,H,27.0,4.0,11.0,1.0,1.31,5.83,9.08,1.34,6.06,10.0
2024-12-14,2024,Nott'm Forest,Aston Villa,2.0,1.0,H,17.0,8.0,6.0,2.0,2.64,3.39,2.68,2.68,3.59,2.78
2024-12-14,2024,Wolves,Ipswich,1.0,2.0,A,16.0,10.0,6.0,5.0,1.9,3.83,3.85,1.93,3.96,4.0
2024-12-15,2024,Brighton,Crystal Palace,1.0,3.0,A,17.0,13.0,5.0,5.0,1.89,3.82,3.9,1.93,3.94,4.05
2024-12-15,2024,Chelsea,Brentford,2.0,1.0,H,26.0,9.0,8.0,4.0,1.33,5.89,8.08,1.36,6.2,9.0
2024-12-15,2024,Man City,Man United,1.0,2.0,A,10.0,10.0,3.0,3.0,1.58,4.59,5.04,1.61,4.8,5.25
2024-12-15,2024,Southampton,Tottenham,0.0,5.0,A,9.0,18.0,3.0,9.0,4.29,4.47,1.69,4.47,4.68,1.73
2024-12-16,2024,Bournemouth,West Ham,1.0,1.0,D,29.0,16.0,9.0,3.0,1.71,4.19,4.43,1.75,4.4,4.75
2024-12-21,2024,Aston Villa,Man City,2.0,1.0,H,11.0,12.0,6.0,6.0,3.29,3.71,2.12,3.42,3.8,2.18
2024-12-21,2024,Brentford,Nott'm Forest,0.0,2.0,A,7.0,10.0,3.0,6.0,2.35,3.52,2.99,2.4,3.67,3.1
2024-12-21,2024,Crystal Palace,Arsenal,1.0,5.0,A,15.0,14.0,6.0,6.0,6.08,4.11,1.57,6.8,4.33,1.61
2024-12-21,2024,Ipswich,Newcastle,0.0,4.0,A,10.0,15.0,2.0,7.0,4.61,3.95,1.74,4.75,4.06,1.77
2024-12-21,2024,West Ham,Brighton,1.0,1.0,D,11.0,12.0,4.0,6.0,2.8,3.75,2.38,2.88,3.87,2.43
2024-12-22,2024,Everton,Chelsea,0.0,0.0,D,5.0,12.0,4.0,5.0,5.18,4.13,1.63,5.52,4.33,1.67
2024-12-22,2024,Fulham,Southampton,0.0,0.0,D,16.0,5.0,5.0,1.0,1.42,4.96,7.21,1.45,5.1,7.6
2024-12-22,2024,Leicester,Wolves,0.0,3.0,A,9.0,8.0,5.0,4.0,2.55,3.56,2.69,2.63,3.71,2.75
2024-12-22,2024,Man United,Bournemouth,0.0,3.0,A,23.0,10.0,7.0,5.0,1.85,3.88,4.07,1.89,4.06,4.25
2024-12-22,2024,Tottenham,Liverpool,3.0,6.0,A,9.0,24.0,5.0,12.0,4.29,4.33,1.72,4.5,4.64,1.76
2024-12-26,2024,Bournemouth,Crystal Palace,0.0,0.0,D,18.0,10.0,4.0,4.0,1.9,3.77,3.87,1.95,3.92,4.2
2024-12-26,2024,Chelsea,Fulham,1.0,2.0,A,12.0,14.0,8.0,7.0,1.47,4.88,6.15,1.52,5.1,6.75
2024-12-26,2024,Liverpool,Leicester,3.0,1.0,H,19.0,4.0,7.0,1.0,1.08,12.4,25.35,1.1,13.84,34.0
2024-12-26,2024,Man City,Everton,1.0,1.0,D,24.0,8.0,5.0,3.0,1.34,5.46,8.59,1.37,5.73,9.4
2024-12-26,2024,Newcastle,Aston Villa,3.0,0.0,H,22.0,4.0,8.0,1.0,1.93,3.91,3.66,1.97,4.02,3.8
2024-12-26,2024,Nott'm Forest,Tottenham,1.0,0.0,H,10.0,13.0,3.0,4.0,2.35,3.74,2.82,2.42,3.85,2.9
2024-12-26,2024,Southampton,West Ham,0.0,1.0,A,18.0,16.0,5.0,2.0,3.24,3.56,2.18,3.37,3.7,2.22
2024-12-26,2024,Wolves,Man United,2.0,0.0,H,7.0,11.0,4.0,4.0,3.8,3.7,1.94,3.99,3.8,2.0
2024-12-27,2024,Arsenal,Ipswich,1.0,0.0,H,13.0,3.0,5.0,0.0,1.16,8.37,17.31,1.18,9.0,20.05
2024-12-27,2024,Brighton,Brentford,0.0,0.0,D,24.0,8.0,7.0,3.0,1.64,4.44,4.89,1.66,4.64,5.1
2024-12-29,2024,Crystal Palace,Southampton,2.0,1.0,H,19.0,7.0,10.0,3.0,1.61,4.11,5.42,1.66,4.25,5.8
2024-12-29,2024,Everton,Nott'm Forest,0.0,2.0,A,13.0,11.0,2.0,7.0,2.64,3.16,2.83,2.71,3.24,2.9
2024-12-29,2024,Fulham,Bournemouth,2.0,2.0,D,11.0,16.0,6.0,9.0,2.35,3.58,2.91,2.4,3.77,3.0
2024-12-29,2024,Leicester,Man City,0.0,2.0,A,11.0,14.0,4.0,5.0,7.92,5.62,1.34,8.8,5.9,1.37
2024-12-29,2024,Tottenham,Wolves,2.0,2.0,D,13.0,11.0,3.0,3.0,1.61,4.77,4.56,1.66,5.0,4.75
2024-12-29,2024,West Ham,Liverpool,0.0,5.0,A,7.0,22.0,0.0,13.0,7.04,5.21,1.4,7.5,5.5,1.43
2024-12-30,2024,Aston Villa,Brighton,2.0,2.0,D,20.0,13.0,4.0,4.0,1.94,3.86,3.61,1.99,4.02,3.8
2024-12-30,2024,Ipswich,Chelsea,2.0,0.0,H,9.0,20.0,6.0,5.0,6.87,5.02,1.41,7.83,5.4,1.46
2024-12-30,2024,Man United,Newcastle,0.0,2.0,A,10.0,12.0,0.0,4.0,2.7,3.61,2.49,2.8,3.81,2.55
2025-01-01,2024,Brentford,Arsenal,1.0,3.0,A,5.0,14.0,2.0,5.0,6.67,4.8,1.44,7.2,5.0,1.49
2025-01-04,2024,Aston Villa,Leicester,2.0,1.0,H,13.0,4.0,5.0,2.0,1.32,5.51,9.16,1.35,5.86,10.5
2025-01-04,2024,Bournemouth,Everton,1.0,0.0,H,19.0,9.0,8.0,0.0,1.75,3.82,4.71,1.8,3.99,5.0
2025-01-04,2024,Brighton,Arsenal,1.0,1.0,D,11.0,9.0,4.0,3.0,4.36,3.83,1.8,4.7,4.01,1.84
2025-01-04,2024,Crystal Palace,Chelsea,1.0,1.0,D,13.0,15.0,6.0,1.0,3.65,3.88,1.95,3.8,4.02,1.98
2025-01-04,2024,Man City,West Ham,4.0,1.0,H,10.0,17.0,7.0,4.0,1.31,6.09,8.3,1.34,6.5,9.0
2025-01-04,2024,Southampton,Brentford,0.0,5.0,A,8.0,20.0,1.0,11.0,2.78,3.54,2.48,3.0,3.81,2.55
2025-01-04,2024,Tottenham,Newcastle,1.0,2.0,A,13.0,14.0,4.0,4.0,2.88,3.94,2.24,3.0,4.06,2.31
2025-01-05,2024,Fulham,Ipswich,2.0,2.0,D,15.0,7.0,4.0,3.0,1.56,4.34,5.68,1.6,4.46,6.25
2025-01-05,2024,Liverpool,Man United,2.0,2.0,D,19.0,13.0,6.0,4.0,1.29,6.05,9.49,1.3,6.5,11.0
2025-01-06,2024,Wolves,Nott'm Forest,0.0,3.0,A,13.0,11.0,6.0,3.0,3.22,3.22,2.33,3.44,3.35,2.42
2025-01-14,2024,Brentford,Man City,2.0,2.0,D,18.0,21.0,6.0,8.0,4.76,4.47,1.64,5.09,4.74,1.67
2025-01-14,2024,Chelsea,Bournemouth,2.0,2.0,D,26.0,7.0,10.0,3.0,1.5,4.81,5.92,1.61,4.99,6.4
2025-01-14,2024,Nott'm Forest,Liverpool,1.0,1.0,D,6.0,23.0,3.0,7.0,5.14,4.16,1.64,5.4,4.38,1.67
2025-01-14,2024,West Ham,Fulham,3.0,2.0,H,4.0,21.0,3.0,5.0,2.97,3.43,2.41,3.05,3.54,2.49
2025-01-15,2024,Arsenal,Tottenham,2.0,1.0,H,14.0,10.0,4.0,2.0,1.4,5.29,6.86,1.43,5.6,7.23
2025-01-15,2024,Everton,Aston Villa,0.0,1.0,A,10.0,11.0,3.0,3.0,3.2,3.24,2.35,3.3,3.35,2.39
2025-01-15,2024,Leicester,Crystal Palace,0.0,2.0,A,21.0,9.0,4.0,4.0,3.88,3.73,1.92,4.01,3.94,1.96
2025-01-15,2024,Newcastle,Wolves,3.0,0.0,H,17.0,13.0,5.0,7.0,1.35,5.54,8.08,1.38,5.9,9.0
2025-01-16,2024,Ipswich,Brighton,0.0,2.0,A,5.0,11.0,3.0,5.0,3.8,3.73,1.94,3.9,3.92,1.98
2025-01-16,2024,Man United,Southampton,3.0,1.0,H,23.0,13.0,9.0,5.0,1.3,5.79,9.4,1.33,6.0,10.5
2025-01-18,2024,Arsenal,Aston Villa,2.0,2.0,D,18.0,8.0,6.0,4.0,1.51,4.35,6.45,1.55,4.5,7.0
2025-01-18,2024,Brentford,Liverpool,0.0,2.0,A,11.0,37.0,6.0,8.0,6.43,5.15,1.43,7.0,5.35,1.49
2025-01-18,2024,Leicester,Fulham,0.0,2.0,A,8.0,17.0,4.0,2.0,4.17,3.81,1.84,4.4,4.05,1.9
2025-01-18,2024,Newcastle,Bournemouth,1.0,4.0,A,13.0,19.0,5.0,10.0,1.64,4.3,4.93,1.67,4.49,5.2
2025-01-18,2024,West Ham,Crystal Palace,0.0,2.0,A,7.0,12.0,0.0,7.0,2.62,3.41,2.69,2.71,3.53,2.75
2025-01-19,2024,Everton,Tottenham,3.0,2.0,H,12.0,11.0,6.0,6.0,2.91,3.51,2.41,3.0,3.77,2.5
2025-01-19,2024,Ipswich,Man City,0.0,6.0,A,8.0,17.0,4.0,9.0,7.72,5.36,1.36,9.0,5.6,1.41
2025-01-19,2024,Man United,Brighton,1.0,3.0,A,10.0,6.0,1.0,3.0,2.09,3.71,3.36,2.13,3.85,3.5
2025-01-19,2024,Nott'm Forest,Southampton,3.0,2.0,H,14.0,10.0,5.0,4.0,1.39,4.86,8.03,1.42,5.1,8.5
2025-01-20,2024,Chelsea,Wolves,3.0,1.0,H,19.0,9.0,7.0,4.0,1.37,5.51,7.3,1.41,5.8,8.5
2025-01-25,2024,Bournemouth,Nott'm Forest,5.0,0.0,H,16.0,18.0,10.0,4.0,2.09,3.64,3.42,2.14,3.75,3.5
2025-01-25,2024,Brighton,Everton,0.0,1.0,A,16.0,3.0,1.0,1.0,1.67,3.86,5.39,1.7,4.04,5.72
2025-01-25,2024,Liverpool,Ipswich,4.0,1.0,H,16.0,3.0,6.0,3.0,1.1,11.04,20.87,1.13,13.0,27.0
2025-01-25,2024,Man City,Chelsea,3.0,1.0,H,15.0,10.0,6.0,4.0,2.03,4.03,3.29,2.08,4.22,3.4
2025-01-25,2024,Southampton,Newcastle,1.0,3.0,A,12.0,17.0,5.0,9.0,6.82,5.09,1.42,7.5,5.3,1.47
2025-01-25,2024,Wolves,Arsenal,0.0,1.0,A,9.0,9.0,4.0,3.0,6.85,4.65,1.46,7.5,4.8,1.5
2025-01-26,2024,Aston Villa,West Ham,1.0,1.0,D,14.0,14.0,4.0,4.0,1.55,4.39,5.81,1.58,4.6,6.0
2025-01-26,2024,Crystal Palace,Brentford,1.0,2.0,A,16.0,13.0,5.0,6.0,2.06,3.68,3.47,2.09,3.82,3.62
2025-01-26,2024,Fulham,Man United,0.0,1.0,A,9.0,4.0,3.0,1.0,2.31,3.44,3.1,2.38,3.65,3.18
2025-01-26,2024,Tottenham,Leicester,1.0,2.0,A,15.0,12.0,6.0,3.0,1.46,5.21,5.89,1.49,5.5,6.25
2025-02-01,2024,Bournemouth,Liverpool,0.0,2.0,A,14.0,19.0,3.0,7.0,4.56,4.32,1.68,4.75,4.48,1.71
2025-02-01,2024,Everton,Leicester,4.0,0.0,H,13.0,9.0,7.0,1.0,1.79,3.67,4.67,1.81,3.85,5.0
2025-02-01,2024,Ipswich,Southampton,1.0,2.0,A,15.0,9.0,6.0,4.0,1.98,3.67,3.74,2.02,3.9,3.95
2025-02-01,2024,Newcastle,Fulham,1.0,2.0,A,11.0,15.0,4.0,4.0,1.71,4.07,4.66,1.73,4.25,5.1
2025-02-01,2024,Nott'm Forest,Brighton,7.0,0.0,H,14.0,10.0,9.0,5.0,2.44,3.46,2.89,2.48,3.57,2.99
2025-02-01,2024,Wolves,Aston Villa,2.0,0.0,H,8.0,10.0,5.0,3.0,3.36,3.58,2.14,3.5,3.81,2.18
2025-02-02,2024,Arsenal,Man City,5.0,1.0,H,12.0,7.0,7.0,4.0,1.97,3.58,3.83,2.01,3.75,4.08
2025-02-02,2024,Brentford,Tottenham,0.0,2.0,A,20.0,13.0,4.0,2.0,2.11,3.97,3.1,2.16,4.33,3.25
2025-02-02,2024,Man United,Crystal Palace,0.0,2.0,A,17.0,11.0,2.0,3.0,2.04,3.48,3.71,2.08,3.59,3.85
2025-02-03,2024,Chelsea,West Ham,2.0,1.0,H,22.0,14.0,3.0,5.0,1.36,5.54,7.58,1.39,5.92,8.0
2025-02-12,2024,Everton,Liverpool,2.0,2.0,D,10.0,6.0,3.0,4.0,7.36,4.71,1.44,8.0,4.9,1.46
2025-02-14,2024,Brighton,Chelsea,3.0,0.0,H,13.0,8.0,5.0,0.0,2.85,3.6,2.43,3.0,3.83,2.51
2025-02-15,2024,Aston Villa,Ipswich,1.0,1.0,D,25.0,4.0,6.0,3.0,1.41,4.96,7.45,1.43,5.2,8.2
2025-02-15,2024,Crystal Palace,Everton,1.0,2.0,A,17.0,11.0,6.0,6.0,1.81,3.45,4.94,1.87,3.57,5.3
2025-02-15,2024,Fulham,Nott'm Forest,2.0,1.0,H,24.0,8.0,10.0,2.0,2.22,3.35,3.39,2.28,3.48,3.52
2025-02-15,2024,Leicester,Arsenal,0.0,2.0,A,6.0,11.0,2.0,5.0,9.45,5.29,1.34,10.5,5.6,1.36
2025-02-15,2024,Man City,Newcastle,4.0,0.0,H,11.0,3.0,7.0,1.0,1.97,4.07,3.44,2.01,4.2,3.55
2025-02-15,2024,Southampton,Bournemouth,1.0,3.0,A,11.0,14.0,4.0,7.0,5.83,4.64,1.52,6.2,4.9,1.55
2025-02-15,2024,West Ham,Brentford,0.0,1.0,A,13.0,14.0,3.0,5.0,2.41,3.64,2.82,2.49,3.77,2.9
2025-02-16,2024,Liverpool,Wolves,2.0,1.0,H,10.0,16.0,3.0,4.0,1.19,7.85,12.84,1.21,8.5,15.0
2025-02-16,2024,Tottenham,Man United,1.0,0.0,H,22.0,16.0,7.0,6.0,2.45,3.73,2.69,2.51,3.85,2.8
2025-02-19,2024,Aston Villa,Liverpool,2.0,2.0,D,9.0,17.0,4.0,3.0,3.93,4.0,1.85,4.1,4.17,1.9
2025-02-21,2024,Leicester,Brentford,0.0,4.0,A,8.0,14.0,3.0,6.0,3.7,3.86,1.96,3.81,4.01,2.0
2025-02-22,2024,Arsenal,West Ham,0.0,1.0,A,20.0,5.0,2.0,2.0,1.25,6.2,11.63,1.27,6.7,13.0
2025-02-22,2024,Aston Villa,Chelsea,2.0,1.0,H,12.0,15.0,6.0,7.0,2.62,3.7,2.56,2.67,3.84,2.63
2025-02-22,2024,Bournemouth,Wolves,0.0,1.0,A,8.0,13.0,3.0,5.0,1.56,4.45,5.5,1.6,4.6,5.8
2025-02-22,2024,Everton,Man United,2.0,2.0,D,9.0,9.0,8.0,3.0,2.55,3.2,2.96,2.61,3.3,3.05
2025-02-22,2024,Fulham,Crystal Palace,0.0,2.0,A,10.0,10.0,0.0,5.0,2.05,3.48,3.74,2.08,3.61,3.89
2025-02-22,2024,Ipswich,Tottenham,1.0,4.0,A,17.0,10.0,5.0,6.0,3.87,3.89,1.89,4.1,4.05,1.93
2025-02-22,2024,Southampton,Brighton,0.0,4.0,A,6.0,18.0,1.0,12.0,5.52,4.38,1.57,6.0,4.6,1.61
2025-02-23,2024,Man City,Liverpool,0.0,2.0,A,16.0,8.0,5.0,4.0,2.9,3.86,2.26,3.0,3.97,2.3
2025-02-23,2024,Newcastle,Nott'm Forest,4.0,3.0,H,13.0,17.0,5.0,5.0,1.81,3.96,4.11,1.85,4.12,4.5
2025-02-25,2024,Brighton,Bournemouth,2.0,1.0,H,11.0,19.0,4.0,5.0,2.06,3.81,3.43,2.11,3.96,3.58
2025-02-25,2024,Chelsea,Southampton,4.0,0.0,H,19.0,7.0,10.0,2.0,1.17,8.55,14.69,1.19,9.4,16.5
2025-02-25,2024,Crystal Palace,Aston Villa,4.0,1.0,H,19.0,6.0,6.0,2.0,2.55,3.38,2.83,2.61,3.45,2.91
2025-02-25,2024,Wolves,Fulham,1.0,2.0,A,18.0,11.0,5.0,5.0,2.71,3.34,2.69,2.75,3.45,2.75
2025-02-26,2024,Brentford,Everton,1.0,1.0,D,12.0,14.0,3.0,4.0,2.02,3.68,3.59,2.06,3.82,3.67
2025-02-26,2024,Liverpool,Newcastle,2.0,0.0,H,12.0,3.0,3.0,0.0,1.52,4.77,5.64,1.54,5.0,6.1
2025-02-26,2024,Man United,Ipswich,3.0,2.0,H,10.0,12.0,6.0,3.0,1.52,4.55,5.83,1.56,4.75,6.5
2025-02-26,2024,Nott'm Forest,Arsenal,0.0,0.0,D,6.0,13.0,2.0,1.0,3.94,3.48,1.98,4.1,3.6,2.02
2025-02-26,2024,Tottenham,Man City,0.0,1.0,A,11.0,12.0,6.0,5.0,3.22,4.09,2.04,3.35,4.25,2.1
2025-02-27,2024,West Ham,Leicester,2.0,0.0,H,8.0,10.0,2.0,2.0,1.63,4.15,5.17,1.65,4.33,5.4
2025-03-08,2024,Brentford,Aston Villa,0.0,1.0,A,13.0,12.0,3.0,4.0,2.26,3.8,2.95,2.29,3.99,3.08
2025-03-08,2024,Brighton,Fulham,2.0,1.0,H,9.0,6.0,4.0,1.0,1.99,3.62,3.77,2.04,3.75,3.98
2025-03-08,2024,Crystal Palace,Ipswich,1.0,0.0,H,19.0,15.0,4.0,8.0,1.48,4.55,6.74,1.5,4.75,7.2
2025-03-08,2024,Liverpool,Southampton,3.0,1.0,H,28.0,6.0,7.0,4.0,1.12,9.97,19.5,1.14,11.3,25.0
2025-03-08,2024,Nott'm Forest,Man City,1.0,0.0,H,9.0,14.0,4.0,3.0,3.88,3.89,1.89,4.02,4.02,1.92
2025-03-08,2024,Wolves,Everton,1.0,1.0,D,11.0,12.0,3.0,4.0,2.63,3.14,2.87,2.71,3.31,2.95
2025-03-09,2024,Chelsea,Leicester,1.0,0.0,H,20.0,3.0,7.0,3.0,1.2,7.67,12.34,1.22,8.4,15.5
2025-03-09,2024,Man United,Arsenal,1.0,1.0,D,10.0,17.0,6.0,6.0,5.41,3.58,1.72,6.0,3.81,1.75
2025-03-09,2024,Tottenham,Bournemouth,2.0,2.0,D,12.0,17.0,4.0,8.0,2.71,3.88,2.4,2.79,3.98,2.45
2025-03-10,2024,West Ham,Newcastle,0.0,1.0,A,9.0,9.0,2.0,3.0,3.21,3.57,2.19,3.34,3.83,2.23
2025-03-15,2024,Bournemouth,Brentford,1.0,2.0,A,17.0,10.0,5.0,4.0,1.76,4.16,4.25,1.8,4.3,4.4
2025-03-15,2024,Everton,West Ham,1.0,1.0,D,13.0,10.0,5.0,5.0,2.11,3.27,3.81,2.17,3.35,3.97
2025-03-15,2024,Ipswich,Nott'm Forest,2.0,4.0,A,11.0,11.0,4.0,6.0,3.8,3.59,1.99,3.93,3.71,2.05
2025-03-15,2024,Man City,Brighton,2.0,2.0,D,11.0,15.0,3.0,3.0,1.66,4.45,4.63,1.7,4.7,4.89
2025-03-15,2024,Southampton,Wolves,1.0,2.0,A,10.0,5.0,3.0,3.0,3.63,3.51,2.06,3.85,3.65,2.11
2025-03-16,2024,Arsenal,Chelsea,1.0,0.0,H,12.0,8.0,4.0,2.0,1.81,3.74,4.44,1.85,3.91,4.6
2025-03-16,2024,Fulham,Tottenham,2.0,0.0,H,13.0,12.0,4.0,4.0,2.01,3.84,3.48,2.1,4.04,3.65
2025-03-16,2024,Leicester,Man United,0.0,3.0,A,11.0,18.0,3.0,5.0,4.21,3.76,1.84,4.5,3.91,1.87
2025-04-01,2024,Arsenal,Fulham,2.0,1.0,H,17.0,9.0,4.0,3.0,1.48,4.2,7.73,1.52,4.5,9.0
2025-04-01,2024,Nott'm Forest,Man United,1.0,0.0,H,8.0,23.0,2.0,6.0,2.32,3.42,3.13,2.45,3.59,3.28
2025-04-01,2024,Wolves,West Ham,1.0,0.0,H,9.0,10.0,2.0,1.0,2.57,3.2,2.92,2.63,3.3,3.1
2025-04-02,2024,Bournemouth,Ipswich,1.0,2.0,A,24.0,10.0,7.0,2.0,1.38,5.23,7.72,1.41,5.5,8.0
2025-04-02,2024,Brighton,Aston Villa,0.0,3.0,A,11.0,8.0,4.0,5.0,2.09,3.81,3.27,2.15,3.97,3.35
2025-04-02,2024,Liverpool,Everton,1.0,0.0,H,17.0,5.0,3.0,0.0,1.36,5.02,8.78,1.4,5.3,9.5
2025-04-02,2024,Man City,Leicester,2.0,0.0,H,18.0,2.0,5.0,0.0,1.2,7.61,12.4,1.22,8.2,15.0
2025-04-02,2024,Newcastle,Brentford,2.0,1.0,H,21.0,12.0,4.0,3.0,1.73,4.31,4.21,1.75,4.5,4.4
2025-04-02,2024,Southampton,Crystal Palace,1.0,1.0,D,8.0,9.0,2.0,3.0,5.5,4.01,1.62,5.8,4.28,1.65
2025-04-03,2024,Chelsea,Tottenham,1.0,0.0,H,11.0,8.0,5.0,2.0,1.64,4.5,4.57,1.67,4.69,4.75
2025-04-05,2024,Aston Villa,Nott'm Forest,2.0,1.0,H,17.0,19.0,8.0,3.0,1.99,3.63,3.72,2.05,3.75,3.9
2025-04-05,2024,Crystal Palace,Brighton,2.0,1.0,H,8.0,11.0,3.0,5.0,2.43,3.46,2.87,2.5,3.6,2.97
2025-04-05,2024,Everton,Arsenal,1.0,1.0,D,5.0,14.0,2.0,5.0,5.15,3.44,1.78,5.6,3.6,1.81
2025-04-05,2024,Ipswich,Wolves,1.0,2.0,A,6.0,22.0,2.0,7.0,2.74,3.28,2.65,2.8,3.45,2.72
2025-04-05,2024,West Ham,Bournemouth,2.0,2.0,D,9.0,11.0,3.0,4.0,3.04,3.47,2.34,3.2,3.53,2.41
2025-04-06,2024,Brentford,Chelsea,0.0,0.0,D,9.0,21.0,2.0,5.0,3.2,3.73,2.15,3.4,3.85,2.2
2025-04-06,2024,Fulham,Liverpool,3.0,2.0,H,12.0,14.0,6.0,6.0,4.24,3.7,1.86,4.5,3.8,1.9
2025-04-06,2024,Man United,Man City,0.0,0.0,D,13.0,9.0,2.0,5.0,3.33,3.61,2.13,3.45,3.75,2.2
2025-04-06,2024,Tottenham,Southampton,3.0,1.0,H,13.0,12.0,8.0,4.0,1.39,5.32,7.12,1.43,5.6,7.75
2025-04-07,2024,Leicester,Newcastle,0.0,3.0,A,7.0,16.0,2.0,5.0,6.4,4.44,1.5,6.75,4.7,1.53
2025-04-12,2024,Arsenal,Brentford,1.0,1.0,D,14.0,3.0,3.0,2.0,1.61,4.16,5.35,1.65,4.33,5.5
2025-04-12,2024,Brighton,Leicester,2.0,2.0,D,21.0,15.0,7.0,6.0,1.27,5.89,10.98,1.29,6.2,12.0
2025-04-12,2024,Man City,Crystal Palace,5.0,2.0,H,21.0,8.0,9.0,3.0,1.5,4.7,5.95,1.52,4.9,6.21
2025-04-12,2024,Nott'm Forest,Everton,0.0,1.0,A,10.0,13.0,5.0,5.0,2.11,3.33,3.67,2.15,3.48,3.9
2025-04-12,2024,Southampton,Aston Villa,0.0,3.0,A,7.0,25.0,2.0,10.0,5.65,4.42,1.55,6.0,5.6,1.57
2025-04-13,2024,Chelsea,Ipswich,2.0,2.0,D,34.0,13.0,9.0,4.0,1.25,6.57,9.7,1.28,7.0,12.0
2025-04-13,2024,Liverpool,West Ham,2.0,1.0,H,15.0,11.0,6.0,4.0,1.3,5.89,9.45,1.31,6.2,10.4
2025-04-13,2024,Newcastle,Man United,4.0,1.0,H,13.0,9.0,6.0,5.0,1.65,4.21,4.73,1.69,4.35,5.3
2025-04-13,2024,Wolves,Tottenham,4.0,2.0,H,13.0,11.0,5.0,4.0,2.23,3.55,3.14,2.28,3.65,3.23
2025-04-14,2024,Bournemouth,Fulham,1.0,0.0,H,12.0,12.0,3.0,7.0,2.15,3.58,3.3,2.18,3.79,3.4
2025-04-16,2024,Newcastle,Crystal Palace,5.0,0.0,H,14.0,11.0,7.0,4.0,1.71,3.96,4.75,1.75,4.15,5.0
2025-04-19,2024,Aston Villa,Newcastle,4.0,1.0,H,23.0,10.0,9.0,3.0,2.36,3.63,2.85,2.42,3.75,2.95
2025-04-19,2024,Brentford,Brighton,4.0,2.0,H,16.0,12.0,8.0,3.0,2.5,3.61,2.7,2.56,3.85,2.75
2025-04-19,2024,Crystal Palace,Bournemouth,0.0,0.0,D,5.0,15.0,0.0,4.0,2.54,3.54,2.69,2.6,3.65,2.78
2025-04-19,2024,Everton,Man City,0.0,2.0,A,8.0,12.0,3.0,7.0,3.8,3.65,1.96,4.0,3.75,2.0
2025-04-19,2024,West Ham,Southampton,1.0,1.0,D,12.0,15.0,4.0,4.0,1.49,4.49,6.44,1.52,4.65,6.72
2025-04-20,2024,Fulham,Chelsea,1.0,2.0,A,6.0,13.0,1.0,8.0,2.82,3.52,2.43,2.9,3.7,2.54
2025-04-20,2024,Ipswich,Arsenal,0.0,4.0,A,4.0,24.0,0.0,7.0,7.83,4.81,1.4,8.35,5.0,1.42
2025-04-20,2024,Leicester,Liverpool,0.0,1.0,A,5.0,28.0,0.0,10.0,11.76,6.63,1.23,14.0,7.0,1.26
2025-04-20,2024,Man United,Wolves,0.0,1.0,A,12.0,4.0,2.0,2.0,2.0,3.58,3.72,2.03,3.67,3.85
2025-04-21,2024,Tottenham,Nott'm Forest,1.0,2.0,A,22.0,4.0,6.0,3.0,2.47,3.71,2.66,2.55,3.85,2.78
2025-04-22,2024,Man City,Aston Villa,2.0,1.0,H,14.0,7.0,6.0,3.0,1.85,4.06,3.93,1.88,4.23,4.1
2025-04-23,2024,Arsenal,Crystal Palace,2.0,2.0,D,12.0,15.0,6.0,4.0,1.41,4.66,8.13,1.45,4.8,9.0
2025-04-26,2024,Brighton,West Ham,3.0,2.0,H,16.0,12.0,9.0,4.0,1.67,4.14,4.76,1.7,4.28,5.0
2025-04-26,2024,Chelsea,Everton,1.0,0.0,H,10.0,6.0,7.0,3.0,1.58,4.08,5.91,1.62,4.18,6.1
2025-04-26,2024,Newcastle,Ipswich,3.0,0.0,H,25.0,4.0,5.0,0.0,1.18,7.72,14.89,1.19,8.2,17.0
2025-04-26,2024,Southampton,Fulham,1.0,2.0,A,7.0,26.0,3.0,5.0,5.17,4.11,1.64,5.44,4.3,1.67
2025-04-26,2024,Wolves,Leicester,3.0,0.0,H,20.0,8.0,6.0,2.0,1.51,4.38,6.24,1.54,4.55,6.5
2025-04-27,2024,Bournemouth,Man United,1.0,1.0,D,8.0,25.0,1.0,6.0,1.67,4.13,4.77,1.71,4.25,4.95
2025-04-27,2024,Liverpool,Tottenham,5.0,1.0,H,25.0,8.0,8.0,3.0,1.25,6.57,9.98,1.27,6.89,11.0
2025-05-01,2024,Nott'm Forest,Brentford,0.0,2.0,A,14.0,11.0,5.0,3.0,2.17,3.55,3.27,2.22,3.72,3.34
2025-05-02,2024,Man City,Wolves,1.0,0.0,H,9.0,6.0,2.0,1.0,1.4,5.14,7.49,1.43,5.3,8.0
2025-05-03,2024,Arsenal,Bournemouth,1.0,2.0,A,13.0,9.0,4.0,2.0,2.08,3.6,3.47,2.14,3.7,3.62
2025-05-03,2024,Aston Villa,Fulham,1.0,0.0,H,10.0,11.0,3.0,3.0,1.79,3.88,4.32,1.85,4.0,4.6
2025-05-03,2024,Everton,Ipswich,2.0,2.0,D,8.0,12.0,3.0,5.0,1.47,4.4,7.07,1.49,4.55,7.6
2025-05-03,2024,Leicester,Southampton,2.0,0.0,H,14.0,8.0,4.0,2.0,2.33,3.62,2.93,2.4,3.75,3.1
2025-05-04,2024,Brentford,Man United,4.0,3.0,H,12.0,14.0,6.0,5.0,1.67,4.14,4.74,1.71,4.25,4.95
2025-05-04,2024,Brighton,Newcastle,1.0,1.0,D,5.0,13.0,2.0,5.0,2.86,3.77,2.31,2.93,3.91,2.38
2025-05-04,2024,Chelsea,Liverpool,3.0,1.0,H,17.0,11.0,7.0,2.0,2.18,3.71,3.14,2.21,3.8,3.24
2025-05-04,2024,West Ham,Tottenham,1.0,1.0,D,11.0,7.0,2.0,2.0,2.1,3.73,3.31,2.15,3.85,3.5
2025-05-05,2024,Crystal Palace,Nott'm Forest,1.0,1.0,D,20.0,12.0,3.0,4.0,2.29,3.38,3.15,2.35,3.47,3.24
2025-05-10,2024,Bournemouth,Aston Villa,0.0,1.0,A,10.0,6.0,4.0,3.0,2.45,3.68,2.71,2.52,3.8,2.78
2025-05-10,2024,Fulham,Everton,1.0,3.0,A,18.0,11.0,6.0,7.0,1.87,3.55,4.32,1.92,3.71,4.5
2025-05-10,2024,Ipswich,Brentford,0.0,1.0,A,11.0,15.0,4.0,5.0,4.94,4.2,1.65,5.1,4.53,1.68
2025-05-10,2024,Southampton,Man City,0.0,0.0,D,2.0,26.0,0.0,5.0,13.37,7.58,1.19,15.0,8.0,1.2
2025-05-10,2024,Wolves,Brighton,0.0,2.0,A,10.0,7.0,3.0,2.0,2.73,3.47,2.54,2.8,3.53,2.61
2025-05-11,2024,Liverpool,Arsenal,2.0,2.0,D,14.0,15.0,5.0,7.0,2.06,3.54,3.57,2.1,3.65,3.71
2025-05-11,2024,Man United,West Ham,0.0,2.0,A,20.0,9.0,5.0,4.0,1.92,3.72,3.83,2.0,3.92,4.0
2025-05-11,2024,Newcastle,Chelsea,2.0,0.0,H,15.0,10.0,6.0,3.0,2.13,3.76,3.18,2.16,4.0,3.28
2025-05-11,2024,Nott'm Forest,Leicester,2.0,2.0,D,15.0,10.0,4.0,6.0,1.33,5.34,8.83,1.36,5.7,9.8
2025-05-11,2024,Tottenham,Crystal Palace,0.0,2.0,A,8.0,23.0,1.0,10.0,2.65,3.68,2.5,2.71,3.77,2.56
2025-05-16,2024,Aston Villa,Tottenham,2.0,0.0,H,18.0,3.0,7.0,1.0,1.32,5.95,8.45,1.36,6.2,9.0
2025-05-16,2024,Chelsea,Man United,1.0,0.0,H,11.0,4.0,3.0,1.0,1.46,4.9,6.51,1.5,5.1,7.0
2025-05-18,2024,Arsenal,Newcastle,1.0,0.0,H,12.0,14.0,4.0,5.0,2.01,3.59,3.7,2.08,3.7,3.83
2025-05-18,2024,Brentford,Fulham,2.0,3.0,A,11.0,16.0,6.0,7.0,1.93,3.9,3.64,1.99,4.0,3.7
2025-05-18,2024,Everton,Southampton,2.0,0.0,H,13.0,6.0,5.0,2.0,1.4,4.79,7.93,1.43,5.0,8.6
2025-05-18,2024,Leicester,Ipswich,2.0,0.0,H,9.0,20.0,3.0,2.0,2.33,3.59,2.94,2.4,3.69,3.0
2025-05-18,2024,West Ham,Nott'm Forest,1.0,2.0,A,16.0,10.0,5.0,5.0,2.8,3.4,2.53,2.88,3.56,2.63
2025-05-19,2024,Brighton,Liverpool,3.0,2.0,H,25.0,18.0,12.0,5.0,2.63,3.82,2.46,2.69,4.04,2.5
2025-05-20,2024,Crystal Palace,Wolves,4.0,2.0,H,14.0,12.0,10.0,3.0,2.27,3.32,3.26,2.31,3.4,3.36
2025-05-20,2024,Man City,Bournemouth,3.0,1.0,H,12.0,8.0,5.0,2.0,1.55,4.51,5.49,1.58,4.8,5.8
2025-05-25,2024,Bournemouth,Leicester,2.0,0.0,H,20.0,3.0,7.0,0.0,1.33,5.61,8.35,1.38,6.0,9.0
2025-05-25,2024,Fulham,Man City,0.0,2.0,A,13.0,20.0,3.0,5.0,5.15,4.28,1.61,5.54,4.59,1.65
2025-05-25,2024,Ipswich,West Ham,1.0,3.0,A,14.0,10.0,4.0,6.0,2.99,3.85,2.21,3.1,4.01,2.28
2025-05-25,2024,Liverpool,Crystal Palace,1.0,1.0,D,14.0,8.0,3.0,5.0,1.4,5.65,6.27,1.43,6.1,6.62
2025-05-25,2024,Man United,Aston Villa,2.0,0.0,H,25.0,6.0,10.0,1.0,4.37,4.16,1.73,4.5,4.33,1.76
2025-05-25,2024,Newcastle,Everton,0.0,1.0,A,17.0,14.0,6.0,6.0,1.32,5.6,8.77,1.36,5.85,9.5
2025-05-25,2024,Nott'm Forest,Chelsea,0.0,1.0,A,10.0,6.0,2.0,2.0,3.09,3.72,2.2,3.2,3.85,2.25
2025-05-25,2024,Southampton,Arsenal,1.0,2.0,A,7.0,23.0,2.0,8.0,9.45,5.83,1.29,11.0,6.11,1.31
2025-05-25,2024,Tottenham,Brighton,1.0,4.0,A,4.0,23.0,2.0,8.0,4.23,4.43,1.71,4.38,4.55,1.73
2025-05-25,2024,Wolves,Brentford,1.0,1.0,D,18.0,13.0,6.0,7.0,2.71,3.76,2.43,2.77,3.85,2.48
2025-08-15,2025,Liverpool,Bournemouth,4.0,2.0,H,19.0,10.0,10.0,3.0,1.31,5.96,8.31,1.34,6.5,9.5
2025-08-16,2025,Aston Villa,Newcastle,0.0,0.0,D,3.0,16.0,3.0,3.0,2.3,3.56,2.94,2.38,3.75,3.1
2025-08-16,2025,Brighton,Fulham,1.0,1.0,D,10.0,7.0,4.0,2.0,1.92,3.62,3.91,1.95,3.75,4.0
2025-08-16,2025,Sunderland,West Ham,3.0,0.0,H,10.0,12.0,5.0,4.0,3.17,3.38,2.26,3.25,3.5,2.3
2025-08-16,2025,Tottenham,Burnley,3.0,0.0,H,16.0,14.0,6.0,4.0,1.37,4.8,8.3,1.4,5.0,9.5
2025-08-16,2025,Wolves,Man City,0.0,4.0,A,9.0,15.0,3.0,4.0,6.73,4.73,1.44,7.5,5.0,1.48
2025-08-17,2025,Chelsea,Crystal Palace,0.0,0.0,D,19.0,12.0,3.0,4.0,1.61,4.21,5.08,1.64,4.35,5.5
2025-08-17,2025,Man United,Arsenal,0.0,1.0,A,22.0,9.0,7.0,3.0,3.57,3.56,2.01,3.75,3.66,2.1
2025-08-17,2025,Nott'm Forest,Brentford,3.0,1.0,H,11.0,10.0,5.0,3.0,2.15,3.36,3.43,2.2,3.5,3.55
2025-08-18,2025,Leeds,Everton,1.0,0.0,H,21.0,7.0,3.0,1.0,2.39,3.29,2.96,2.5,3.5,3.05
2025-08-22,2025,West Ham,Chelsea,1.0,5.0,A,12.0,12.0,4.0,7.0,4.68,3.88,1.71,5.0,4.0,1.76
2025-08-23,2025,Arsenal,Leeds,5.0,0.0,H,18.0,3.0,5.0,1.0,1.27,5.93,10.61,1.29,6.25,12.0
2025-08-23,2025,Bournemouth,Wolves,1.0,0.0,H,14.0,6.0,4.0,1.0,1.79,3.88,4.24,1.82,4.0,4.5
2025-08-23,2025,Brentford,Aston Villa,1.0,0.0,H,9.0,17.0,2.0,2.0,3.11,3.53,2.21,3.2,3.66,2.3
2025-08-23,2025,Burnley,Sunderland,2.0,0.0,H,7.0,9.0,2.0,1.0,2.25,3.16,3.42,2.3,3.25,3.6
2025-08-23,2025,Man City,Tottenham,0.0,2.0,A,10.0,12.0,4.0,5.0,1.48,4.7,6.08,1.5,5.0,6.5
2025-08-24,2025,Crystal Palace,Nott'm Forest,1.0,1.0,D,8.0,9.0,4.0,1.0,2.35,3.26,3.07,2.4,3.3,3.2
2025-08-24,2025,Everton,Brighton,2.0,0.0,H,11.0,13.0,3.0,4.0,3.08,3.3,2.32,3.25,3.4,2.4
2025-08-24,2025,Fulham,Man United,1.0,1.0,D,13.0,10.0,4.0,3.0,3.27,3.53,2.13,3.35,3.65,2.2
2025-08-25,2025,Newcastle,Liverpool,2.0,3.0,A,10.0,5.0,3.0,4.0,3.3,3.83,2.02,3.45,4.0,2.1
2025-08-30,2025,Chelsea,Fulham,2.0,0.0,H,13.0,11.0,6.0,3.0,1.55,4.35,5.6,1.57,4.5,6.0
2025-08-30,2025,Leeds,Newcastle,0.0,0.0,D,10.0,8.0,1.0,2.0,3.37,3.49,2.12,3.5,3.6,2.2
2025-08-30,2025,Man United,Burnley,3.0,2.0,H,26.0,6.0,6.0,3.0,1.35,5.15,8.28,1.4,5.5,9.0
2025-08-30,2025,Sunderland,Brentford,2.0,1.0,H,12.0,7.0,3.0,4.0,2.92,3.27,2.46,3.0,3.35,2.54
2025-08-30,2025,Tottenham,Bournemouth,0.0,1.0,A,5.0,20.0,1.0,6.0,1.73,4.06,4.29,1.76,4.25,4.5
2025-08-30,2025,Wolves,Everton,2.0,3.0,A,12.0,10.0,4.0,4.0,2.66,3.19,2.74,2.75,3.3,2.8
2025-08-31,2025,Aston Villa,Crystal Palace,0.0,3.0,A,13.0,6.0,4.0,4.0,1.88,3.56,4.07,1.95,3.75,4.2
2025-08-31,2025,Brighton,Man City,2.0,1.0,H,12.0,12.0,7.0,3.0,3.78,3.84,1.85,4.0,4.0,1.91
2025-08-31,2025,Liverpool,Arsenal,1.0,0.0,H,9.0,11.0,3.0,1.0,2.2,3.49,3.17,2.25,3.6,3.25
2025-08-31,2025,Nott'm Forest,West Ham,0.0,3.0,A,11.0,12.0,3.0,8.0,1.69,3.74,5.03,1.73,3.85,5.5
2025-09-13,2025,Arsenal,Nott'm Forest,3.0,0.0,H,16.0,5.0,5.0,1.0,1.38,4.85,8.16,1.42,5.0,9.0
2025-09-13,2025,Bournemouth,Brighton,2.0,1.0,H,13.0,6.0,5.0,2.0,2.38,3.5,2.87,2.43,3.65,3.0
2025-09-13,2025,Brentford,Chelsea,2.0,2.0,D,7.0,16.0,4.0,6.0,4.54,3.92,1.73,4.8,4.1,1.75
2025-09-13,2025,Crystal Palace,Sunderland,0.0,0.0,D,14.0,6.0,6.0,0.0,1.66,3.76,5.42,1.71,4.1,6.0
2025-09-13,2025,Everton,Aston Villa,0.0,0.0,D,20.0,7.0,2.0,1.0,2.44,3.27,2.95,2.5,3.4,3.05
2025-09-13,2025,Fulham,Leeds,1.0,0.0,H,5.0,10.0,3.0,3.0,1.96,3.51,3.89,2.0,3.65,4.1
2025-09-13,2025,Newcastle,Wolves,1.0,0.0,H,16.0,8.0,4.0,3.0,1.43,4.62,7.45,1.44,4.8,8.5
2025-09-13,2025,West Ham,Tottenham,0.0,3.0,A,7.0,14.0,4.0,5.0,3.36,3.56,2.1,3.5,3.75,2.12
2025-09-14,2025,Burnley,Liverpool,0.0,1.0,A,3.0,27.0,0.0,4.0,8.6,5.43,1.33,9.5,5.6,1.35
2025-09-14,2025,Man City,Man United,3.0,0.0,H,13.0,12.0,6.0,2.0,1.76,3.99,4.19,1.8,4.3,4.5
2025-09-20,2025,Brighton,Tottenham,2.0,2.0,D,12.0,11.0,4.0,3.0,2.25,3.61,3.0,2.28,3.75,3.1
2025-09-20,2025,Burnley,Nott'm Forest,1.0,1.0,D,12.0,17.0,5.0,8.0,3.36,3.37,2.18,3.5,3.5,2.2
2025-09-20,2025,Fulham,Brentford,3.0,1.0,H,14.0,8.0,3.0,3.0,2.02,3.48,3.69,2.05,3.6,4.0
2025-09-20,2025,Liverpool,Everton,2.0,1.0,H,11.0,9.0,3.0,2.0,1.45,4.65,6.7,1.48,4.8,7.5
2025-09-20,2025,Man United,Chelsea,2.0,1.0,H,11.0,5.0,4.0,1.0,2.68,3.69,2.44,2.8,3.8,2.5
2025-09-20,2025,West Ham,Crystal Palace,1.0,2.0,A,8.0,18.0,3.0,3.0,2.98,3.36,2.37,3.1,3.5,2.4
2025-09-20,2025,Wolves,Leeds,1.0,3.0,A,16.0,6.0,6.0,4.0,2.67,3.16,2.74,2.71,3.25,2.8
2025-09-21,2025,Arsenal,Man City,1.0,1.0,D,12.0,5.0,3.0,3.0,1.9,3.7,3.85,1.95,3.9,4.0
2025-09-21,2025,Bournemouth,Newcastle,0.0,0.0,D,11.0,4.0,2.0,1.0,2.44,3.45,2.78,2.54,3.6,2.88
2025-09-21,2025,Sunderland,Aston Villa,1.0,1.0,D,14.0,12.0,4.0,2.0,3.56,3.34,2.1,3.75,3.5,2.12
2025-09-27,2025,Brentford,Man United,3.0,1.0,H,10.0,14.0,8.0,6.0,3.4,3.77,2.02,3.5,4.0,2.1
2025-09-27,2025,Chelsea,Brighton,1.0,3.0,A,13.0,12.0,3.0,3.0,1.86,3.86,3.86,1.91,4.0,4.1
2025-09-27,2025,Crystal Palace,Liverpool,2.0,1.0,H,16.0,20.0,7.0,4.0,3.82,3.72,1.91,4.0,3.8,1.95
2025-09-27,2025,Leeds,Bournemouth,2.0,2.0,D,19.0,12.0,8.0,5.0,2.98,3.29,2.41,3.1,3.4,2.5
2025-09-27,2025,Man City,Burnley,5.0,1.0,H,21.0,9.0,8.0,2.0,1.17,7.48,15.54,1.19,8.0,17.0
2025-09-27,2025,Nott'm Forest,Sunderland,0.0,1.0,A,22.0,11.0,6.0,3.0,1.77,3.67,4.64,1.8,3.75,5.0
2025-09-27,2025,Tottenham,Wolves,1.0,1.0,D,10.0,9.0,3.0,3.0,1.47,4.57,6.38,1.5,4.9,7.0
2025-09-28,2025,Aston Villa,Fulham,3.0,1.0,H,9.0,11.0,4.0,4.0,2.29,3.19,3.3,2.35,3.3,3.4
2025-09-28,2025,Newcastle,Arsenal,1.0,2.0,A,8.0,20.0,3.0,7.0,3.51,3.32,2.12,3.66,3.4,2.2
2025-09-29,2025,Everton,West Ham,1.0,1.0,D,12.0,14.0,6.0,3.0,1.72,3.69,4.83,1.76,3.75,5.0
2025-10-03,2025,Bournemouth,Fulham,3.0,1.0,H,11.0,12.0,6.0,4.0,1.97,3.5,3.85,2.0,3.6,4.0
2025-10-04,2025,Arsenal,West Ham,2.0,0.0,H,21.0,4.0,5.0,0.0,1.19,6.83,15.25,1.2,7.5,17.0
2025-10-04,2025,Chelsea,Liverpool,2.0,1.0,H,12.0,12.0,6.0,2.0,2.87,3.7,2.28,2.95,3.8,2.38
2025-10-04,2025,Leeds,Tottenham,1.0,2.0,A,16.0,9.0,4.0,3.0,2.75,3.46,2.49,2.88,3.55,2.55
2025-10-04,2025,Man United,Sunderland,2.0,0.0,H,15.0,8.0,6.0,3.0,1.5,4.55,5.98,1.53,4.75,6.5
2025-10-05,2025,Aston Villa,Burnley,2.0,1.0,H,15.0,5.0,7.0,2.0,1.59,4.0,5.76,1.62,4.2,6.0
2025-10-05,2025,Brentford,Man City,0.0,1.0,A,6.0,10.0,1.0,4.0,4.73,4.27,1.64,5.0,4.5,1.67
2025-10-05,2025,Everton,Crystal Palace,2.0,1.0,H,14.0,15.0,7.0,8.0,2.53,3.21,2.89,2.65,3.25,3.0
2025-10-05,2025,Newcastle,Nott'm Forest,2.0,0.0,H,18.0,5.0,9.0,4.0,1.58,4.21,5.46,1.61,4.4,5.75
2025-10-05,2025,Wolves,Brighton,1.0,1.0,D,6.0,17.0,3.0,6.0,3.67,3.6,1.99,3.85,3.7,2.0
2025-10-18,2025,Brighton,Newcastle,2.0,1.0,H,13.0,16.0,5.0,3.0,2.61,3.48,2.62,2.75,3.66,2.65
2025-10-18,2025,Burnley,Leeds,2.0,0.0,H,4.0,19.0,3.0,4.0,3.3,3.25,2.26,3.45,3.33,2.3
2025-10-18,2025,Crystal Palace,Bournemouth,3.0,3.0,D,20.0,8.0,7.0,5.0,2.25,3.35,3.22,2.3,3.4,3.35
2025-10-18,2025,Fulham,Arsenal,0.0,1.0,A,9.0,16.0,0.0,5.0,6.14,4.13,1.54,6.5,4.4,1.57
2025-10-18,2025,Man City,Everton,2.0,0.0,H,19.0,5.0,7.0,1.0,1.38,4.92,7.91,1.41,5.25,9.0
2025-10-18,2025,Nott'm Forest,Chelsea,0.0,3.0,A,12.0,17.0,2.0,6.0,3.75,3.74,1.93,3.85,3.85,1.95
2025-10-18,2025,Sunderland,Wolves,2.0,0.0,H,8.0,16.0,2.0,3.0,2.46,3.07,3.13,2.5,3.15,3.25
2025-10-19,2025,Liverpool,Man United,1.0,2.0,A,19.0,12.0,6.0,4.0,1.6,4.4,4.89,1.62,4.7,5.1
2025-10-19,2025,Tottenham,Aston Villa,1.0,2.0,A,9.0,8.0,3.0,2.0,2.06,3.56,3.42,2.15,3.7,3.5
2025-10-20,2025,West Ham,Brentford,0.0,2.0,A,7.0,22.0,1.0,7.0,2.46,3.37,2.82,2.5,3.55,2.95
2025-10-24,2025,Leeds,West Ham,2.0,1.0,H,13.0,9.0,5.0,3.0,1.81,3.57,4.59,1.83,3.65,5.0
2025-10-25,2025,Brentford,Liverpool,3.0,2.0,H,17.0,18.0,8.0,5.0,4.28,4.13,1.73,4.5,4.2,1.78
2025-10-25,2025,Chelsea,Sunderland,1.0,2.0,A,16.0,10.0,7.0,4.0,1.37,4.99,8.31,1.42,5.25,9.5
2025-10-25,2025,Man United,Brighton,4.0,2.0,H,13.0,17.0,9.0,5.0,2.0,3.83,3.45,2.05,4.0,3.6
2025-10-25,2025,Newcastle,Fulham,2.0,1.0,H,18.0,12.0,7.0,5.0,1.62,3.97,5.44,1.64,4.1,6.0
2025-10-26,2025,Arsenal,Crystal Palace,1.0,0.0,H,10.0,7.0,3.0,1.0,1.41,4.6,7.76,1.44,4.75,8.7
2025-10-26,2025,Aston Villa,Man City,1.0,0.0,H,9.0,18.0,3.0,4.0,4.08,3.8,1.83,4.33,4.0,1.89
2025-10-26,2025,Bournemouth,Nott'm Forest,2.0,0.0,H,13.0,8.0,5.0,4.0,1.79,3.79,4.29,1.81,3.95,4.6
2025-10-26,2025,Everton,Tottenham,0.0,3.0,A,12.0,7.0,2.0,4.0,2.35,3.38,2.99,2.4,3.4,3.15
2025-10-26,2025,Wolves,Burnley,2.0,3.0,A,15.0,11.0,7.0,7.0,1.97,3.3,4.06,2.0,3.4,4.25
2025-11-01,2025,Brighton,Leeds,3.0,0.0,H,14.0,5.0,7.0,2.0,1.85,3.74,4.11,1.91,3.9,4.33
2025-11-01,2025,Burnley,Arsenal,0.0,2.0,A,3.0,12.0,0.0,8.0,10.97,5.65,1.28,13.0,6.0,1.29
2025-11-01,2025,Crystal Palace,Brentford,2.0,0.0,H,9.0,6.0,2.0,2.0,1.92,3.65,3.85,1.95,3.75,4.1
2025-11-01,2025,Fulham,Wolves,3.0,0.0,H,19.0,5.0,6.0,2.0,1.84,3.46,4.51,1.87,3.65,4.8
2025-11-01,2025,Liverpool,Aston Villa,2.0,0.0,H,16.0,10.0,4.0,3.0,1.63,4.32,4.81,1.67,4.5,5.0
2025-11-01,2025,Nott'm Forest,Man United,2.0,2.0,D,17.0,18.0,3.0,7.0,3.41,3.67,2.05,3.6,3.8,2.1
2025-11-01,2025,Tottenham,Chelsea,0.0,1.0,A,3.0,15.0,1.0,9.0,2.71,3.52,2.5,2.8,3.6,2.6
2025-11-02,2025,Man City,Bournemouth,3.0,1.0,H,15.0,8.0,8.0,5.0,1.49,4.64,5.9,1.5,4.9,6.5
2025-11-02,2025,West Ham,Newcastle,3.0,1.0,H,15.0,12.0,9.0,4.0,4.99,4.08,1.64,5.5,4.4,1.67
2025-11-03,2025,Sunderland,Everton,1.0,1.0,D,17.0,8.0,3.0,2.0,2.74,3.12,2.67,2.8,3.2,2.8
2025-11-08,2025,Chelsea,Wolves,3.0,0.0,H,20.0,3.0,8.0,0.0,1.36,5.06,8.27,1.37,5.3,9.0
2025-11-08,2025,Everton,Fulham,2.0,0.0,H,14.0,8.0,5.0,4.0,2.2,3.28,3.4,2.25,3.35,3.5
2025-11-08,2025,Sunderland,Arsenal,2.0,2.0,D,6.0,17.0,2.0,7.0,8.39,4.67,1.39,9.5,5.0,1.4
2025-11-08,2025,Tottenham,Man United,2.0,2.0,D,10.0,5.0,4.0,2.0,2.65,3.58,2.52,2.75,3.7,2.6
2025-11-08,2025,West Ham,Burnley,3.0,2.0,H,15.0,16.0,6.0,7.0,1.94,3.5,3.98,2.0,3.6,4.1
2025-11-09,2025,Aston Villa,Bournemouth,4.0,0.0,H,16.0,13.0,8.0,4.0,2.19,3.45,3.25,2.28,3.5,3.4
2025-11-09,2025,Brentford,Newcastle,3.0,1.0,H,15.0,5.0,7.0,1.0,2.84,3.4,2.45,2.95,3.5,2.5
2025-11-09,2025,Crystal Palace,Brighton,0.0,0.0,D,10.0,7.0,2.0,3.0,2.27,3.52,3.04,2.33,3.6,3.15
2025-11-09,2025,Man City,Liverpool,3.0,0.0,H,14.0,7.0,6.0,1.0,1.88,3.92,3.72,1.91,4.0,4.0
2025-11-09,2025,Nott'm Forest,Leeds,3.0,1.0,H,14.0,10.0,6.0,3.0,2.22,3.32,3.29,2.25,3.4,3.45
2025-11-22,2025,Bournemouth,West Ham,2.0,2.0,D,28.0,5.0,10.0,2.0,1.62,4.09,5.14,1.64,4.2,5.5
2025-11-22,2025,Brighton,Brentford,2.0,1.0,H,14.0,10.0,5.0,4.0,1.93,3.66,3.82,1.96,3.75,4.0
2025-11-22,2025,Burnley,Chelsea,0.0,2.0,A,8.0,15.0,2.0,5.0,6.56,4.45,1.48,7.0,4.75,1.52
2025-11-22,2025,Fulham,Sunderland,1.0,0.0,H,24.0,4.0,6.0,2.0,2.1,3.24,3.74,2.15,3.3,3.9
2025-11-22,2025,Liverpool,Nott'm Forest,0.0,3.0,A,21.0,15.0,4.0,7.0,1.42,4.86,6.97,1.44,5.0,7.5
2025-11-22,2025,Newcastle,Man City,2.0,1.0,H,9.0,17.0,5.0,4.0,3.54,3.75,1.98,3.65,3.8,2.0
2025-11-22,2025,Wolves,Crystal Palace,0.0,2.0,A,8.0,10.0,1.0,4.0,3.86,3.5,1.97,4.1,3.6,2.0
2025-11-23,2025,Arsenal,Tottenham,4.0,1.0,H,17.0,3.0,8.0,2.0,1.39,4.66,8.03,1.42,4.9,8.5
2025-11-23,2025,Leeds,Aston Villa,1.0,2.0,A,14.0,14.0,5.0,3.0,3.04,3.25,2.37,3.15,3.35,2.45
2025-11-24,2025,Man United,Everton,0.0,1.0,A,25.0,3.0,6.0,1.0,1.74,3.83,4.49,1.78,4.1,4.6
2025-11-29,2025,Brentford,Burnley,3.0,1.0,H,14.0,6.0,4.0,2.0,1.45,4.54,6.96,1.49,4.8,7.5
2025-11-29,2025,Everton,Newcastle,1.0,4.0,A,10.0,13.0,2.0,8.0,2.79,3.31,2.55,2.95,3.4,2.63
2025-11-29,2025,Man City,Leeds,3.0,2.0,H,18.0,9.0,9.0,4.0,1.23,6.42,11.78,1.25,6.5,13.0
2025-11-29,2025,Sunderland,Bournemouth,3.0,2.0,H,12.0,18.0,6.0,6.0,3.04,3.3,2.35,3.2,3.4,2.43
2025-11-29,2025,Tottenham,Fulham,1.0,2.0,A,14.0,7.0,2.0,3.0,2.18,3.39,3.33,2.25,3.55,3.6
2025-11-30,2025,Aston Villa,Wolves,1.0,0.0,H,16.0,9.0,6.0,4.0,1.48,4.39,6.57,1.5,4.6,7.5
2025-11-30,2025,Chelsea,Arsenal,1.0,1.0,D,11.0,8.0,4.0,4.0,3.33,3.35,2.18,3.45,3.45,2.25
2025-11-30,2025,Crystal Palace,Man United,1.0,2.0,A,14.0,14.0,3.0,6.0,2.32,3.51,2.93,2.38,3.75,3.1
2025-11-30,2025,Nott'm Forest,Brighton,0.0,2.0,A,19.0,17.0,3.0,6.0,2.72,3.36,2.54,2.8,3.4,2.63
2025-11-30,2025,West Ham,Liverpool,0.0,2.0,A,7.0,9.0,0.0,5.0,4.28,4.06,1.74,4.45,4.33,1.8
2025-12-02,2025,Bournemouth,Everton,0.0,1.0,A,5.0,13.0,2.0,3.0,2.2,3.29,3.38,2.25,3.4,3.45
2025-12-02,2025,Fulham,Man City,4.0,5.0,A,12.0,11.0,6.0,4.0,4.66,4.04,1.69,5.0,4.2,1.73
2025-12-02,2025,Newcastle,Tottenham,2.0,2.0,D,19.0,8.0,7.0,2.0,1.8,3.78,4.24,1.83,3.9,4.5
2025-12-03,2025,Arsenal,Brentford,2.0,0.0,H,15.0,6.0,7.0,1.0,1.35,4.97,8.94,1.37,5.25,10.5
2025-12-03,2025,Brighton,Aston Villa,3.0,4.0,A,16.0,14.0,7.0,10.0,2.15,3.48,3.33,2.17,3.65,3.4
2025-12-03,2025,Burnley,Crystal Palace,0.0,1.0,A,11.0,3.0,4.0,3.0,4.57,3.71,1.77,4.75,3.8,1.8
2025-12-03,2025,Leeds,Chelsea,3.0,1.0,H,17.0,14.0,5.0,2.0,4.31,3.87,1.78,4.5,4.1,1.8
2025-12-03,2025,Liverpool,Sunderland,1.0,1.0,D,23.0,9.0,4.0,6.0,1.35,5.29,8.05,1.37,5.5,8.5
2025-12-03,2025,Wolves,Nott'm Forest,0.0,1.0,A,5.0,10.0,1.0,3.0,3.28,3.3,2.24,3.45,3.4,2.3
2025-12-04,2025,Man United,West Ham,1.0,1.0,D,17.0,11.0,4.0,3.0,1.43,4.81,6.59,1.46,5.1,7.0
2025-12-06,2025,Aston Villa,Arsenal,2.0,1.0,H,15.0,15.0,6.0,9.0,4.13,3.45,1.91,4.2,3.5,1.95
2025-12-06,2025,Bournemouth,Chelsea,0.0,0.0,D,13.0,11.0,5.0,4.0,3.14,3.67,2.16,3.25,3.75,2.2
2025-12-06,2025,Everton,Nott'm Forest,3.0,0.0,H,11.0,7.0,5.0,3.0,2.17,3.25,3.52,2.2,3.35,3.65
2025-12-06,2025,Leeds,Liverpool,3.0,3.0,D,12.0,16.0,5.0,7.0,3.95,3.9,1.84,4.2,4.2,1.91
2025-12-06,2025,Man City,Sunderland,3.0,0.0,H,18.0,8.0,6.0,1.0,1.24,6.22,11.38,1.26,6.5,13.0
2025-12-06,2025,Newcastle,Burnley,2.0,1.0,H,17.0,9.0,7.0,3.0,1.28,5.72,10.39,1.3,6.0,11.5
2025-12-06,2025,Tottenham,Brentford,2.0,0.0,H,15.0,4.0,7.0,1.0,2.31,3.44,3.03,2.38,3.5,3.2
2025-12-07,2025,Brighton,West Ham,1.0,1.0,D,22.0,14.0,4.0,5.0,1.55,4.32,5.63,1.57,4.5,6.0
2025-12-07,2025,Fulham,Crystal Palace,1.0,2.0,A,12.0,11.0,4.0,5.0,2.57,3.27,2.77,2.63,3.4,2.88
2025-12-08,2025,Wolves,Man United,1.0,4.0,A,8.0,27.0,2.0,10.0,4.22,3.9,1.77,4.4,4.1,1.8
2025-12-13,2025,Arsenal,Wolves,2.0,1.0,H,16.0,3.0,2.0,2.0,1.12,8.62,22.31,1.14,9.5,26.0
2025-12-13,2025,Burnley,Fulham,2.0,3.0,A,16.0,6.0,8.0,4.0,3.93,3.48,1.95,4.0,3.6,2.0
2025-12-13,2025,Chelsea,Everton,2.0,0.0,H,17.0,11.0,5.0,2.0,1.66,3.9,5.09,1.7,4.0,5.5
2025-12-13,2025,Liverpool,Brighton,2.0,0.0,H,18.0,14.0,4.0,1.0,1.67,4.17,4.62,1.7,4.3,5.0
2025-12-14,2025,Brentford,Leeds,1.0,1.0,D,7.0,18.0,2.0,4.0,1.94,3.54,3.85,2.0,3.7,4.0
2025-12-14,2025,Crystal Palace,Man City,0.0,3.0,A,16.0,7.0,4.0,6.0,3.98,3.81,1.83,4.2,4.0,1.88
2025-12-14,2025,Nott'm Forest,Tottenham,3.0,0.0,H,15.0,6.0,6.0,1.0,2.55,3.28,2.76,2.63,3.35,2.88
2025-12-14,2025,Sunderland,Newcastle,1.0,0.0,H,5.0,6.0,1.0,2.0,3.26,3.33,2.22,3.35,3.4,2.28
2025-12-14,2025,West Ham,Aston Villa,2.0,3.0,A,10.0,7.0,3.0,4.0,3.63,3.51,2.0,3.9,3.65,2.05
2025-12-15,2025,Man United,Bournemouth,4.0,4.0,D,25.0,14.0,9.0,9.0,1.82,3.98,3.84,1.85,4.25,4.0
2025-12-20,2025,Bournemouth,Burnley,1.0,1.0,D,16.0,4.0,1.0,1.0,1.47,4.44,6.59,1.5,4.75,7.0
2025-12-20,2025,Brighton,Sunderland,0.0,0.0,D,16.0,14.0,4.0,6.0,1.65,3.95,5.16,1.7,4.2,5.5
2025-12-20,2025,Everton,Arsenal,0.0,1.0,A,5.0,13.0,1.0,2.0,6.03,3.89,1.57,6.5,4.1,1.62
2025-12-20,2025,Leeds,Crystal Palace,4.0,1.0,H,20.0,9.0,8.0,3.0,2.6,3.25,2.76,2.7,3.3,2.88
2025-12-20,2025,Man City,West Ham,3.0,0.0,H,17.0,7.0,8.0,3.0,1.2,7.36,11.88,1.22,8.0,13.0
2025-12-20,2025,Newcastle,Chelsea,2.0,2.0,D,11.0,13.0,5.0,4.0,2.73,3.51,2.47,2.85,3.65,2.6
2025-12-20,2025,Tottenham,Liverpool,1.0,2.0,A,15.0,8.0,4.0,4.0,3.36,3.71,2.02,3.5,3.85,2.1
2025-12-20,2025,Wolves,Brentford,0.0,2.0,A,9.0,7.0,2.0,6.0,3.59,3.48,2.05,3.75,3.6,2.1
2025-12-21,2025,Aston Villa,Man United,2.0,1.0,H,12.0,15.0,4.0,6.0,2.1,3.64,3.26,2.15,3.75,3.4
2025-12-22,2025,Fulham,Nott'm Forest,1.0,0.0,H,11.0,12.0,1.0,2.0,2.42,3.27,2.93,2.5,3.4,3.1
2025-12-26,2025,Man United,Newcastle,1.0,0.0,H,10.0,16.0,4.0,3.0,2.47,3.58,2.67,2.55,3.75,2.8
2025-12-27,2025,Arsenal,Brighton,2.0,1.0,H,24.0,8.0,6.0,3.0,1.41,4.73,7.34,1.44,5.0,8.0
2025-12-27,2025,Brentford,Bournemouth,4.0,1.0,H,15.0,20.0,7.0,10.0,2.25,3.57,2.98,2.32,3.75,3.1
2025-12-27,2025,Burnley,Everton,0.0,0.0,D,16.0,15.0,0.0,6.0,4.03,3.33,1.96,4.25,3.5,2.0
2025-12-27,2025,Chelsea,Aston Villa,1.0,2.0,A,14.0,11.0,3.0,8.0,1.84,3.82,3.97,1.89,4.0,4.2
2025-12-27,2025,Liverpool,Wolves,2.0,1.0,H,14.0,9.0,4.0,4.0,1.24,6.31,11.25,1.25,6.75,13.0
2025-12-27,2025,Nott'm Forest,Man City,1.0,2.0,A,7.0,16.0,2.0,5.0,5.21,4.24,1.59,5.6,4.4,1.6
2025-12-27,2025,West Ham,Fulham,0.0,1.0,A,11.0,15.0,2.0,4.0,2.65,3.38,2.59,2.8,3.5,2.75
2025-12-28,2025,Crystal Palace,Tottenham,0.0,1.0,A,15.0,8.0,2.0,4.0,2.25,3.33,3.19,2.3,3.45,3.35
2025-12-28,2025,Sunderland,Leeds,1.0,1.0,D,8.0,17.0,3.0,6.0,2.56,3.18,2.8,2.7,3.25,2.88
2025-12-30,2025,Arsenal,Aston Villa,4.0,1.0,H,22.0,11.0,7.0,3.0,1.43,4.68,7.02,1.45,5.0,7.5
2025-12-30,2025,Burnley,Newcastle,1.0,3.0,A,15.0,20.0,4.0,9.0,5.5,4.11,1.59,5.75,4.35,1.62
2025-12-30,2025,Chelsea,Bournemouth,2.0,2.0,D,17.0,17.0,3.0,6.0,1.51,4.56,5.81,1.53,4.75,6.5
2025-12-30,2025,Man United,Wolves,1.0,1.0,D,15.0,11.0,6.0,4.0,1.37,5.06,8.09,1.4,5.25,9.0
2025-12-30,2025,Nott'm Forest,Everton,0.0,2.0,A,21.0,11.0,6.0,3.0,2.12,3.21,3.7,2.2,3.25,3.8
2025-12-30,2025,West Ham,Brighton,2.0,2.0,D,10.0,16.0,4.0,6.0,3.41,3.67,2.04,3.6,3.75,2.1
2026-01-01,2025,Brentford,Tottenham,0.0,0.0,D,7.0,9.0,2.0,3.0,2.11,3.49,3.35,2.15,3.6,3.5
2026-01-01,2025,Crystal Palace,Fulham,1.0,1.0,D,11.0,17.0,2.0,5.0,2.17,3.34,3.4,2.2,3.4,3.5
2026-01-01,2025,Liverpool,Leeds,0.0,0.0,D,19.0,4.0,4.0,2.0,1.53,4.41,5.83,1.55,4.6,6.4
2026-01-01,2025,Sunderland,Man City,0.0,0.0,D,10.0,14.0,4.0,4.0,7.81,4.82,1.39,8.5,5.0,1.44
2026-01-03,2025,Aston Villa,Nott'm Forest,3.0,1.0,H,11.0,10.0,4.0,5.0,1.76,3.74,4.54,1.8,3.9,4.75
2026-01-03,2025,Bournemouth,Arsenal,2.0,3.0,A,15.0,12.0,3.0,5.0,6.13,4.57,1.48,6.5,5.0,1.53
2026-01-03,2025,Brighton,Burnley,2.0,0.0,H,15.0,5.0,4.0,3.0,1.49,4.35,6.56,1.5,4.5,7.0
2026-01-03,2025,Wolves,West Ham,3.0,0.0,H,11.0,6.0,8.0,0.0,2.48,3.37,2.82,2.52,3.5,2.95
2026-01-04,2025,Everton,Brentford,2.0,4.0,A,14.0,11.0,6.0,7.0,2.36,3.19,3.1,2.4,3.25,3.25
2026-01-04,2025,Fulham,Liverpool,2.0,2.0,D,8.0,10.0,2.0,2.0,3.74,3.68,1.92,3.95,3.8,1.96
2026-01-04,2025,Leeds,Man United,1.0,1.0,D,11.0,15.0,3.0,2.0,2.68,3.44,2.56,2.8,3.5,2.63
2026-01-04,2025,Man City,Chelsea,1.0,1.0,D,14.0,8.0,3.0,3.0,1.63,4.39,4.66,1.67,4.75,5.1
2026-01-04,2025,Newcastle,Crystal Palace,2.0,0.0,H,12.0,11.0,7.0,1.0,1.67,3.92,4.89,1.7,4.1,5.3
2026-01-04,2025,Tottenham,Sunderland,1.0,1.0,D,13.0,10.0,5.0,3.0,1.8,3.65,4.37,1.84,3.8,4.7
2026-01-06,2025,West Ham,Nott'm Forest,1.0,2.0,A,14.0,13.0,3.0,5.0,3.1,3.33,2.3,3.25,3.4,2.38
2026-01-07,2025,Bournemouth,Tottenham,3.0,2.0,H,11.0,16.0,3.0,4.0,2.11,3.62,3.27,2.18,3.75,3.4
2026-01-07,2025,Brentford,Sunderland,3.0,0.0,H,18.0,11.0,6.0,3.0,1.83,3.56,4.36,1.88,3.6,4.5
2026-01-07,2025,Burnley,Man United,2.0,2.0,D,7.0,30.0,1.0,10.0,4.68,3.95,1.7,5.0,4.0,1.75
2026-01-07,2025,Crystal Palace,Aston Villa,0.0,0.0,D,11.0,15.0,5.0,3.0,3.08,3.36,2.31,3.2,3.5,2.38
2026-01-07,2025,Everton,Wolves,1.0,1.0,D,13.0,13.0,2.0,4.0,1.76,3.55,4.85,1.8,3.65,5.25
2026-01-07,2025,Fulham,Chelsea,2.0,1.0,H,16.0,14.0,5.0,6.0,3.38,3.59,2.07,3.5,3.7,2.12
2026-01-07,2025,Man City,Brighton,1.0,1.0,D,22.0,6.0,6.0,3.0,1.37,5.23,7.27,1.4,5.5,8.5
2026-01-07,2025,Newcastle,Leeds,4.0,3.0,H,18.0,14.0,8.0,6.0,1.67,3.87,5.02,1.73,4.1,5.5
2026-01-08,2025,Arsenal,Liverpool,0.0,0.0,D,9.0,8.0,4.0,0.0,1.6,4.11,5.25,1.64,4.33,5.6
2026-01-17,2025,Chelsea,Brentford,2.0,0.0,H,6.0,15.0,2.0,5.0,1.69,3.97,4.75,1.73,4.1,5.1
2026-01-17,2025,Leeds,Fulham,1.0,0.0,H,14.0,8.0,5.0,1.0,2.17,3.33,3.41,2.23,3.4,3.5
2026-01-17,2025,Liverpool,Burnley,1.0,1.0,D,32.0,7.0,11.0,1.0,1.22,6.4,12.44,1.25,6.75,16.0
2026-01-17,2025,Man United,Man City,2.0,0.0,H,11.0,7.0,7.0,1.0,3.55,3.87,1.94,3.7,4.0,2.0
2026-01-17,2025,Nott'm Forest,Arsenal,0.0,0.0,D,6.0,15.0,0.0,3.0,6.1,4.16,1.54,6.5,4.4,1.57
2026-01-17,2025,Sunderland,Crystal Palace,2.0,1.0,H,13.0,6.0,7.0,2.0,2.69,3.15,2.74,2.75,3.2,2.85
2026-01-17,2025,Tottenham,West Ham,1.0,2.0,A,21.0,17.0,6.0,4.0,1.71,3.91,4.63,1.75,4.0,4.9
2026-01-18,2025,Aston Villa,Everton,0.0,1.0,A,18.0,9.0,5.0,3.0,1.66,3.87,5.09,1.7,4.0,5.5
2026-01-18,2025,Wolves,Newcastle,0.0,0.0,D,6.0,12.0,2.0,2.0,4.6,3.98,1.7,5.0,4.2,1.73
2026-01-19,2025,Brighton,Bournemouth,1.0,1.0,D,17.0,11.0,5.0,2.0,1.85,3.92,3.75,1.91,4.1,4.1
2026-01-24,2025,Bournemouth,Liverpool,3.0,2.0,H,12.0,14.0,5.0,4.0,3.73,3.87,1.89,3.85,4.0,1.92
2026-01-24,2025,Burnley,Tottenham,2.0,2.0,D,9.0,18.0,4.0,11.0,3.64,3.39,2.05,3.8,3.5,2.1
2026-01-24,2025,Fulham,Brighton,2.0,1.0,H,12.0,13.0,4.0,5.0,2.54,3.42,2.71,2.6,3.5,2.75
2026-01-24,2025,Man City,Wolves,2.0,0.0,H,11.0,11.0,4.0,1.0,1.21,6.68,12.0,1.24,7.5,15.0
2026-01-24,2025,West Ham,Sunderland,3.0,1.0,H,13.0,7.0,5.0,2.0,2.51,3.24,2.85,2.6,3.4,2.9
2026-01-25,2025,Arsenal,Man United,2.0,3.0,A,15.0,10.0,4.0,3.0,1.55,4.08,5.89,1.6,4.2,6.4
2026-01-25,2025,Brentford,Nott'm Forest,0.0,2.0,A,10.0,7.0,1.0,2.0,1.9,3.49,4.02,1.95,3.6,4.35
2026-01-25,2025,Crystal Palace,Chelsea,1.0,3.0,A,13.0,10.0,7.0,6.0,3.5,3.66,2.0,3.65,3.8,2.05
2026-01-25,2025,Newcastle,Aston Villa,0.0,2.0,A,15.0,14.0,4.0,8.0,1.98,3.66,3.54,2.02,3.8,3.7
2026-01-26,2025,Everton,Leeds,1.0,1.0,D,10.0,14.0,3.0,4.0,2.48,3.15,2.92,2.6,3.25,3.0
2026-01-31,2025,Brighton,Everton,1.0,1.0,D,11.0,7.0,2.0,4.0,1.86,3.6,4.13,1.91,3.75,4.3
2026-01-31,2025,Chelsea,West Ham,3.0,2.0,H,14.0,11.0,6.0,6.0,1.49,4.53,6.05,1.51,4.75,6.5
2026-01-31,2025,Leeds,Arsenal,0.0,4.0,A,3.0,14.0,1.0,8.0,6.16,4.1,1.54,6.75,4.25,1.57
2026-01-31,2025,Liverpool,Newcastle,4.0,1.0,H,17.0,8.0,7.0,2.0,1.77,3.99,4.12,1.83,4.2,4.2
2026-01-31,2025,Wolves,Bournemouth,0.0,2.0,A,17.0,9.0,7.0,4.0,2.95,3.5,2.31,3.1,3.6,2.38
2026-02-01,2025,Aston Villa,Brentford,0.0,1.0,A,27.0,6.0,5.0,2.0,2.08,3.47,3.46,2.12,3.6,3.6
2026-02-01,2025,Man United,Fulham,3.0,2.0,H,13.0,14.0,6.0,6.0,1.58,4.32,5.2,1.61,4.6,5.5
2026-02-01,2025,Nott'm Forest,Crystal Palace,1.0,1.0,D,9.0,14.0,1.0,3.0,1.95,3.48,3.88,1.98,3.6,4.0
2026-02-01,2025,Tottenham,Man City,2.0,2.0,D,12.0,15.0,6.0,3.0,4.41,4.06,1.71,4.6,4.4,1.75
2026-02-02,2025,Sunderland,Burnley,3.0,0.0,H,14.0,5.0,5.0,0.0,1.8,3.42,4.73,1.83,3.6,5.0
2026-02-06,2025,Leeds,Nott'm Forest,3.0,1.0,H,14.0,16.0,5.0,6.0,2.21,3.26,3.37,2.33,3.4,3.5
2026-02-07,2025,Arsenal,Sunderland,3.0,0.0,H,16.0,5.0,5.0,3.0,1.21,6.23,14.08,1.23,6.75,16.0
2026-02-07,2025,Bournemouth,Aston Villa,1.0,1.0,D,20.0,7.0,9.0,4.0,2.68,3.6,2.46,2.8,3.75,2.5
2026-02-07,2025,Burnley,West Ham,0.0,2.0,A,18.0,6.0,5.0,4.0,3.28,3.5,2.14,3.4,3.6,2.2
2026-02-07,2025,Fulham,Everton,1.0,2.0,A,13.0,16.0,3.0,3.0,2.1,3.27,3.64,2.15,3.4,3.8
2026-02-07,2025,Man United,Tottenham,2.0,0.0,H,23.0,7.0,10.0,1.0,1.57,4.54,4.97,1.61,4.75,5.4
2026-02-07,2025,Newcastle,Brentford,2.0,3.0,A,16.0,11.0,4.0,5.0,2.05,3.53,3.51,2.1,3.75,3.75
2026-02-07,2025,Wolves,Chelsea,1.0,3.0,A,11.0,15.0,3.0,6.0,4.9,4.05,1.65,5.4,4.2,1.7
2026-02-08,2025,Brighton,Crystal Palace,0.0,1.0,A,7.0,7.0,2.0,4.0,1.96,3.57,3.68,2.0,3.75,3.9
2026-02-08,2025,Liverpool,Man City,1.0,2.0,A,15.0,17.0,4.0,7.0,2.34,3.68,2.76,2.42,3.75,2.88
2026-02-10,2025,Chelsea,Leeds,2.0,2.0,D,19.0,4.0,4.0,2.0,1.55,4.28,5.66,1.57,4.4,6.0
2026-02-10,2025,Everton,Bournemouth,1.0,2.0,A,16.0,11.0,6.0,4.0,2.41,3.35,2.91,2.5,3.45,3.0
2026-02-10,2025,Tottenham,Newcastle,1.0,2.0,A,16.0,21.0,2.0,5.0,3.18,3.48,2.2,3.25,3.6,2.3
2026-02-10,2025,West Ham,Man United,1.0,1.0,D,7.0,9.0,3.0,3.0,4.36,4.23,1.7,4.5,4.4,1.73
2026-02-11,2025,Aston Villa,Brighton,1.0,0.0,H,15.0,9.0,1.0,3.0,1.92,3.67,3.79,1.95,3.8,3.85
2026-02-11,2025,Crystal Palace,Burnley,2.0,3.0,A,21.0,8.0,3.0,3.0,1.55,3.98,6.18,1.58,4.2,6.5
2026-02-11,2025,Man City,Fulham,3.0,0.0,H,13.0,14.0,5.0,3.0,1.34,5.33,8.08,1.38,5.5,9.0
2026-02-11,2025,Nott'm Forest,Wolves,0.0,0.0,D,35.0,7.0,10.0,3.0,1.69,3.72,5.09,1.75,3.8,5.5
2026-02-11,2025,Sunderland,Liverpool,0.0,1.0,A,11.0,23.0,2.0,3.0,4.65,3.83,1.72,5.0,4.0,1.77
2026-02-12,2025,Brentford,Arsenal,1.0,1.0,D,12.0,7.0,3.0,2.0,4.83,3.86,1.69,5.1,4.0,1.7
2026-02-18,2025,Wolves,Arsenal,2.0,2.0,D,5.0,10.0,2.0,4.0,10.94,5.48,1.28,12.0,5.8,1.3
2026-02-21,2025,Aston Villa,Leeds,1.0,1.0,D,16.0,14.0,4.0,4.0,1.84,3.62,4.24,1.9,3.8,4.5
2026-02-21,2025,Brentford,Brighton,0.0,2.0,A,13.0,11.0,3.0,7.0,2.01,3.7,3.45,2.05,3.8,3.6
2026-02-21,2025,Chelsea,Burnley,1.0,1.0,D,12.0,12.0,2.0,4.0,1.2,6.7,12.88,1.23,7.0,15.0
2026-02-21,2025,Man City,Newcastle,2.0,1.0,H,15.0,13.0,7.0,7.0,1.46,4.92,5.82,1.48,5.0,6.1
2026-02-21,2025,West Ham,Bournemouth,0.0,0.0,D,20.0,10.0,3.0,5.0,2.41,3.65,2.71,2.5,3.75,2.8
2026-02-22,2025,Crystal Palace,Wolves,1.0,0.0,H,14.0,12.0,3.0,7.0,1.62,3.99,5.26,1.65,4.2,5.5
2026-02-22,2025,Nott'm Forest,Liverpool,0.0,1.0,A,18.0,10.0,2.0,4.0,4.08,3.88,1.8,4.4,4.0,1.83
2026-02-22,2025,Sunderland,Fulham,1.0,3.0,A,12.0,12.0,2.0,4.0,2.65,3.27,2.67,2.7,3.4,2.75
2026-02-22,2025,Tottenham,Arsenal,1.0,4.0,A,6.0,20.0,5.0,7.0,5.83,3.98,1.56,6.1,4.2,1.6
2026-02-23,2025,Everton,Man United,0.0,1.0,A,12.0,11.0,4.0,3.0,3.57,3.73,1.94,3.7,3.9,2.0
2026-02-27,2025,Wolves,Aston Villa,2.0,0.0,H,9.0,14.0,2.0,5.0,4.17,3.64,1.84,4.35,3.7,1.9
2026-02-28,2025,Bournemouth,Sunderland,1.0,1.0,D,21.0,8.0,5.0,4.0,1.77,3.8,4.34,1.8,4.0,4.5
2026-02-28,2025,Burnley,Brentford,3.0,4.0,A,12.0,16.0,3.0,7.0,4.58,3.81,1.73,4.9,4.0,1.76
2026-02-28,2025,Leeds,Man City,0.0,1.0,A,14.0,14.0,2.0,5.0,5.0,4.25,1.6,5.25,4.75,1.63
2026-02-28,2025,Liverpool,West Ham,5.0,2.0,H,18.0,11.0,7.0,4.0,1.41,5.02,6.68,1.44,5.5,7.0
2026-02-28,2025,Newcastle,Everton,2.0,3.0,A,17.0,9.0,7.0,5.0,1.69,3.92,4.67,1.73,4.0,4.8
2026-03-01,2025,Arsenal,Chelsea,2.0,1.0,H,12.0,9.0,5.0,3.0,1.6,3.98,5.28,1.63,4.0,5.5
2026-03-01,2025,Brighton,Nott'm Forest,2.0,1.0,H,14.0,13.0,7.0,4.0,2.05,3.54,3.42,2.1,3.65,3.6
2026-03-01,2025,Fulham,Tottenham,2.0,1.0,H,18.0,13.0,4.0,1.0,2.08,3.57,3.3,2.1,3.75,3.5
2026-03-01,2025,Man United,Crystal Palace,2.0,1.0,H,20.0,8.0,11.0,3.0,1.53,4.31,5.61,1.57,4.5,6.0
2026-03-03,2025,Bournemouth,Brentford,0.0,0.0,D,13.0,5.0,2.0,2.0,2.48,3.59,2.65,2.5,3.75,2.7
2026-03-03,2025,Everton,Burnley,2.0,0.0,H,14.0,5.0,5.0,2.0,1.56,3.96,6.06,1.57,4.1,6.5
2026-03-03,2025,Leeds,Sunderland,0.0,1.0,A,18.0,3.0,4.0,1.0,1.86,3.43,4.31,1.91,3.5,4.6
2026-03-03,2025,Wolves,Liverpool,2.0,1.0,H,4.0,19.0,3.0,7.0,6.08,4.61,1.48,6.5,4.75,1.52
2026-03-04,2025,Aston Villa,Chelsea,1.0,4.0,A,9.0,15.0,4.0,8.0,2.67,3.57,2.46,2.75,3.7,2.55
2026-03-04,2025,Brighton,Arsenal,0.0,1.0,A,11.0,7.0,3.0,2.0,5.03,3.92,1.64,5.4,4.1,1.67
2026-03-04,2025,Fulham,West Ham,0.0,1.0,A,13.0,9.0,5.0,3.0,2.03,3.56,3.52,2.08,3.75,3.75
2026-03-04,2025,Man City,Nott'm Forest,2.0,2.0,D,21.0,9.0,7.0,4.0,1.37,4.95,7.65,1.41,5.33,8.0
2026-03-04,2025,Newcastle,Man United,2.0,1.0,H,12.0,14.0,5.0,5.0,2.56,3.66,2.53,2.63,3.8,2.6
2026-03-05,2025,Tottenham,Crystal Palace,1.0,3.0,A,12.0,9.0,4.0,4.0,2.34,3.32,2.97,2.38,3.4,3.1
2026-03-14,2025,Arsenal,Everton,2.0,0.0,H,25.0,9.0,7.0,3.0,1.37,4.56,8.83,1.4,4.8,9.5
2026-03-14,2025,Burnley,Bournemouth,0.0,0.0,D,15.0,22.0,2.0,3.0,4.02,3.83,1.82,4.2,4.0,1.87
2026-03-14,2025,Chelsea,Newcastle,0.0,1.0,A,22.0,7.0,3.0,5.0,1.79,4.12,3.86,1.81,4.2,4.0
2026-03-14,2025,Sunderland,Brighton,0.0,1.0,A,14.0,12.0,4.0,4.0,3.26,3.27,2.23,3.33,3.4,2.28
2026-03-14,2025,West Ham,Man City,1.0,1.0,D,1.0,24.0,1.0,6.0,4.43,4.15,1.69,4.6,4.33,1.73
2026-03-15,2025,Crystal Palace,Leeds,0.0,0.0,D,12.0,10.0,0.0,3.0,2.49,3.24,2.85,2.6,3.4,3.0
2026-03-15,2025,Liverpool,Tottenham,1.0,1.0,D,17.0,13.0,4.0,7.0,1.29,5.79,8.72,1.33,6.25,9.5
2026-03-15,2025,Man United,Aston Villa,3.0,1.0,H,16.0,9.0,6.0,2.0,1.71,4.02,4.38,1.73,4.2,4.6
2026-03-15,2025,Nott'm Forest,Fulham,0.0,0.0,D,11.0,5.0,2.0,0.0,2.19,3.4,3.24,2.25,3.5,3.4
2026-03-16,2025,Brentford,Wolves,2.0,2.0,D,10.0,13.0,3.0,4.0,1.54,4.15,5.68,1.58,4.33,6.0
2026-03-20,2025,Bournemouth,Man United,2.0,2.0,D,16.0,14.0,5.0,5.0,3.22,3.76,2.07,3.35,3.8,2.1
2026-03-21,2025,Brighton,Liverpool,2.0,1.0,H,16.0,12.0,7.0,5.0,3.02,3.55,2.22,3.15,3.6,2.28
2026-03-21,2025,Everton,Chelsea,3.0,0.0,H,10.0,12.0,9.0,4.0,3.38,3.5,2.08,3.5,3.65,2.15
2026-03-21,2025,Fulham,Burnley,3.0,1.0,H,22.0,9.0,6.0,5.0,1.53,4.09,6.22,1.55,4.33,6.5
2026-03-21,2025,Leeds,Brentford,0.0,0.0,D,14.0,6.0,4.0,2.0,2.46,3.42,2.77,2.55,3.5,2.88
2026-03-22,2025,Aston Villa,West Ham,2.0,0.0,H,23.0,9.0,7.0,1.0,1.95,3.56,3.7,2.0,3.65,3.95
2026-03-22,2025,Newcastle,Sunderland,1.0,2.0,A,16.0,17.0,4.0,7.0,1.65,3.89,5.04,1.7,4.0,5.4
2026-03-22,2025,Tottenham,Nott'm Forest,0.0,3.0,A,14.0,8.0,3.0,7.0,2.24,3.39,3.11,2.3,3.5,3.2
2026-04-10,2025,West Ham,Wolves,4.0,0.0,H,18.0,14.0,7.0,3.0,1.78,3.74,4.34,1.8,3.8,4.5
2026-04-11,2025,Arsenal,Bournemouth,1.0,2.0,A,15.0,8.0,3.0,3.0,1.43,4.55,7.06,1.46,4.8,7.5
2026-04-11,2025,Brentford,Everton,2.0,2.0,D,17.0,14.0,4.0,7.0,2.13,3.31,3.45,2.15,3.5,3.6
2026-04-11,2025,Burnley,Brighton,0.0,2.0,A,10.0,13.0,5.0,6.0,4.48,3.93,1.72,4.75,4.0,1.78
2026-04-11,2025,Liverpool,Fulham,2.0,0.0,H,18.0,19.0,5.0,4.0,1.62,4.18,4.83,1.65,4.35,5.1
2026-04-12,2025,Chelsea,Man City,0.0,3.0,A,12.0,18.0,3.0,8.0,3.08,3.8,2.1,3.3,4.0,2.15
2026-04-12,2025,Crystal Palace,Newcastle,2.0,1.0,H,11.0,7.0,5.0,3.0,3.07,3.5,2.22,3.2,3.6,2.3
2026-04-12,2025,Nott'm Forest,Aston Villa,1.0,1.0,D,15.0,12.0,4.0,5.0,2.61,3.33,2.65,2.66,3.5,2.7
2026-04-12,2025,Sunderland,Tottenham,1.0,0.0,H,13.0,11.0,2.0,7.0,2.62,3.34,2.63,2.7,3.5,2.7
2026-04-13,2025,Man United,Leeds,1.0,2.0,A,20.0,15.0,9.0,6.0,1.59,4.07,5.3,1.65,4.3,6.1
2026-04-18,2025,Brentford,Fulham,0.0,0.0,D,13.0,11.0,4.0,0.0,2.09,3.63,3.26,2.12,3.75,3.35
2026-04-18,2025,Chelsea,Man United,0.0,1.0,A,21.0,4.0,3.0,1.0,2.21,3.54,3.07,2.3,3.75,3.2
2026-04-18,2025,Leeds,Wolves,3.0,0.0,H,17.0,7.0,6.0,2.0,1.6,3.93,5.5,1.67,4.0,6.0
2026-04-18,2025,Newcastle,Bournemouth,1.0,2.0,A,12.0,12.0,3.0,3.0,1.96,3.81,3.48,2.0,4.0,3.65
2026-04-18,2025,Tottenham,Brighton,2.0,2.0,D,13.0,10.0,6.0,3.0,2.68,3.65,2.41,2.75,3.8,2.5
2026-04-19,2025,Aston Villa,Sunderland,4.0,3.0,H,15.0,10.0,7.0,7.0,1.65,3.78,5.25,1.67,4.0,5.5
2026-04-19,2025,Everton,Liverpool,1.0,2.0,A,10.0,14.0,4.0,6.0,3.11,3.36,2.25,3.25,3.6,2.3
2026-04-19,2025,Man City,Arsenal,2.0,1.0,H,15.0,9.0,5.0,3.0,1.82,3.6,4.25,2.0,3.75,4.6
2026-04-19,2025,Nott'm Forest,Burnley,4.0,1.0,H,10.0,4.0,4.0,3.0,1.49,4.25,6.32,1.53,4.35,7.0
2026-04-20,2025,Crystal Palace,West Ham,0.0,0.0,D,9.0,9.0,1.0,4.0,2.31,3.21,3.11,2.38,3.4,3.3
2026-04-21,2025,Brighton,Chelsea,3.0,0.0,H,15.0,6.0,9.0,0.0,2.44,3.62,2.66,2.54,3.75,2.7
2026-04-22,2025,Bournemouth,Leeds,2.0,2.0,D,17.0,10.0,7.0,3.0,2.02,3.51,3.57,2.1,3.6,4.0
2026-04-22,2025,Burnley,Man City,0.0,1.0,A,9.0,28.0,1.0,9.0,16.53,8.3,1.14,20.0,9.0,1.22
2026-04-24,2025,Sunderland,Nott'm Forest,0.0,5.0,A,14.0,10.0,4.0,6.0,2.67,3.18,2.66,2.75,3.25,2.75
2026-04-25,2025,Arsenal,Newcastle,1.0,0.0,H,11.0,13.0,4.0,3.0,1.45,4.66,6.22,1.5,4.8,6.75
2026-04-25,2025,Fulham,Aston Villa,1.0,0.0,H,13.0,10.0,6.0,1.0,2.67,3.5,2.47,2.75,3.6,2.54
2026-04-25,2025,Liverpool,Crystal Palace,3.0,1.0,H,9.0,14.0,3.0,7.0,1.44,4.76,6.31,1.5,5.0,7.0
2026-04-25,2025,West Ham,Everton,2.0,1.0,H,10.0,11.0,3.0,3.0,2.38,3.34,2.9,2.43,3.5,3.0
2026-04-25,2025,Wolves,Tottenham,0.0,1.0,A,11.0,11.0,2.0,2.0,4.48,3.99,1.7,4.75,4.33,1.73
2026-04-27,2025,Man United,Brentford,2.0,1.0,H,11.0,12.0,6.0,4.0,1.84,3.82,3.84,1.9,4.0,4.0
2026-05-01,2025,Leeds,Burnley,3.0,1.0,H,18.0,9.0,8.0,3.0,1.34,5.09,8.57,1.38,5.4,9.5
2026-05-02,2025,Arsenal,Fulham,3.0,0.0,H,18.0,10.0,9.0,1.0,1.44,4.39,7.0,1.48,4.5,8.0
2026-05-02,2025,Brentford,West Ham,3.0,0.0,H,14.0,13.0,6.0,4.0,1.91,3.77,3.62,1.95,3.8,3.75
2026-05-02,2025,Newcastle,Brighton,3.0,1.0,H,13.0,13.0,6.0,4.0,2.5,3.6,2.6,2.6,3.75,2.66
2026-05-02,2025,Wolves,Sunderland,1.0,1.0,D,20.0,10.0,7.0,2.0,3.24,3.35,2.18,3.45,3.4,2.25
2026-05-03,2025,Aston Villa,Tottenham,1.0,2.0,A,5.0,10.0,1.0,5.0,2.1,3.59,3.21,2.15,3.75,3.4
2026-05-03,2025,Bournemouth,Crystal Palace,3.0,0.0,H,16.0,7.0,5.0,1.0,1.58,4.16,5.2,1.62,4.35,5.5
2026-05-03,2025,Man United,Liverpool,3.0,2.0,H,18.0,13.0,6.0,5.0,2.29,3.73,2.76,2.38,3.9,2.85
2026-05-04,2025,Chelsea,Nott'm Forest,1.0,3.0,A,21.0,6.0,5.0,4.0,1.68,3.93,4.65,1.71,4.1,4.9
2026-05-04,2025,Everton,Man City,3.0,3.0,D,14.0,21.0,6.0,4.0,6.38,4.63,1.44,7.0,4.8,1.48
2026-05-09,2025,Brighton,Wolves,3.0,0.0,H,14.0,5.0,6.0,1.0,1.27,5.88,9.98,1.29,6.25,11.5
2026-05-09,2025,Fulham,Bournemouth,0.0,1.0,A,14.0,10.0,2.0,5.0,2.68,3.66,2.39,2.75,3.75,2.45
2026-05-09,2025,Liverpool,Chelsea,1.0,1.0,D,8.0,6.0,3.0,3.0,1.82,3.95,3.81,1.84,4.0,4.0
2026-05-09,2025,Man City,Brentford,3.0,0.0,H,25.0,4.0,10.0,2.0,1.35,5.51,7.23,1.38,6.0,8.0
2026-05-09,2025,Sunderland,Man United,0.0,0.0,D,15.0,11.0,4.0,1.0,3.93,3.7,1.86,4.1,3.8,1.93
2026-05-10,2025,Burnley,Aston Villa,2.0,2.0,D,15.0,18.0,6.0,7.0,5.34,4.09,1.58,6.0,4.33,1.62
2026-05-10,2025,Crystal Palace,Everton,2.0,2.0,D,21.0,13.0,8.0,6.0,2.71,3.26,2.56,2.8,3.4,2.63
2026-05-10,2025,Nott'm Forest,Newcastle,1.0,1.0,D,17.0,16.0,6.0,6.0,2.58,3.48,2.56,2.7,3.6,2.65
2026-05-10,2025,West Ham,Arsenal,0.0,1.0,A,9.0,15.0,3.0,4.0,5.29,4.09,1.58,5.75,4.25,1.62
2026-05-11,2025,Tottenham,Leeds,1.0,1.0,D,16.0,11.0,3.0,4.0,1.82,3.82,3.92,1.86,4.1,4.1
2026-05-13,2025,Man City,Crystal Palace,3.0,0.0,H,15.0,6.0,4.0,2.0,1.19,7.03,12.75,1.22,7.5,15.0
2026-05-15,2025,Aston Villa,Liverpool,4.0,2.0,H,14.0,16.0,9.0,5.0,2.76,3.44,2.43,2.8,3.6,2.5
2026-05-17,2025,Brentford,Crystal Palace,2.0,2.0,D,14.0,16.0,3.0,5.0,1.71,4.09,4.17,1.77,4.5,4.4
2026-05-17,2025,Everton,Sunderland,1.0,3.0,A,10.0,7.0,4.0,3.0,1.81,3.63,4.18,1.83,3.75,4.35
2026-05-17,2025,Leeds,Brighton,1.0,0.0,H,7.0,19.0,1.0,8.0,3.09,3.57,2.14,3.2,3.7,2.22
2026-05-17,2025,Man United,Nott'm Forest,3.0,2.0,H,29.0,11.0,8.0,4.0,1.58,4.23,4.94,1.62,4.33,5.25
2026-05-17,2025,Newcastle,West Ham,3.0,1.0,H,15.0,15.0,7.0,8.0,2.05,3.78,3.15,2.1,4.0,3.25
2026-05-17,2025,Wolves,Fulham,1.0,1.0,D,11.0,13.0,3.0,5.0,3.68,3.78,1.87,3.8,4.0,1.95
2026-05-18,2025,Arsenal,Burnley,1.0,0.0,H,13.0,5.0,3.0,0.0,1.08,10.12,22.13,1.11,11.0,26.0
2026-05-19,2025,Bournemouth,Man City,1.0,1.0,D,10.0,14.0,2.0,5.0,4.42,4.27,1.66,4.6,4.5,1.7
2026-05-19,2025,Chelsea,Tottenham,2.0,1.0,H,9.0,9.0,4.0,3.0,1.9,3.64,3.76,1.95,3.75,4.0
2026-05-24,2025,Brighton,Man United,0.0,3.0,A,13.0,11.0,2.0,7.0,1.86,3.98,3.58,1.92,4.2,3.75
2026-05-24,2025,Burnley,Wolves,1.0,1.0,D,16.0,16.0,8.0,4.0,2.36,3.5,2.77,2.48,3.6,2.9
2026-05-24,2025,Crystal Palace,Arsenal,1.0,2.0,A,8.0,17.0,3.0,7.0,4.13,3.86,1.76,4.33,4.2,1.82
2026-05-24,2025,Fulham,Newcastle,2.0,0.0,H,21.0,7.0,6.0,2.0,2.82,3.66,2.27,2.9,3.8,2.37
2026-05-24,2025,Liverpool,Brentford,1.0,1.0,D,24.0,11.0,8.0,2.0,1.8,4.09,3.73,1.84,4.35,4.0
2026-05-24,2025,Man City,Aston Villa,1.0,2.0,A,16.0,12.0,3.0,5.0,1.28,5.93,8.39,1.31,6.25,9.5
2026-05-24,2025,Nott'm Forest,Bournemouth,1.0,1.0,D,15.0,17.0,5.0,4.0,3.19,3.72,2.05,3.3,3.9,2.1
2026-05-24,2025,Sunderland,Chelsea,2.0,1.0,H,20.0,10.0,2.0,1.0,3.47,3.59,1.99,3.65,3.75,2.05
2026-05-24,2025,Tottenham,Everton,1.0,0.0,H,21.0,8.0,6.0,3.0,1.89,3.63,3.78,1.95,3.75,4.3
2026-05-24,2025,West Ham,Leeds,3.0,0.0,H,16.0,13.0,9.0,3.0,1.82,3.9,3.75,1.88,4.2,4.0
2026-08-21,2026,Arsenal,Coventry,3.0,0.0,H,20.0,4.0,6.0,1.0,1.19,6.77,14.19,1.23,7.5,16.5
2026-08-22,2026,Brentford,Tottenham,3.0,0.0,H,26.0,9.0,8.0,4.0,2.48,3.58,2.69,3.4,3.75,2.8
2026-08-22,2026,Everton,Crystal Palace,2.0,0.0,H,16.0,11.0,5.0,4.0,2.23,3.4,3.24,3.2,3.5,3.4
2026-08-22,2026,Hull,Man United,2.0,0.0,H,8.0,21.0,4.0,5.0,8.37,4.93,1.36,9.0,5.25,1.39
2026-08-22,2026,Ipswich,Sunderland,2.0,1.0,H,10.0,11.0,3.0,4.0,2.69,3.29,2.6,2.75,3.4,2.68
2026-08-22,2026,Nott'm Forest,Leeds,0.0,1.0,A,12.0,11.0,2.0,3.0,2.27,3.35,3.1,2.35,3.5,3.4
2026-08-23,2026,Brighton,Aston Villa,4.0,0.0,H,21.0,6.0,6.0,0.0,2.19,3.54,3.08,2.25,3.6,3.15
2026-08-23,2026,Man City,Bournemouth,2.0,1.0,H,13.0,5.0,6.0,4.0,1.45,4.72,5.93,1.48,5.0,6.6
2026-08-23,2026,Newcastle,Liverpool,2.0,2.0,D,13.0,27.0,4.0,7.0,3.57,3.85,1.92,4.0,4.0,2.5
2026-08-24,2026,Fulham,Chelsea,2.0,3.0,A,14.0,18.0,6.0,6.0,3.66,3.76,1.89,3.8,4.0,1.95
2026-08-28,2026,Crystal Palace,Man City,1.0,4.0,A,9.0,18.0,1.0,9.0,4.83,3.95,1.67,5.0,4.05,1.7
2026-08-29,2026,Bournemouth,Everton,1.0,1.0,D,17.0,13.0,5.0,7.0,2.1,3.5,3.41,2.6,3.6,3.6
2026-08-29,2026,Coventry,Hull,0.0,1.0,A,11.0,6.0,3.0,2.0,1.87,3.53,4.19,1.92,3.6,4.33
2026-08-29,2026,Liverpool,Nott'm Forest,2.0,2.0,D,13.0,12.0,4.0,3.0,1.57,4.39,5.53,2.25,4.6,6.0
2026-08-29,2026,Tottenham,Newcastle,0.0,2.0,A,17.0,11.0,6.0,2.0,2.25,3.65,2.88,2.3,3.75,2.98
2026-08-30,2026,Chelsea,Brighton,4.0,3.0,H,17.0,15.0,6.0,6.0,1.82,3.85,3.93,1.88,4.0,4.0
2026-08-30,2026,Leeds,Brentford,1.0,1.0,D,12.0,22.0,2.0,5.0,2.58,3.36,2.67,2.88,3.5,2.75
2026-08-30,2026,Man United,Ipswich,5.0,2.0,H,33.0,9.0,11.0,5.0,1.4,4.82,6.94,1.43,5.0,7.8
2026-08-30,2026,Sunderland,Fulham,1.0,0.0,H,12.0,11.0,4.0,0.0,2.39,3.24,2.96,2.45,3.4,3.1
2026-08-31,2026,Aston Villa,Arsenal,0.0,1.0,A,7.0,7.0,0.0,2.0,5.99,4.11,1.52,6.5,4.2,1.55
2026-09-04,2026,Ipswich,Liverpool,0.0,2.0,A,14.0,10.0,5.0,7.0,5.48,4.8,1.5,5.8,5.0,1.54
2026-09-05,2026,Brentford,Sunderland,1.0,1.0,D,12.0,14.0,2.0,5.0,1.62,3.9,5.29,1.67,4.0,5.5
2026-09-05,2026,Brighton,Leeds,1.0,1.0,D,20.0,10.0,5.0,5.0,1.98,3.52,3.68,2.38,3.6,3.9
2026-09-05,2026,Fulham,Crystal Palace,2.0,3.0,A,25.0,10.0,6.0,5.0,2.32,3.37,3.03,3.0,3.5,3.25
2026-09-05,2026,Hull,Aston Villa,0.0,0.0,D,11.0,13.0,4.0,1.0,4.04,3.62,1.86,4.2,3.75,1.9
2026-09-05,2026,Man City,Coventry,1.0,0.0,H,15.0,12.0,4.0,3.0,1.17,7.64,13.85,1.2,8.5,15.5
2026-09-05,2026,Newcastle,Bournemouth,2.0,2.0,D,8.0,17.0,2.0,5.0,2.1,3.64,3.19,2.15,3.8,3.3
2026-09-05,2026,Nott'm Forest,Tottenham,0.0,0.0,D,12.0,11.0,2.0,0.0,2.4,3.36,2.86,2.5,3.4,2.9
2026-09-06,2026,Arsenal,Chelsea,2.0,1.0,H,16.0,13.0,9.0,5.0,1.69,3.8,4.82,1.73,4.0,5.25
2026-09-06,2026,Everton,Man United,2.0,2.0,D,18.0,14.0,6.0,3.0,3.21,3.54,2.12,3.3,3.6,2.2
2026-09-12,2026,Aston Villa,Nott'm Forest,1.0,2.0,A,7.0,22.0,5.0,7.0,2.22,3.39,3.17,2.3,3.5,3.25
2026-09-12,2026,Bournemouth,Brentford,2.0,2.0,D,20.0,8.0,10.0,2.0,2.45,3.58,2.68,2.5,3.75,2.8
2026-09-12,2026,Chelsea,Hull,2.0,2.0,D,12.0,14.0,7.0,5.0,1.21,6.5,11.92,1.23,7.0,13.0
2026-09-12,2026,Crystal Palace,Ipswich,2.0,3.0,A,11.0,12.0,4.0,6.0,1.84,3.74,3.98,1.89,3.9,4.1
2026-09-12,2026,Liverpool,Fulham,0.0,0.0,D,14.0,10.0,3.0,4.0,1.44,4.85,6.37,1.46,5.0,7.2
2026-09-12,2026,Sunderland,Arsenal,0.0,2.0,A,12.0,11.0,3.0,5.0,7.36,4.12,1.46,8.0,4.3,1.49
2026-09-12,2026,Tottenham,Everton,0.0,0.0,D,14.0,12.0,2.0,3.0,2.02,3.53,3.55,2.05,3.6,3.75
2026-09-13,2026,Coventry,Brighton,0.0,5.0,A,14.0,22.0,6.0,7.0,3.91,3.73,1.85,4.1,3.9,1.9
2026-09-13,2026,Man United,Man City,0.0,1.0,A,16.0,6.0,3.0,2.0,3.08,3.78,2.1,3.25,4.0,2.15
2026-09-14,2026,Leeds,Newcastle,4.0,1.0,H,15.0,7.0,6.0,5.0,2.38,3.45,2.81,2.5,3.6,2.88
2026-09-18,2026,Brentford,Chelsea,3.0,0.0,H,13.0,12.0,6.0,2.0,2.62,3.7,2.48,2.71,3.8,2.5
2026-09-19,2026,Brighton,Arsenal,3.0,0.0,H,17.0,11.0,5.0,2.0,4.77,3.89,1.68,5.0,4.0,1.72
2026-09-19,2026,Everton,Ipswich,1.0,0.0,H,21.0,13.0,2.0,4.0,1.76,3.79,4.36,1.8,3.9,4.75
2026-09-19,2026,Newcastle,Hull,2.0,1.0,H,12.0,22.0,5.0,4.0,1.58,4.26,5.1,1.62,4.35,5.5
2026-09-19,2026,Nott'm Forest,Coventry,0.0,1.0,A,24.0,10.0,3.0,3.0,1.58,4.02,5.54,1.6,4.2,6.0
2026-09-19,2026,Tottenham,Aston Villa,2.0,3.0,A,20.0,15.0,7.0,6.0,1.99,3.59,3.62,2.0,3.7,3.8
2026-09-20,2026,Bournemouth,Liverpool,0.0,1.0,A,9.0,12.0,2.0,3.0,3.05,3.78,2.13,3.2,3.9,2.38
2026-09-20,2026,Fulham,Man United,1.0,1.0,D,12.0,29.0,6.0,6.0,3.36,3.71,2.0,3.5,3.8,2.05
2026-09-20,2026,Leeds,Crystal Palace,0.0,0.0,D,13.0,12.0,2.0,4.0,1.74,3.79,4.49,1.8,4.0,4.9
2026-09-20,2026,Man City,Sunderland,5.0,3.0,H,16.0,17.0,6.0,9.0,1.29,5.56,9.39,1.3,6.0,11.0
